2025-10-28 12:24:09,055 | INFO | AnyIO worker thread | [air-08089284-526c-46b5-bb20-11f918ef4715] Session started: air-08089284-526c-46b5-bb20-11f918ef4715
2025-10-28 12:24:09,055 | INFO | AnyIO worker thread | [air-08089284-526c-46b5-bb20-11f918ef4715] BOT: Hello! 👋 I'm your IT Support Assistant. Please describe your issue.
2025-10-28 12:24:17,522 | INFO | MainThread | [air-08089284-526c-46b5-bb20-11f918ef4715] USER: unable to access the wifi
2025-10-28 12:24:17,522 | INFO | MainThread | [air-08089284-526c-46b5-bb20-11f918ef4715] STATE=waiting_for_query | USER='unable to access the wifi'
2025-10-28 12:24:23,734 | INFO | MainThread | [air-08089284-526c-46b5-bb20-11f918ef4715] BOT: I found these top categories for your issue — please reply with the number (1-3) of the best match:
1. Wi-Fi Issues
2. VPN & Remote Access
3. Firewall & Security Rules
2025-10-28 12:24:27,628 | INFO | MainThread | [air-08089284-526c-46b5-bb20-11f918ef4715] User exited chat manually.
2025-10-28 12:24:48,388 | INFO | AnyIO worker thread | [air-464e2d74-d043-4525-acad-23fb676f7435] Session started: air-464e2d74-d043-4525-acad-23fb676f7435
2025-10-28 12:24:48,388 | INFO | AnyIO worker thread | [air-464e2d74-d043-4525-acad-23fb676f7435] BOT: Hello! 👋 I'm your IT Support Assistant. Please describe your issue.
2025-10-28 12:25:18,668 | INFO | AnyIO worker thread | [air-850f8076-6dfe-48ab-88cc-960fe981aad5] Session started: air-850f8076-6dfe-48ab-88cc-960fe981aad5
2025-10-28 12:25:18,668 | INFO | AnyIO worker thread | [air-850f8076-6dfe-48ab-88cc-960fe981aad5] BOT: Hello! 👋 I'm your IT Support Assistant. Please describe your issue.
2025-10-28 12:25:20,112 | INFO | AnyIO worker thread | [air-854cb82e-ba08-487b-b6c5-645d402b6a66] Session started: air-854cb82e-ba08-487b-b6c5-645d402b6a66
2025-10-28 12:25:20,112 | INFO | AnyIO worker thread | [air-854cb82e-ba08-487b-b6c5-645d402b6a66] BOT: Hello! 👋 I'm your IT Support Assistant. Please describe your issue.
2025-10-28 12:25:23,888 | INFO | MainThread | [air-850f8076-6dfe-48ab-88cc-960fe981aad5] USER: wifi
2025-10-28 12:25:23,889 | INFO | MainThread | [air-850f8076-6dfe-48ab-88cc-960fe981aad5] STATE=waiting_for_query | USER='wifi'
2025-10-28 12:25:27,484 | INFO | MainThread | [air-850f8076-6dfe-48ab-88cc-960fe981aad5] BOT: I found these top categories for your issue — please reply with the number (1-3) of the best match:
1. Wi-Fi Issues
2. WAN / Internet
3. Connectivity Issues
2025-10-28 12:25:27,486 | INFO | MainThread | [air-854cb82e-ba08-487b-b6c5-645d402b6a66] USER: logs
2025-10-28 12:25:27,487 | INFO | MainThread | [air-854cb82e-ba08-487b-b6c5-645d402b6a66] STATE=waiting_for_query | USER='logs'
2025-10-28 12:25:31,596 | INFO | MainThread | [air-854cb82e-ba08-487b-b6c5-645d402b6a66] BOT: I found these top categories for your issue — please reply with the number (1-3) of the best match:
1. Unauthorized Access
2. Report Failures & Errors
3. Network Diagrams & Reports
2025-10-28 12:28:46,996 | INFO | AnyIO worker thread | [air-3f2de4eb-6424-403a-a442-3f24d43de0f3] Session started: air-3f2de4eb-6424-403a-a442-3f24d43de0f3
2025-10-28 12:28:46,996 | INFO | AnyIO worker thread | [air-3f2de4eb-6424-403a-a442-3f24d43de0f3] BOT: Hello! 👋 I'm your IT Support Assistant. Please describe your issue.
2025-10-28 12:28:47,001 | INFO | MainThread | [air-3f2de4eb-6424-403a-a442-3f24d43de0f3] USER: need access for D365
2025-10-28 12:28:47,001 | INFO | MainThread | [air-3f2de4eb-6424-403a-a442-3f24d43de0f3] STATE=waiting_for_query | USER='need access for D365'
2025-10-28 12:28:51,685 | INFO | MainThread | [air-3f2de4eb-6424-403a-a442-3f24d43de0f3] BOT: I found these top categories for your issue — please reply with the number (1-3) of the best match:
1. External System Interfaces
2. Email & Collaboration
3. Mailbox & Group Emails
2025-10-28 12:28:51,691 | INFO | MainThread | [air-3f2de4eb-6424-403a-a442-3f24d43de0f3] USER: 1
2025-10-28 12:28:51,691 | INFO | MainThread | [air-3f2de4eb-6424-403a-a442-3f24d43de0f3] STATE=waiting_for_category | USER='1'
2025-10-28 12:28:53,232 | INFO | MainThread | [air-3f2de4eb-6424-403a-a442-3f24d43de0f3] BOT: Is this for access to data or apps?
2025-10-28 12:28:53,236 | INFO | MainThread | [air-3f2de4eb-6424-403a-a442-3f24d43de0f3] USER: No
2025-10-28 12:28:53,236 | INFO | MainThread | [air-3f2de4eb-6424-403a-a442-3f24d43de0f3] STATE=waiting_q1 | USER='No'
2025-10-28 12:28:54,946 | INFO | MainThread | [air-3f2de4eb-6424-403a-a442-3f24d43de0f3] BOT: Is this for a single app or multiple?
2025-10-28 12:28:55,952 | INFO | MainThread | [air-3f2de4eb-6424-403a-a442-3f24d43de0f3] USER: Yes
2025-10-28 12:28:55,952 | INFO | MainThread | [air-3f2de4eb-6424-403a-a442-3f24d43de0f3] STATE=waiting_q2 | USER='Yes'
2025-10-28 12:28:58,245 | INFO | MainThread | [air-3f2de4eb-6424-403a-a442-3f24d43de0f3] BOT: Have you confirmed the specific D365 environment (e.g., production, sandbox) and user role requirements?
2025-10-28 12:28:59,254 | INFO | MainThread | [air-3f2de4eb-6424-403a-a442-3f24d43de0f3] USER: Access request pending
2025-10-28 12:28:59,254 | INFO | MainThread | [air-3f2de4eb-6424-403a-a442-3f24d43de0f3] STATE=waiting_q3 | USER='Access request pending'
2025-10-28 12:28:59,254 | INFO | MainThread | [air-3f2de4eb-6424-403a-a442-3f24d43de0f3] BOT: Please provide some more context or details about the issue, in form of text or screenshots. (optional)
2025-10-28 12:29:00,274 | INFO | MainThread | [air-3f2de4eb-6424-403a-a442-3f24d43de0f3] USER: None
2025-10-28 12:29:00,274 | INFO | MainThread | [air-3f2de4eb-6424-403a-a442-3f24d43de0f3] STATE=waiting_q4 | USER='None'
2025-10-28 12:29:01,692 | INFO | MainThread | [air-3f2de4eb-6424-403a-a442-3f24d43de0f3] BOT: Ticket creation returned: 401 - {"errorMessages":["You do not have permission to create issues in this project."],"errors":{}}

✅ Everything is done! Your issue has been processed successfully.
💬 You can start a new chat if you'd like to raise another ticket. | NEXT_STATE: final
2025-10-28 12:29:01,694 | INFO | MainThread | [air-3f2de4eb-6424-403a-a442-3f24d43de0f3] BOT: Ticket creation returned: 401 - {"errorMessages":["You do not have permission to create issues in this project."],"errors":{}}
2025-10-28 12:29:01,694 | INFO | MainThread | [air-3f2de4eb-6424-403a-a442-3f24d43de0f3] Session completed: air-3f2de4eb-6424-403a-a442-3f24d43de0f3
2025-10-28 12:29:11,698 | INFO | ThreadPoolExecutor-1_0 | [air-3f2de4eb-6424-403a-a442-3f24d43de0f3] Session data cleaned up: air-3f2de4eb-6424-403a-a442-3f24d43de0f3
2025-10-28 12:30:20,541 | INFO | AnyIO worker thread | [air-f43edc10-afc7-4fbb-b74e-b3ee3c8db736] Session started: air-f43edc10-afc7-4fbb-b74e-b3ee3c8db736
2025-10-28 12:30:20,542 | INFO | AnyIO worker thread | [air-f43edc10-afc7-4fbb-b74e-b3ee3c8db736] BOT: Hello! 👋 I'm your IT Support Assistant. Please describe your issue.
2025-10-28 12:30:20,543 | INFO | AnyIO worker thread | [air-f9466e84-acb8-4c2a-b8e2-093b31dd2b84] Session started: air-f9466e84-acb8-4c2a-b8e2-093b31dd2b84
2025-10-28 12:30:20,543 | INFO | AnyIO worker thread | [air-f9466e84-acb8-4c2a-b8e2-093b31dd2b84] BOT: Hello! 👋 I'm your IT Support Assistant. Please describe your issue.
2025-10-28 12:30:20,544 | INFO | AnyIO worker thread | [air-52df4042-befb-4b0b-8891-4c24b77d2bbe] Session started: air-52df4042-befb-4b0b-8891-4c24b77d2bbe
2025-10-28 12:30:20,544 | INFO | AnyIO worker thread | [air-52df4042-befb-4b0b-8891-4c24b77d2bbe] BOT: Hello! 👋 I'm your IT Support Assistant. Please describe your issue.
2025-10-28 12:31:11,040 | INFO | AnyIO worker thread | [air-41b6366c-0fb7-493a-b45b-3d83aab4610a] Session started: air-41b6366c-0fb7-493a-b45b-3d83aab4610a
2025-10-28 12:31:11,040 | INFO | AnyIO worker thread | [air-41b6366c-0fb7-493a-b45b-3d83aab4610a] BOT: Hello! 👋 I'm your IT Support Assistant. Please describe your issue.
2025-10-28 12:31:11,046 | INFO | MainThread | [air-41b6366c-0fb7-493a-b45b-3d83aab4610a] USER: need access for D365
2025-10-28 12:31:11,047 | INFO | MainThread | [air-41b6366c-0fb7-493a-b45b-3d83aab4610a] STATE=waiting_for_query | USER='need access for D365'
2025-10-28 12:31:11,064 | INFO | AnyIO worker thread | [air-b2afdf24-c71d-462d-90f5-c21276afcb35] Session started: air-b2afdf24-c71d-462d-90f5-c21276afcb35
2025-10-28 12:31:11,066 | INFO | AnyIO worker thread | [air-b2afdf24-c71d-462d-90f5-c21276afcb35] BOT: Hello! 👋 I'm your IT Support Assistant. Please describe your issue.
2025-10-28 12:31:11,954 | INFO | AnyIO worker thread | [air-fc0a839a-9f4b-486e-854c-3e8f98ddb34d] Session started: air-fc0a839a-9f4b-486e-854c-3e8f98ddb34d
2025-10-28 12:31:11,954 | INFO | AnyIO worker thread | [air-fc0a839a-9f4b-486e-854c-3e8f98ddb34d] BOT: Hello! 👋 I'm your IT Support Assistant. Please describe your issue.
2025-10-28 12:31:21,621 | INFO | MainThread | [air-41b6366c-0fb7-493a-b45b-3d83aab4610a] BOT: I found these top categories for your issue — please reply with the number (1-3) of the best match:
1. External System Interfaces
2. Email & Collaboration
3. Mailbox & Group Emails
2025-10-28 12:31:21,626 | INFO | MainThread | [air-41b6366c-0fb7-493a-b45b-3d83aab4610a] USER: 1
2025-10-28 12:31:21,627 | INFO | MainThread | [air-41b6366c-0fb7-493a-b45b-3d83aab4610a] STATE=waiting_for_category | USER='1'
2025-10-28 12:31:23,111 | INFO | MainThread | [air-41b6366c-0fb7-493a-b45b-3d83aab4610a] BOT: Is this for access or setup?
2025-10-28 12:31:23,114 | INFO | MainThread | [air-b2afdf24-c71d-462d-90f5-c21276afcb35] USER: unable to connect to wifi
2025-10-28 12:31:23,114 | INFO | MainThread | [air-b2afdf24-c71d-462d-90f5-c21276afcb35] STATE=waiting_for_query | USER='unable to connect to wifi'
2025-10-28 12:31:27,913 | INFO | MainThread | [air-b2afdf24-c71d-462d-90f5-c21276afcb35] BOT: I found these top categories for your issue — please reply with the number (1-3) of the best match:
1. Wi-Fi Issues
2. Certificates & DNS
3. VPN Access & Connectivity
2025-10-28 12:31:27,915 | INFO | MainThread | [air-fc0a839a-9f4b-486e-854c-3e8f98ddb34d] USER: laptop is running slow
2025-10-28 12:31:27,916 | INFO | MainThread | [air-fc0a839a-9f4b-486e-854c-3e8f98ddb34d] STATE=waiting_for_query | USER='laptop is running slow'
2025-10-28 12:31:32,329 | INFO | MainThread | [air-fc0a839a-9f4b-486e-854c-3e8f98ddb34d] BOT: I found these top categories for your issue — please reply with the number (1-3) of the best match:
1. Laptop Issues
2. WAN / Internet
3. Network Performance
2025-10-28 12:31:32,331 | INFO | MainThread | [air-b2afdf24-c71d-462d-90f5-c21276afcb35] USER: 2
2025-10-28 12:31:32,332 | INFO | MainThread | [air-b2afdf24-c71d-462d-90f5-c21276afcb35] STATE=waiting_for_category | USER='2'
2025-10-28 12:31:33,985 | INFO | MainThread | [air-b2afdf24-c71d-462d-90f5-c21276afcb35] BOT: Is the Wi-Fi name or password correct?
2025-10-28 12:31:33,987 | INFO | MainThread | [air-41b6366c-0fb7-493a-b45b-3d83aab4610a] USER: auto_answer_1_2
2025-10-28 12:31:33,987 | INFO | MainThread | [air-41b6366c-0fb7-493a-b45b-3d83aab4610a] STATE=waiting_q1 | USER='auto_answer_1_2'
2025-10-28 12:31:35,811 | INFO | MainThread | [air-41b6366c-0fb7-493a-b45b-3d83aab4610a] BOT: Is this for a single user or multiple?
2025-10-28 12:31:35,813 | INFO | MainThread | [air-b2afdf24-c71d-462d-90f5-c21276afcb35] USER: auto_answer_1_1
2025-10-28 12:31:35,814 | INFO | MainThread | [air-b2afdf24-c71d-462d-90f5-c21276afcb35] STATE=waiting_q1 | USER='auto_answer_1_1'
2025-10-28 12:31:37,443 | INFO | MainThread | [air-b2afdf24-c71d-462d-90f5-c21276afcb35] BOT: Is the device connected to the correct network?
2025-10-28 12:31:37,444 | INFO | MainThread | [air-fc0a839a-9f4b-486e-854c-3e8f98ddb34d] USER: 1
2025-10-28 12:31:37,444 | INFO | MainThread | [air-fc0a839a-9f4b-486e-854c-3e8f98ddb34d] STATE=waiting_for_category | USER='1'
2025-10-28 12:31:38,845 | INFO | MainThread | [air-fc0a839a-9f4b-486e-854c-3e8f98ddb34d] BOT: Is it just one app or the whole system?
2025-10-28 12:31:38,848 | INFO | MainThread | [air-b2afdf24-c71d-462d-90f5-c21276afcb35] USER: auto_answer_2_1
2025-10-28 12:31:38,848 | INFO | MainThread | [air-b2afdf24-c71d-462d-90f5-c21276afcb35] STATE=waiting_q2 | USER='auto_answer_2_1'
2025-10-28 12:31:40,946 | INFO | MainThread | [air-b2afdf24-c71d-462d-90f5-c21276afcb35] BOT: Have you tried restarting the device or the router?
2025-10-28 12:31:40,948 | INFO | MainThread | [air-41b6366c-0fb7-493a-b45b-3d83aab4610a] USER: auto_answer_2_2
2025-10-28 12:31:40,948 | INFO | MainThread | [air-41b6366c-0fb7-493a-b45b-3d83aab4610a] STATE=waiting_q2 | USER='auto_answer_2_2'
2025-10-28 12:31:42,947 | INFO | MainThread | [air-41b6366c-0fb7-493a-b45b-3d83aab4610a] BOT: Have you verified the D365 environment permissions and user roles?
2025-10-28 12:31:42,949 | INFO | MainThread | [air-b2afdf24-c71d-462d-90f5-c21276afcb35] USER: auto_answer_3_1
2025-10-28 12:31:42,950 | INFO | MainThread | [air-b2afdf24-c71d-462d-90f5-c21276afcb35] STATE=waiting_q3 | USER='auto_answer_3_1'
2025-10-28 12:31:42,950 | INFO | MainThread | [air-b2afdf24-c71d-462d-90f5-c21276afcb35] BOT: Please provide some more context or details about the issue, in form of text or screenshots. (optional)
2025-10-28 12:31:42,951 | INFO | MainThread | [air-fc0a839a-9f4b-486e-854c-3e8f98ddb34d] USER: auto_answer_1_3
2025-10-28 12:31:42,952 | INFO | MainThread | [air-fc0a839a-9f4b-486e-854c-3e8f98ddb34d] STATE=waiting_q1 | USER='auto_answer_1_3'
2025-10-28 12:31:44,448 | INFO | MainThread | [air-fc0a839a-9f4b-486e-854c-3e8f98ddb34d] BOT: Does it freeze randomly?
2025-10-28 12:31:44,450 | INFO | MainThread | [air-b2afdf24-c71d-462d-90f5-c21276afcb35] USER: auto_answer_4_1
2025-10-28 12:31:44,450 | INFO | MainThread | [air-b2afdf24-c71d-462d-90f5-c21276afcb35] STATE=waiting_q4 | USER='auto_answer_4_1'
2025-10-28 12:31:45,752 | INFO | MainThread | [air-b2afdf24-c71d-462d-90f5-c21276afcb35] BOT: Ticket creation returned: 401 - {"errorMessages":["You do not have permission to create issues in this project."],"errors":{}}

✅ Everything is done! Your issue has been processed successfully.
💬 You can start a new chat if you'd like to raise another ticket. | NEXT_STATE: final
2025-10-28 12:31:45,755 | INFO | MainThread | [air-b2afdf24-c71d-462d-90f5-c21276afcb35] BOT: Ticket creation returned: 401 - {"errorMessages":["You do not have permission to create issues in this project."],"errors":{}}
2025-10-28 12:31:45,755 | INFO | MainThread | [air-b2afdf24-c71d-462d-90f5-c21276afcb35] Session completed: air-b2afdf24-c71d-462d-90f5-c21276afcb35
2025-10-28 12:31:45,756 | INFO | MainThread | [air-41b6366c-0fb7-493a-b45b-3d83aab4610a] USER: auto_answer_3_2
2025-10-28 12:31:45,756 | INFO | MainThread | [air-41b6366c-0fb7-493a-b45b-3d83aab4610a] STATE=waiting_q3 | USER='auto_answer_3_2'
2025-10-28 12:31:45,756 | INFO | MainThread | [air-41b6366c-0fb7-493a-b45b-3d83aab4610a] BOT: Please provide some more context or details about the issue, in form of text or screenshots. (optional)
2025-10-28 12:31:45,758 | INFO | MainThread | [air-fc0a839a-9f4b-486e-854c-3e8f98ddb34d] USER: auto_answer_2_3
2025-10-28 12:31:45,758 | INFO | MainThread | [air-fc0a839a-9f4b-486e-854c-3e8f98ddb34d] STATE=waiting_q2 | USER='auto_answer_2_3'
2025-10-28 12:31:47,623 | INFO | MainThread | [air-fc0a839a-9f4b-486e-854c-3e8f98ddb34d] BOT: Have you recently installed any new software or updates?
2025-10-28 12:31:47,625 | INFO | MainThread | [air-41b6366c-0fb7-493a-b45b-3d83aab4610a] USER: auto_answer_4_2
2025-10-28 12:31:47,625 | INFO | MainThread | [air-41b6366c-0fb7-493a-b45b-3d83aab4610a] STATE=waiting_q4 | USER='auto_answer_4_2'
2025-10-28 12:31:48,910 | INFO | MainThread | [air-41b6366c-0fb7-493a-b45b-3d83aab4610a] BOT: Ticket creation returned: 401 - {"errorMessages":["You do not have permission to create issues in this project."],"errors":{}}

✅ Everything is done! Your issue has been processed successfully.
💬 You can start a new chat if you'd like to raise another ticket. | NEXT_STATE: final
2025-10-28 12:31:48,911 | INFO | MainThread | [air-41b6366c-0fb7-493a-b45b-3d83aab4610a] BOT: Ticket creation returned: 401 - {"errorMessages":["You do not have permission to create issues in this project."],"errors":{}}
2025-10-28 12:31:48,911 | INFO | MainThread | [air-41b6366c-0fb7-493a-b45b-3d83aab4610a] Session completed: air-41b6366c-0fb7-493a-b45b-3d83aab4610a
2025-10-28 12:31:48,914 | INFO | MainThread | [air-fc0a839a-9f4b-486e-854c-3e8f98ddb34d] USER: auto_answer_3_3
2025-10-28 12:31:48,915 | INFO | MainThread | [air-fc0a839a-9f4b-486e-854c-3e8f98ddb34d] STATE=waiting_q3 | USER='auto_answer_3_3'
2025-10-28 12:31:48,915 | INFO | MainThread | [air-fc0a839a-9f4b-486e-854c-3e8f98ddb34d] BOT: Please provide some more context or details about the issue, in form of text or screenshots. (optional)
2025-10-28 12:31:48,918 | INFO | MainThread | [air-fc0a839a-9f4b-486e-854c-3e8f98ddb34d] USER: auto_answer_4_3
2025-10-28 12:31:48,918 | INFO | MainThread | [air-fc0a839a-9f4b-486e-854c-3e8f98ddb34d] STATE=waiting_q4 | USER='auto_answer_4_3'
2025-10-28 12:31:49,482 | INFO | MainThread | [air-fc0a839a-9f4b-486e-854c-3e8f98ddb34d] BOT: Ticket creation returned: 401 - {"errorMessages":["You do not have permission to create issues in this project."],"errors":{}}

✅ Everything is done! Your issue has been processed successfully.
💬 You can start a new chat if you'd like to raise another ticket. | NEXT_STATE: final
2025-10-28 12:31:49,483 | INFO | MainThread | [air-fc0a839a-9f4b-486e-854c-3e8f98ddb34d] BOT: Ticket creation returned: 401 - {"errorMessages":["You do not have permission to create issues in this project."],"errors":{}}
2025-10-28 12:31:49,483 | INFO | MainThread | [air-fc0a839a-9f4b-486e-854c-3e8f98ddb34d] Session completed: air-fc0a839a-9f4b-486e-854c-3e8f98ddb34d
2025-10-28 12:31:55,756 | INFO | ThreadPoolExecutor-1_0 | [air-b2afdf24-c71d-462d-90f5-c21276afcb35] Session data cleaned up: air-b2afdf24-c71d-462d-90f5-c21276afcb35
2025-10-28 12:31:58,923 | INFO | ThreadPoolExecutor-1_1 | [air-41b6366c-0fb7-493a-b45b-3d83aab4610a] Session data cleaned up: air-41b6366c-0fb7-493a-b45b-3d83aab4610a
2025-10-28 12:31:59,494 | INFO | ThreadPoolExecutor-1_2 | [air-fc0a839a-9f4b-486e-854c-3e8f98ddb34d] Session data cleaned up: air-fc0a839a-9f4b-486e-854c-3e8f98ddb34d
2025-10-28 12:36:00,001 | INFO | MainThread | [global] 🚀 Starting IT Support Chatbot API...
2025-10-28 12:36:00,003 | INFO | MainThread | [global] ✅ Readiness check passed — env, dataset, and model cache OK.
2025-10-28 12:36:00,004 | INFO | MainThread | [global] 🧹 Background cleanup task started.
2025-10-28 12:36:06,062 | INFO | AnyIO worker thread | [global] 🆕 New session started: air-4074f88d-eead-418f-893f-c8348df0022c
2025-10-28 12:36:16,538 | INFO | MainThread | [global] [air-4074f88d-eead-418f-893f-c8348df0022c] USER: unable to access wifi network
2025-10-28 12:36:16,538 | INFO | MainThread | [air-4074f88d-eead-418f-893f-c8348df0022c] STATE=waiting_for_query | USER='unable to access wifi network'
2025-10-28 12:36:24,382 | INFO | MainThread | [global] [air-4074f88d-eead-418f-893f-c8348df0022c] BOT: I found these top categories for your issue — please reply with the number (1-3) of the best match:
1. Wi-Fi Issues
2. VPN & Remote Access
3. Firewall & Security Rules
2025-10-28 12:36:27,487 | INFO | MainThread | [global] [air-4074f88d-eead-418f-893f-c8348df0022c] USER: Wi-Fi Issues
2025-10-28 12:36:27,487 | INFO | MainThread | [air-4074f88d-eead-418f-893f-c8348df0022c] STATE=waiting_for_category | USER='Wi-Fi Issues'
2025-10-28 12:36:28,880 | INFO | MainThread | [global] [air-4074f88d-eead-418f-893f-c8348df0022c] BOT: Is your device connected to the network?
2025-10-28 12:36:40,971 | INFO | MainThread | [global] [air-4074f88d-eead-418f-893f-c8348df0022c] USER: yes
2025-10-28 12:36:40,972 | INFO | MainThread | [air-4074f88d-eead-418f-893f-c8348df0022c] STATE=waiting_q1 | USER='yes'
2025-10-28 12:36:43,190 | INFO | MainThread | [global] [air-4074f88d-eead-418f-893f-c8348df0022c] BOT: Is the Wi-Fi working on other devices?
2025-10-28 12:36:56,466 | INFO | MainThread | [global] [air-4074f88d-eead-418f-893f-c8348df0022c] USER: yes it is working
2025-10-28 12:36:56,466 | INFO | MainThread | [air-4074f88d-eead-418f-893f-c8348df0022c] STATE=waiting_q2 | USER='yes it is working'
2025-10-28 12:36:58,973 | INFO | MainThread | [global] [air-4074f88d-eead-418f-893f-c8348df0022c] BOT: Have you tried forgetting the network and reconnecting?
2025-10-28 12:37:04,993 | INFO | MainThread | [global] [air-4074f88d-eead-418f-893f-c8348df0022c] USER: yes i did
2025-10-28 12:37:04,994 | INFO | MainThread | [air-4074f88d-eead-418f-893f-c8348df0022c] STATE=waiting_q3 | USER='yes i did'
2025-10-28 12:37:04,994 | INFO | MainThread | [global] [air-4074f88d-eead-418f-893f-c8348df0022c] BOT: Please provide some more context or details about the issue, in form of text or screenshots. (optional)
2025-10-28 12:37:09,358 | INFO | MainThread | [global] [air-4074f88d-eead-418f-893f-c8348df0022c] USER: no
2025-10-28 12:37:09,359 | INFO | MainThread | [air-4074f88d-eead-418f-893f-c8348df0022c] STATE=waiting_q4 | USER='no'
2025-10-28 12:37:11,128 | INFO | MainThread | [air-4074f88d-eead-418f-893f-c8348df0022c] BOT: Ticket creation returned: 401 - {"errorMessages":["You do not have permission to create issues in this project."],"errors":{}}

✅ Everything is done! Your issue has been processed successfully.
💬 You can start a new chat if you'd like to raise another ticket. | NEXT_STATE: final
2025-10-28 12:37:11,130 | INFO | MainThread | [global] [air-4074f88d-eead-418f-893f-c8348df0022c] BOT: Ticket creation returned: 401 - {"errorMessages":["You do not have permission to create issues in this project."],"errors":{}}
2025-10-28 12:37:11,130 | INFO | MainThread | [global] [air-4074f88d-eead-418f-893f-c8348df0022c] ✅ Chat completed.
2025-10-28 12:37:21,147 | INFO | ThreadPoolExecutor-1_0 | [global] Session air-4074f88d-eead-418f-893f-c8348df0022c cleaned up after completion.
2025-10-28 12:37:47,021 | INFO | MainThread | [global] 🔻 Shutting down API...
2025-10-28 12:37:47,021 | INFO | MainThread | [global] ✅ Shutdown cleanup complete.
2025-10-28 12:37:55,382 | INFO | MainThread | [global] 🚀 Starting IT Support Chatbot API...
2025-10-28 12:37:55,384 | INFO | MainThread | [global] ✅ Readiness check passed — env, dataset, and model cache OK.
2025-10-28 12:37:55,384 | INFO | MainThread | [global] 🧹 Background cleanup task started.
2025-10-28 12:37:56,445 | INFO | AnyIO worker thread | [global] 🆕 New session started: air-2e048f5f-0859-4fb0-acff-8da2e8a60afd
2025-10-28 12:37:56,492 | INFO | AnyIO worker thread | [global] 🆕 New session started: air-3e61282c-99e4-4a7f-9e5f-b36745936ab2
2025-10-28 12:37:56,555 | INFO | AnyIO worker thread | [global] 🆕 New session started: air-844ba114-752d-4c14-9b0a-05b6bb89a167
2025-10-28 12:37:58,562 | INFO | MainThread | [global] [air-2e048f5f-0859-4fb0-acff-8da2e8a60afd] USER: laptop is running slow
2025-10-28 12:37:58,562 | INFO | MainThread | [air-2e048f5f-0859-4fb0-acff-8da2e8a60afd] STATE=waiting_for_query | USER='laptop is running slow'
2025-10-28 12:38:05,172 | INFO | MainThread | [global] [air-2e048f5f-0859-4fb0-acff-8da2e8a60afd] BOT: I found these top categories for your issue — please reply with the number (1-3) of the best match:
1. Laptop Issues
2. WAN / Internet
3. Network Performance
2025-10-28 12:38:05,174 | INFO | MainThread | [global] [air-3e61282c-99e4-4a7f-9e5f-b36745936ab2] USER: need access for D365
2025-10-28 12:38:05,174 | INFO | MainThread | [air-3e61282c-99e4-4a7f-9e5f-b36745936ab2] STATE=waiting_for_query | USER='need access for D365'
2025-10-28 12:38:09,717 | INFO | MainThread | [global] [air-3e61282c-99e4-4a7f-9e5f-b36745936ab2] BOT: I found these top categories for your issue — please reply with the number (1-3) of the best match:
1. External System Interfaces
2. Email & Collaboration
3. Mailbox & Group Emails
2025-10-28 12:38:09,718 | INFO | MainThread | [global] [air-844ba114-752d-4c14-9b0a-05b6bb89a167] USER: unable to connect to wifi
2025-10-28 12:38:09,718 | INFO | MainThread | [air-844ba114-752d-4c14-9b0a-05b6bb89a167] STATE=waiting_for_query | USER='unable to connect to wifi'
2025-10-28 12:38:13,434 | INFO | MainThread | [global] [air-844ba114-752d-4c14-9b0a-05b6bb89a167] BOT: I found these top categories for your issue — please reply with the number (1-3) of the best match:
1. Wi-Fi Issues
2. Certificates & DNS
3. VPN Access & Connectivity
2025-10-28 12:38:13,436 | INFO | MainThread | [global] [air-3e61282c-99e4-4a7f-9e5f-b36745936ab2] USER: 1
2025-10-28 12:38:13,436 | INFO | MainThread | [air-3e61282c-99e4-4a7f-9e5f-b36745936ab2] STATE=waiting_for_category | USER='1'
2025-10-28 12:38:14,864 | INFO | MainThread | [global] [air-3e61282c-99e4-4a7f-9e5f-b36745936ab2] BOT: Is this for access or setup?
2025-10-28 12:38:14,865 | INFO | MainThread | [global] [air-2e048f5f-0859-4fb0-acff-8da2e8a60afd] USER: 3
2025-10-28 12:38:14,865 | INFO | MainThread | [air-2e048f5f-0859-4fb0-acff-8da2e8a60afd] STATE=waiting_for_category | USER='3'
2025-10-28 12:38:16,346 | INFO | MainThread | [global] [air-2e048f5f-0859-4fb0-acff-8da2e8a60afd] BOT: Is it just the laptop, or are other devices slow too?
2025-10-28 12:38:16,348 | INFO | MainThread | [global] [air-3e61282c-99e4-4a7f-9e5f-b36745936ab2] USER: auto_answer_1_2
2025-10-28 12:38:16,348 | INFO | MainThread | [air-3e61282c-99e4-4a7f-9e5f-b36745936ab2] STATE=waiting_q1 | USER='auto_answer_1_2'
2025-10-28 12:38:18,189 | INFO | MainThread | [global] [air-3e61282c-99e4-4a7f-9e5f-b36745936ab2] BOT: Is this for a single user or multiple?
2025-10-28 12:38:18,190 | INFO | MainThread | [global] [air-844ba114-752d-4c14-9b0a-05b6bb89a167] USER: 2
2025-10-28 12:38:18,190 | INFO | MainThread | [air-844ba114-752d-4c14-9b0a-05b6bb89a167] STATE=waiting_for_category | USER='2'
2025-10-28 12:38:19,548 | INFO | MainThread | [global] [air-844ba114-752d-4c14-9b0a-05b6bb89a167] BOT: Is the Wi-Fi name or password correct?
2025-10-28 12:38:19,550 | INFO | MainThread | [global] [air-2e048f5f-0859-4fb0-acff-8da2e8a60afd] USER: auto_answer_1_3
2025-10-28 12:38:19,550 | INFO | MainThread | [air-2e048f5f-0859-4fb0-acff-8da2e8a60afd] STATE=waiting_q1 | USER='auto_answer_1_3'
2025-10-28 12:38:21,424 | INFO | MainThread | [global] [air-2e048f5f-0859-4fb0-acff-8da2e8a60afd] BOT: Is this affecting specific apps or the whole system?
2025-10-28 12:38:21,425 | INFO | MainThread | [global] [air-3e61282c-99e4-4a7f-9e5f-b36745936ab2] USER: auto_answer_2_2
2025-10-28 12:38:21,426 | INFO | MainThread | [air-3e61282c-99e4-4a7f-9e5f-b36745936ab2] STATE=waiting_q2 | USER='auto_answer_2_2'
2025-10-28 12:38:24,091 | INFO | MainThread | [global] [air-3e61282c-99e4-4a7f-9e5f-b36745936ab2] BOT: Have you confirmed the specific D365 environment (e.g., production, sandbox) and the exact access type (e.g., user license, API access, role-based)?
2025-10-28 12:38:24,093 | INFO | MainThread | [global] [air-844ba114-752d-4c14-9b0a-05b6bb89a167] USER: auto_answer_1_1
2025-10-28 12:38:24,093 | INFO | MainThread | [air-844ba114-752d-4c14-9b0a-05b6bb89a167] STATE=waiting_q1 | USER='auto_answer_1_1'
2025-10-28 12:38:25,714 | INFO | MainThread | [global] [air-844ba114-752d-4c14-9b0a-05b6bb89a167] BOT: Is the device connected to the correct network?
2025-10-28 12:38:25,716 | INFO | MainThread | [global] [air-3e61282c-99e4-4a7f-9e5f-b36745936ab2] USER: auto_answer_3_2
2025-10-28 12:38:25,717 | INFO | MainThread | [air-3e61282c-99e4-4a7f-9e5f-b36745936ab2] STATE=waiting_q3 | USER='auto_answer_3_2'
2025-10-28 12:38:25,717 | INFO | MainThread | [global] [air-3e61282c-99e4-4a7f-9e5f-b36745936ab2] BOT: Please provide some more context or details about the issue, in form of text or screenshots. (optional)
2025-10-28 12:38:25,718 | INFO | MainThread | [global] [air-2e048f5f-0859-4fb0-acff-8da2e8a60afd] USER: auto_answer_2_3
2025-10-28 12:38:25,718 | INFO | MainThread | [air-2e048f5f-0859-4fb0-acff-8da2e8a60afd] STATE=waiting_q2 | USER='auto_answer_2_3'
2025-10-28 12:38:27,900 | INFO | MainThread | [global] [air-2e048f5f-0859-4fb0-acff-8da2e8a60afd] BOT: Have you checked the task manager or activity monitor for any specific processes using high CPU or memory?
2025-10-28 12:38:27,901 | INFO | MainThread | [global] [air-3e61282c-99e4-4a7f-9e5f-b36745936ab2] USER: auto_answer_4_2
2025-10-28 12:38:27,901 | INFO | MainThread | [air-3e61282c-99e4-4a7f-9e5f-b36745936ab2] STATE=waiting_q4 | USER='auto_answer_4_2'
2025-10-28 12:38:28,862 | INFO | MainThread | [air-3e61282c-99e4-4a7f-9e5f-b36745936ab2] BOT: Ticket creation returned: 401 - {"errorMessages":["You do not have permission to create issues in this project."],"errors":{}}

✅ Everything is done! Your issue has been processed successfully.
💬 You can start a new chat if you'd like to raise another ticket. | NEXT_STATE: final
2025-10-28 12:38:28,863 | INFO | MainThread | [global] [air-3e61282c-99e4-4a7f-9e5f-b36745936ab2] BOT: Ticket creation returned: 401 - {"errorMessages":["You do not have permission to create issues in this project."],"errors":{}}
2025-10-28 12:38:28,863 | INFO | MainThread | [global] [air-3e61282c-99e4-4a7f-9e5f-b36745936ab2] ✅ Chat completed.
2025-10-28 12:38:28,866 | INFO | MainThread | [global] [air-844ba114-752d-4c14-9b0a-05b6bb89a167] USER: auto_answer_2_1
2025-10-28 12:38:28,866 | INFO | MainThread | [air-844ba114-752d-4c14-9b0a-05b6bb89a167] STATE=waiting_q2 | USER='auto_answer_2_1'
2025-10-28 12:38:30,731 | INFO | MainThread | [global] [air-844ba114-752d-4c14-9b0a-05b6bb89a167] BOT: Have you tried restarting the device or the router?
2025-10-28 12:38:30,733 | INFO | MainThread | [global] [air-2e048f5f-0859-4fb0-acff-8da2e8a60afd] USER: auto_answer_3_3
2025-10-28 12:38:30,734 | INFO | MainThread | [air-2e048f5f-0859-4fb0-acff-8da2e8a60afd] STATE=waiting_q3 | USER='auto_answer_3_3'
2025-10-28 12:38:30,734 | INFO | MainThread | [global] [air-2e048f5f-0859-4fb0-acff-8da2e8a60afd] BOT: Please provide some more context or details about the issue, in form of text or screenshots. (optional)
2025-10-28 12:38:31,938 | INFO | MainThread | [global] [air-2e048f5f-0859-4fb0-acff-8da2e8a60afd] USER: auto_answer_4_3
2025-10-28 12:38:31,938 | INFO | MainThread | [air-2e048f5f-0859-4fb0-acff-8da2e8a60afd] STATE=waiting_q4 | USER='auto_answer_4_3'
2025-10-28 12:38:33,118 | INFO | MainThread | [air-2e048f5f-0859-4fb0-acff-8da2e8a60afd] BOT: Ticket creation returned: 401 - {"errorMessages":["You do not have permission to create issues in this project."],"errors":{}}

✅ Everything is done! Your issue has been processed successfully.
💬 You can start a new chat if you'd like to raise another ticket. | NEXT_STATE: final
2025-10-28 12:38:33,119 | INFO | MainThread | [global] [air-2e048f5f-0859-4fb0-acff-8da2e8a60afd] BOT: Ticket creation returned: 401 - {"errorMessages":["You do not have permission to create issues in this project."],"errors":{}}
2025-10-28 12:38:33,119 | INFO | MainThread | [global] [air-2e048f5f-0859-4fb0-acff-8da2e8a60afd] ✅ Chat completed.
2025-10-28 12:38:33,121 | INFO | MainThread | [global] [air-844ba114-752d-4c14-9b0a-05b6bb89a167] USER: auto_answer_3_1
2025-10-28 12:38:33,122 | INFO | MainThread | [air-844ba114-752d-4c14-9b0a-05b6bb89a167] STATE=waiting_q3 | USER='auto_answer_3_1'
2025-10-28 12:38:33,122 | INFO | MainThread | [global] [air-844ba114-752d-4c14-9b0a-05b6bb89a167] BOT: Please provide some more context or details about the issue, in form of text or screenshots. (optional)
2025-10-28 12:38:35,485 | INFO | MainThread | [global] [air-844ba114-752d-4c14-9b0a-05b6bb89a167] USER: auto_answer_4_1
2025-10-28 12:38:35,485 | INFO | MainThread | [air-844ba114-752d-4c14-9b0a-05b6bb89a167] STATE=waiting_q4 | USER='auto_answer_4_1'
2025-10-28 12:38:36,340 | INFO | MainThread | [air-844ba114-752d-4c14-9b0a-05b6bb89a167] BOT: Ticket creation returned: 401 - {"errorMessages":["You do not have permission to create issues in this project."],"errors":{}}

✅ Everything is done! Your issue has been processed successfully.
💬 You can start a new chat if you'd like to raise another ticket. | NEXT_STATE: final
2025-10-28 12:38:36,341 | INFO | MainThread | [global] [air-844ba114-752d-4c14-9b0a-05b6bb89a167] BOT: Ticket creation returned: 401 - {"errorMessages":["You do not have permission to create issues in this project."],"errors":{}}
2025-10-28 12:38:36,341 | INFO | MainThread | [global] [air-844ba114-752d-4c14-9b0a-05b6bb89a167] ✅ Chat completed.
2025-10-28 12:38:38,868 | INFO | ThreadPoolExecutor-1_0 | [global] Session air-3e61282c-99e4-4a7f-9e5f-b36745936ab2 cleaned up after completion.
2025-10-28 12:38:43,129 | INFO | ThreadPoolExecutor-1_1 | [global] Session air-2e048f5f-0859-4fb0-acff-8da2e8a60afd cleaned up after completion.
2025-10-28 12:38:46,346 | INFO | ThreadPoolExecutor-1_2 | [global] Session air-844ba114-752d-4c14-9b0a-05b6bb89a167 cleaned up after completion.
2025-10-28 12:43:38,800 | INFO | MainThread | [global] 🔻 Shutting down API...
2025-10-28 12:43:38,800 | INFO | MainThread | [global] ✅ Shutdown cleanup complete.
2025-10-28 12:43:47,417 | INFO | MainThread | [global] 🚀 Starting IT Support Chatbot API...
2025-10-28 12:43:47,419 | INFO | MainThread | [global] ✅ Readiness check passed — env, dataset, and model cache OK.
2025-10-28 12:43:47,419 | INFO | MainThread | [global] 🧹 Background cleanup task started.
2025-10-28 12:45:43,784 | INFO | MainThread | [global] 🔻 Shutting down API...
2025-10-28 12:45:43,784 | INFO | MainThread | [global] ✅ Shutdown cleanup complete.
2025-10-28 12:45:53,415 | INFO | MainThread | [global] 🚀 Starting IT Support Chatbot API...
2025-10-28 12:45:53,417 | INFO | MainThread | [global] ✅ Readiness check passed — env, dataset, and model cache OK.
2025-10-28 12:45:53,417 | INFO | MainThread | [global] 🧹 Background cleanup task started.
2025-10-28 12:47:30,202 | INFO | MainThread | [global] 🔻 Shutting down API...
2025-10-28 12:47:30,203 | INFO | MainThread | [global] ✅ Shutdown cleanup complete.
2025-10-28 12:47:38,925 | INFO | MainThread | [global] 🚀 Starting IT Support Chatbot API...
2025-10-28 12:47:38,927 | INFO | MainThread | [global] ✅ Readiness check passed — env, dataset, and model cache OK.
2025-10-28 12:47:38,927 | INFO | MainThread | [global] 🧹 Background cleanup task started.
2025-10-28 12:47:39,555 | INFO | AnyIO worker thread | [global] 🆕 New session started: air-7387fdfa-3fb5-4b99-96e2-d5cf598b9a56
2025-10-28 12:47:40,733 | INFO | MainThread | [global] [air-7387fdfa-3fb5-4b99-96e2-d5cf598b9a56] USER: need access for D365
2025-10-28 12:47:40,733 | INFO | MainThread | [air-7387fdfa-3fb5-4b99-96e2-d5cf598b9a56] STATE=waiting_for_query | USER='need access for D365'
2025-10-28 12:47:42,717 | ERROR | AnyIO worker thread | [global] ❌ Session init failed: Cannot copy out of meta tensor; no data! Please use torch.nn.Module.to_empty() instead of torch.nn.Module.to() when moving module from meta to a different device.
Traceback (most recent call last):
  File "D:\AIR-DATA\Prototype\api_server.py", line 127, in start_chat
    logic = ChatLogic()
  File "D:\AIR-DATA\Prototype\src\logic.py", line 90, in __init__
    self.model = self._get_sentence_model()
  File "D:\AIR-DATA\Prototype\src\logic.py", line 102, in _get_sentence_model
    cls._sentence_model = cls._load_or_cache_model()
  File "D:\AIR-DATA\Prototype\src\logic.py", line 119, in _load_or_cache_model
    return SentenceTransformer('all-MiniLM-L6-v2')
  File "D:\AIR-DATA\Prototype\.venv\lib\site-packages\sentence_transformers\SentenceTransformer.py", line 367, in __init__
    self.to(device)
  File "D:\AIR-DATA\Prototype\.venv\lib\site-packages\torch\nn\modules\module.py", line 1369, in to
    return self._apply(convert)
  File "D:\AIR-DATA\Prototype\.venv\lib\site-packages\torch\nn\modules\module.py", line 928, in _apply
    module._apply(fn)
  File "D:\AIR-DATA\Prototype\.venv\lib\site-packages\torch\nn\modules\module.py", line 928, in _apply
    module._apply(fn)
  File "D:\AIR-DATA\Prototype\.venv\lib\site-packages\torch\nn\modules\module.py", line 928, in _apply
    module._apply(fn)
  [Previous line repeated 1 more time]
  File "D:\AIR-DATA\Prototype\.venv\lib\site-packages\torch\nn\modules\module.py", line 955, in _apply
    param_applied = fn(param)
  File "D:\AIR-DATA\Prototype\.venv\lib\site-packages\torch\nn\modules\module.py", line 1362, in convert
    raise NotImplementedError(
NotImplementedError: Cannot copy out of meta tensor; no data! Please use torch.nn.Module.to_empty() instead of torch.nn.Module.to() when moving module from meta to a different device.
2025-10-28 12:47:43,150 | ERROR | AnyIO worker thread | [global] ❌ Session init failed: Cannot copy out of meta tensor; no data! Please use torch.nn.Module.to_empty() instead of torch.nn.Module.to() when moving module from meta to a different device.
Traceback (most recent call last):
  File "D:\AIR-DATA\Prototype\api_server.py", line 127, in start_chat
    logic = ChatLogic()
  File "D:\AIR-DATA\Prototype\src\logic.py", line 90, in __init__
    self.model = self._get_sentence_model()
  File "D:\AIR-DATA\Prototype\src\logic.py", line 102, in _get_sentence_model
    cls._sentence_model = cls._load_or_cache_model()
  File "D:\AIR-DATA\Prototype\src\logic.py", line 119, in _load_or_cache_model
    return SentenceTransformer('all-MiniLM-L6-v2')
  File "D:\AIR-DATA\Prototype\.venv\lib\site-packages\sentence_transformers\SentenceTransformer.py", line 367, in __init__
    self.to(device)
  File "D:\AIR-DATA\Prototype\.venv\lib\site-packages\torch\nn\modules\module.py", line 1369, in to
    return self._apply(convert)
  File "D:\AIR-DATA\Prototype\.venv\lib\site-packages\torch\nn\modules\module.py", line 928, in _apply
    module._apply(fn)
  File "D:\AIR-DATA\Prototype\.venv\lib\site-packages\torch\nn\modules\module.py", line 928, in _apply
    module._apply(fn)
  File "D:\AIR-DATA\Prototype\.venv\lib\site-packages\torch\nn\modules\module.py", line 928, in _apply
    module._apply(fn)
  [Previous line repeated 1 more time]
  File "D:\AIR-DATA\Prototype\.venv\lib\site-packages\torch\nn\modules\module.py", line 955, in _apply
    param_applied = fn(param)
  File "D:\AIR-DATA\Prototype\.venv\lib\site-packages\torch\nn\modules\module.py", line 1362, in convert
    raise NotImplementedError(
NotImplementedError: Cannot copy out of meta tensor; no data! Please use torch.nn.Module.to_empty() instead of torch.nn.Module.to() when moving module from meta to a different device.
2025-10-28 12:47:45,100 | INFO | MainThread | [global] [air-7387fdfa-3fb5-4b99-96e2-d5cf598b9a56] BOT: I found these top categories for your issue — please reply with the number (1-3) of the best match:
1. External System Interfaces
2. Email & Collaboration
3. Mailbox & Group Emails
2025-10-28 12:47:47,185 | INFO | MainThread | [global] [air-7387fdfa-3fb5-4b99-96e2-d5cf598b9a56] USER: 1
2025-10-28 12:47:47,185 | INFO | MainThread | [air-7387fdfa-3fb5-4b99-96e2-d5cf598b9a56] STATE=waiting_for_category | USER='1'
2025-10-28 12:47:48,608 | INFO | MainThread | [global] [air-7387fdfa-3fb5-4b99-96e2-d5cf598b9a56] BOT: Is this for access to data or apps?
2025-10-28 12:47:50,703 | INFO | MainThread | [global] [air-7387fdfa-3fb5-4b99-96e2-d5cf598b9a56] USER: auto_answer_1_2
2025-10-28 12:47:50,704 | INFO | MainThread | [air-7387fdfa-3fb5-4b99-96e2-d5cf598b9a56] STATE=waiting_q1 | USER='auto_answer_1_2'
2025-10-28 12:47:52,783 | INFO | MainThread | [global] [air-7387fdfa-3fb5-4b99-96e2-d5cf598b9a56] BOT: Is this for a single interface or multiple?
2025-10-28 12:48:13,857 | INFO | MainThread | [global] 🔻 Shutting down API...
2025-10-28 12:48:13,884 | INFO | MainThread | [global] ✅ Shutdown cleanup complete.
2025-10-28 12:48:23,100 | INFO | MainThread | [global] 🚀 Starting IT Support Chatbot API...
2025-10-28 12:48:23,102 | INFO | MainThread | [global] ✅ Readiness check passed — env, dataset, and model cache OK.
2025-10-28 12:48:23,102 | INFO | MainThread | [global] 🧹 Background cleanup task started.
2025-10-28 12:48:53,156 | INFO | MainThread | [global] 🔻 Shutting down API...
2025-10-28 12:48:53,156 | INFO | MainThread | [global] ✅ Shutdown cleanup complete.
2025-10-28 12:49:02,037 | INFO | MainThread | [global] 🚀 Starting IT Support Chatbot API...
2025-10-28 12:49:02,040 | INFO | MainThread | [global] ✅ Readiness check passed — env, dataset, and model cache OK.
2025-10-28 12:49:02,040 | INFO | MainThread | [global] 🧹 Background cleanup task started.
2025-10-28 12:49:18,701 | INFO | MainThread | [global] 🔻 Shutting down API...
2025-10-28 12:49:18,701 | INFO | MainThread | [global] ✅ Shutdown cleanup complete.
2025-10-28 12:49:27,706 | INFO | MainThread | [global] 🚀 Starting IT Support Chatbot API...
2025-10-28 12:49:27,708 | INFO | MainThread | [global] ✅ Readiness check passed — env, dataset, and model cache OK.
2025-10-28 12:49:27,708 | INFO | MainThread | [global] 🧹 Background cleanup task started.
2025-10-28 12:50:10,519 | INFO | MainThread | [global] 🔻 Shutting down API...
2025-10-28 12:50:10,519 | INFO | MainThread | [global] ✅ Shutdown cleanup complete.
2025-10-28 12:50:19,734 | INFO | MainThread | [global] 🚀 Starting IT Support Chatbot API...
2025-10-28 12:50:19,736 | INFO | MainThread | [global] ✅ Readiness check passed — env, dataset, and model cache OK.
2025-10-28 12:50:19,736 | INFO | MainThread | [global] 🧹 Background cleanup task started.
2025-10-28 12:50:20,337 | INFO | AnyIO worker thread | [global] 🆕 New session started: air-c055adc2-5c3d-4459-aafd-a156362f5c78
2025-10-28 12:50:27,692 | INFO | MainThread | [global] [air-c055adc2-5c3d-4459-aafd-a156362f5c78] USER: laptop is running slow
2025-10-28 12:50:27,693 | INFO | MainThread | [air-c055adc2-5c3d-4459-aafd-a156362f5c78] STATE=waiting_for_query | USER='laptop is running slow'
2025-10-28 12:50:33,980 | INFO | MainThread | [global] [air-c055adc2-5c3d-4459-aafd-a156362f5c78] BOT: I found these top categories for your issue — please reply with the number (1-3) of the best match:
1. Laptop Issues
2. WAN / Internet
3. Network Performance
2025-10-28 12:50:36,374 | INFO | MainThread | [global] [air-c055adc2-5c3d-4459-aafd-a156362f5c78] USER: Laptop Issues
2025-10-28 12:50:36,375 | INFO | MainThread | [air-c055adc2-5c3d-4459-aafd-a156362f5c78] STATE=waiting_for_category | USER='Laptop Issues'
2025-10-28 12:50:37,957 | INFO | MainThread | [global] [air-c055adc2-5c3d-4459-aafd-a156362f5c78] BOT: Is it just one app or the whole system?
2025-10-28 12:50:45,451 | INFO | AnyIO worker thread | [global] 🆕 New session started: air-58635c55-d1b3-4a2b-a588-895134636dac
2025-10-28 12:50:46,386 | INFO | MainThread | [global] 🔻 Shutting down API...
2025-10-28 12:50:46,483 | INFO | MainThread | [global] ✅ Shutdown cleanup complete.
2025-10-28 12:50:56,142 | INFO | MainThread | [global] 🚀 Starting IT Support Chatbot API...
2025-10-28 12:50:56,144 | INFO | MainThread | [global] ✅ Readiness check passed — env, dataset, and model cache OK.
2025-10-28 12:50:56,144 | INFO | MainThread | [global] 🧹 Background cleanup task started.
2025-10-28 12:52:23,910 | INFO | AnyIO worker thread | [global] 🆕 New session started: air-e72dde80-cde5-4aef-96f9-039abe1d6c5f
2025-10-28 12:52:25,258 | INFO | MainThread | [global] 🔻 Shutting down API...
2025-10-28 12:52:25,292 | INFO | MainThread | [global] ✅ Shutdown cleanup complete.
2025-10-28 12:52:34,522 | INFO | MainThread | [global] 🚀 Starting IT Support Chatbot API...
2025-10-28 12:52:34,523 | INFO | MainThread | [global] ✅ Readiness check passed — env, dataset, and model cache OK.
2025-10-28 12:52:34,523 | INFO | MainThread | [global] 🧹 Background cleanup task started.
2025-10-28 12:53:50,894 | INFO | AnyIO worker thread | [global] 🆕 New session started: air-b4f7f360-0e45-4d3a-88c7-7792da0ff759
2025-10-28 12:54:10,793 | INFO | MainThread | [global] [air-b4f7f360-0e45-4d3a-88c7-7792da0ff759] USER: need access to new PowerBI account for in-house reports
2025-10-28 12:54:10,793 | INFO | MainThread | [air-b4f7f360-0e45-4d3a-88c7-7792da0ff759] STATE=waiting_for_query | USER='need access to new PowerBI account for in-house reports'
2025-10-28 12:54:17,151 | INFO | MainThread | [global] [air-b4f7f360-0e45-4d3a-88c7-7792da0ff759] BOT: I found these top categories for your issue — please reply with the number (1-3) of the best match:
1. BI & Automation
2. Data Requests & Reports
3. New Reports / Development
2025-10-28 12:54:22,419 | INFO | MainThread | [global] [air-b4f7f360-0e45-4d3a-88c7-7792da0ff759] USER: New Reports / Development
2025-10-28 12:54:22,420 | INFO | MainThread | [air-b4f7f360-0e45-4d3a-88c7-7792da0ff759] STATE=waiting_for_category | USER='New Reports / Development'
2025-10-28 12:54:23,943 | INFO | MainThread | [global] [air-b4f7f360-0e45-4d3a-88c7-7792da0ff759] BOT: Do you need admin access?
2025-10-28 12:54:30,174 | INFO | MainThread | [global] [air-b4f7f360-0e45-4d3a-88c7-7792da0ff759] USER: yes
2025-10-28 12:54:30,174 | INFO | MainThread | [air-b4f7f360-0e45-4d3a-88c7-7792da0ff759] STATE=waiting_q1 | USER='yes'
2025-10-28 12:54:32,013 | INFO | MainThread | [global] [air-b4f7f360-0e45-4d3a-88c7-7792da0ff759] BOT: Is this for a single report or multiple?
2025-10-28 12:54:41,534 | INFO | MainThread | [global] [air-b4f7f360-0e45-4d3a-88c7-7792da0ff759] USER: multiple
2025-10-28 12:54:41,534 | INFO | MainThread | [air-b4f7f360-0e45-4d3a-88c7-7792da0ff759] STATE=waiting_q2 | USER='multiple'
2025-10-28 12:54:43,657 | INFO | MainThread | [global] [air-b4f7f360-0e45-4d3a-88c7-7792da0ff759] BOT: Do you have the report requirements and data sources ready?
2025-10-28 12:54:50,996 | INFO | MainThread | [global] [air-b4f7f360-0e45-4d3a-88c7-7792da0ff759] USER: yes I have
2025-10-28 12:54:50,996 | INFO | MainThread | [air-b4f7f360-0e45-4d3a-88c7-7792da0ff759] STATE=waiting_q3 | USER='yes I have'
2025-10-28 12:54:50,996 | INFO | MainThread | [global] [air-b4f7f360-0e45-4d3a-88c7-7792da0ff759] BOT: Please provide some more context or details about the issue, in form of text or screenshots. (optional)
2025-10-28 12:54:58,374 | INFO | MainThread | [global] [air-b4f7f360-0e45-4d3a-88c7-7792da0ff759] USER: nota
2025-10-28 12:54:58,374 | INFO | MainThread | [air-b4f7f360-0e45-4d3a-88c7-7792da0ff759] STATE=waiting_q4 | USER='nota'
2025-10-28 12:55:00,235 | INFO | MainThread | [air-b4f7f360-0e45-4d3a-88c7-7792da0ff759] BOT: Ticket creation returned: 401 - {"errorMessages":["You do not have permission to create issues in this project."],"errors":{}}

Your issue has been processed successfully.
You can start a new chat if you'd like to raise another ticket. | NEXT_STATE: final
2025-10-28 12:55:00,236 | INFO | MainThread | [global] [air-b4f7f360-0e45-4d3a-88c7-7792da0ff759] BOT: Ticket creation returned: 401 - {"errorMessages":["You do not have permission to create issues in this project."],"errors":{}}
2025-10-28 12:55:00,236 | INFO | MainThread | [global] [air-b4f7f360-0e45-4d3a-88c7-7792da0ff759] ✅ Chat completed.
2025-10-28 12:55:10,247 | INFO | ThreadPoolExecutor-1_0 | [global] Session air-b4f7f360-0e45-4d3a-88c7-7792da0ff759 cleaned up after completion.
2025-10-28 12:55:54,152 | INFO | AnyIO worker thread | [global] 🆕 New session started: air-c03be3f8-f692-497b-96e1-b3e8c72859f4
2025-10-28 12:55:54,153 | INFO | AnyIO worker thread | [global] 🆕 New session started: air-0554f00d-a423-4cea-a3ff-9b1f7a6505c6
2025-10-28 12:55:54,153 | INFO | AnyIO worker thread | [global] 🆕 New session started: air-f909d7df-a58e-40f7-bbda-b0ddd72f4106
2025-10-28 12:55:55,590 | INFO | MainThread | [global] [air-0554f00d-a423-4cea-a3ff-9b1f7a6505c6] USER: need access for D365
2025-10-28 12:55:55,590 | INFO | MainThread | [air-0554f00d-a423-4cea-a3ff-9b1f7a6505c6] STATE=waiting_for_query | USER='need access for D365'
2025-10-28 12:55:59,284 | INFO | MainThread | [global] [air-0554f00d-a423-4cea-a3ff-9b1f7a6505c6] BOT: I found these top categories for your issue — please reply with the number (1-3) of the best match:
1. External System Interfaces
2. Email & Collaboration
3. Mailbox & Group Emails
2025-10-28 12:55:59,286 | INFO | MainThread | [global] [air-f909d7df-a58e-40f7-bbda-b0ddd72f4106] USER: laptop is running slow
2025-10-28 12:55:59,286 | INFO | MainThread | [air-f909d7df-a58e-40f7-bbda-b0ddd72f4106] STATE=waiting_for_query | USER='laptop is running slow'
2025-10-28 12:56:02,836 | INFO | MainThread | [global] [air-f909d7df-a58e-40f7-bbda-b0ddd72f4106] BOT: I found these top categories for your issue — please reply with the number (1-3) of the best match:
1. Laptop Issues
2. WAN / Internet
3. Network Performance
2025-10-28 12:56:02,838 | INFO | MainThread | [global] [air-c03be3f8-f692-497b-96e1-b3e8c72859f4] USER: unable to connect to wifi
2025-10-28 12:56:02,838 | INFO | MainThread | [air-c03be3f8-f692-497b-96e1-b3e8c72859f4] STATE=waiting_for_query | USER='unable to connect to wifi'
2025-10-28 12:56:06,690 | INFO | MainThread | [global] [air-c03be3f8-f692-497b-96e1-b3e8c72859f4] BOT: I found these top categories for your issue — please reply with the number (1-3) of the best match:
1. Wi-Fi Issues
2. Certificates & DNS
3. VPN Access & Connectivity
2025-10-28 12:56:06,692 | INFO | MainThread | [global] [air-f909d7df-a58e-40f7-bbda-b0ddd72f4106] USER: 3
2025-10-28 12:56:06,692 | INFO | MainThread | [air-f909d7df-a58e-40f7-bbda-b0ddd72f4106] STATE=waiting_for_category | USER='3'
2025-10-28 12:56:08,411 | INFO | MainThread | [global] [air-f909d7df-a58e-40f7-bbda-b0ddd72f4106] BOT: Is it just the laptop, or does it happen on other devices too?
2025-10-28 12:56:08,413 | INFO | MainThread | [global] [air-0554f00d-a423-4cea-a3ff-9b1f7a6505c6] USER: 3
2025-10-28 12:56:08,413 | INFO | MainThread | [air-0554f00d-a423-4cea-a3ff-9b1f7a6505c6] STATE=waiting_for_category | USER='3'
2025-10-28 12:56:09,955 | INFO | MainThread | [global] [air-0554f00d-a423-4cea-a3ff-9b1f7a6505c6] BOT: Do you need D365 app access or data view access?
2025-10-28 12:56:09,957 | INFO | MainThread | [global] [air-f909d7df-a58e-40f7-bbda-b0ddd72f4106] USER: auto_answer_1_3
2025-10-28 12:56:09,957 | INFO | MainThread | [air-f909d7df-a58e-40f7-bbda-b0ddd72f4106] STATE=waiting_q1 | USER='auto_answer_1_3'
2025-10-28 12:56:11,912 | INFO | MainThread | [global] [air-f909d7df-a58e-40f7-bbda-b0ddd72f4106] BOT: Is this affecting specific apps or the entire system?
2025-10-28 12:56:11,914 | INFO | MainThread | [global] [air-c03be3f8-f692-497b-96e1-b3e8c72859f4] USER: 1
2025-10-28 12:56:11,914 | INFO | MainThread | [air-c03be3f8-f692-497b-96e1-b3e8c72859f4] STATE=waiting_for_category | USER='1'
2025-10-28 12:56:13,270 | INFO | MainThread | [global] [air-c03be3f8-f692-497b-96e1-b3e8c72859f4] BOT: Is your device showing a Wi-Fi signal?
2025-10-28 12:56:13,273 | INFO | MainThread | [global] [air-0554f00d-a423-4cea-a3ff-9b1f7a6505c6] USER: auto_answer_1_2
2025-10-28 12:56:13,273 | INFO | MainThread | [air-0554f00d-a423-4cea-a3ff-9b1f7a6505c6] STATE=waiting_q1 | USER='auto_answer_1_2'
2025-10-28 12:56:15,078 | INFO | MainThread | [global] [air-0554f00d-a423-4cea-a3ff-9b1f7a6505c6] BOT: Is this for one or multiple users?
2025-10-28 12:56:15,080 | INFO | MainThread | [global] [air-f909d7df-a58e-40f7-bbda-b0ddd72f4106] USER: auto_answer_2_3
2025-10-28 12:56:15,081 | INFO | MainThread | [air-f909d7df-a58e-40f7-bbda-b0ddd72f4106] STATE=waiting_q2 | USER='auto_answer_2_3'
2025-10-28 12:56:17,296 | INFO | MainThread | [global] [air-f909d7df-a58e-40f7-bbda-b0ddd72f4106] BOT: Have you checked if any background apps or services are running in the background?
2025-10-28 12:56:17,299 | INFO | MainThread | [global] [air-c03be3f8-f692-497b-96e1-b3e8c72859f4] USER: auto_answer_1_1
2025-10-28 12:56:17,299 | INFO | MainThread | [air-c03be3f8-f692-497b-96e1-b3e8c72859f4] STATE=waiting_q1 | USER='auto_answer_1_1'
2025-10-28 12:56:18,796 | INFO | MainThread | [global] [air-c03be3f8-f692-497b-96e1-b3e8c72859f4] BOT: Is the router working?
2025-10-28 12:56:18,797 | INFO | MainThread | [global] [air-0554f00d-a423-4cea-a3ff-9b1f7a6505c6] USER: auto_answer_2_2
2025-10-28 12:56:18,798 | INFO | MainThread | [air-0554f00d-a423-4cea-a3ff-9b1f7a6505c6] STATE=waiting_q2 | USER='auto_answer_2_2'
2025-10-28 12:56:21,038 | INFO | MainThread | [global] [air-0554f00d-a423-4cea-a3ff-9b1f7a6505c6] BOT: Do you have a specific list of users who need D365 access?
2025-10-28 12:56:21,040 | INFO | MainThread | [global] [air-f909d7df-a58e-40f7-bbda-b0ddd72f4106] USER: auto_answer_3_3
2025-10-28 12:56:21,040 | INFO | MainThread | [air-f909d7df-a58e-40f7-bbda-b0ddd72f4106] STATE=waiting_q3 | USER='auto_answer_3_3'
2025-10-28 12:56:21,040 | INFO | MainThread | [global] [air-f909d7df-a58e-40f7-bbda-b0ddd72f4106] BOT: Please provide some more context or details about the issue, in form of text or screenshots. (optional)
2025-10-28 12:56:21,042 | INFO | MainThread | [global] [air-c03be3f8-f692-497b-96e1-b3e8c72859f4] USER: auto_answer_2_1
2025-10-28 12:56:21,042 | INFO | MainThread | [air-c03be3f8-f692-497b-96e1-b3e8c72859f4] STATE=waiting_q2 | USER='auto_answer_2_1'
2025-10-28 12:56:22,915 | INFO | MainThread | [global] [air-c03be3f8-f692-497b-96e1-b3e8c72859f4] BOT: Have you tried forgetting the network and reconnecting?
2025-10-28 12:56:22,917 | INFO | MainThread | [global] [air-0554f00d-a423-4cea-a3ff-9b1f7a6505c6] USER: auto_answer_3_2
2025-10-28 12:56:22,918 | INFO | MainThread | [air-0554f00d-a423-4cea-a3ff-9b1f7a6505c6] STATE=waiting_q3 | USER='auto_answer_3_2'
2025-10-28 12:56:22,918 | INFO | MainThread | [global] [air-0554f00d-a423-4cea-a3ff-9b1f7a6505c6] BOT: Please provide some more context or details about the issue, in form of text or screenshots. (optional)
2025-10-28 12:56:23,117 | INFO | MainThread | [global] [air-f909d7df-a58e-40f7-bbda-b0ddd72f4106] USER: auto_answer_4_3
2025-10-28 12:56:23,117 | INFO | MainThread | [air-f909d7df-a58e-40f7-bbda-b0ddd72f4106] STATE=waiting_q4 | USER='auto_answer_4_3'
2025-10-28 12:56:24,522 | INFO | MainThread | [air-f909d7df-a58e-40f7-bbda-b0ddd72f4106] BOT: Ticket creation returned: 401 - {"errorMessages":["You do not have permission to create issues in this project."],"errors":{}}

Your issue has been processed successfully.
You can start a new chat if you'd like to raise another ticket. | NEXT_STATE: final
2025-10-28 12:56:24,524 | INFO | MainThread | [global] [air-f909d7df-a58e-40f7-bbda-b0ddd72f4106] BOT: Ticket creation returned: 401 - {"errorMessages":["You do not have permission to create issues in this project."],"errors":{}}
2025-10-28 12:56:24,524 | INFO | MainThread | [global] [air-f909d7df-a58e-40f7-bbda-b0ddd72f4106] ✅ Chat completed.
2025-10-28 12:56:24,526 | INFO | MainThread | [global] [air-c03be3f8-f692-497b-96e1-b3e8c72859f4] USER: auto_answer_3_1
2025-10-28 12:56:24,527 | INFO | MainThread | [air-c03be3f8-f692-497b-96e1-b3e8c72859f4] STATE=waiting_q3 | USER='auto_answer_3_1'
2025-10-28 12:56:24,527 | INFO | MainThread | [global] [air-c03be3f8-f692-497b-96e1-b3e8c72859f4] BOT: Please provide some more context or details about the issue, in form of text or screenshots. (optional)
2025-10-28 12:56:25,364 | INFO | MainThread | [global] [air-0554f00d-a423-4cea-a3ff-9b1f7a6505c6] USER: auto_answer_4_2
2025-10-28 12:56:25,365 | INFO | MainThread | [air-0554f00d-a423-4cea-a3ff-9b1f7a6505c6] STATE=waiting_q4 | USER='auto_answer_4_2'
2025-10-28 12:56:26,280 | INFO | MainThread | [air-0554f00d-a423-4cea-a3ff-9b1f7a6505c6] BOT: Ticket creation returned: 401 - {"errorMessages":["You do not have permission to create issues in this project."],"errors":{}}

Your issue has been processed successfully.
You can start a new chat if you'd like to raise another ticket. | NEXT_STATE: final
2025-10-28 12:56:26,281 | INFO | MainThread | [global] [air-0554f00d-a423-4cea-a3ff-9b1f7a6505c6] BOT: Ticket creation returned: 401 - {"errorMessages":["You do not have permission to create issues in this project."],"errors":{}}
2025-10-28 12:56:26,281 | INFO | MainThread | [global] [air-0554f00d-a423-4cea-a3ff-9b1f7a6505c6] ✅ Chat completed.
2025-10-28 12:56:26,886 | INFO | MainThread | [global] [air-c03be3f8-f692-497b-96e1-b3e8c72859f4] USER: auto_answer_4_1
2025-10-28 12:56:26,886 | INFO | MainThread | [air-c03be3f8-f692-497b-96e1-b3e8c72859f4] STATE=waiting_q4 | USER='auto_answer_4_1'
2025-10-28 12:56:28,088 | INFO | MainThread | [air-c03be3f8-f692-497b-96e1-b3e8c72859f4] BOT: Ticket creation returned: 401 - {"errorMessages":["You do not have permission to create issues in this project."],"errors":{}}

Your issue has been processed successfully.
You can start a new chat if you'd like to raise another ticket. | NEXT_STATE: final
2025-10-28 12:56:28,089 | INFO | MainThread | [global] [air-c03be3f8-f692-497b-96e1-b3e8c72859f4] BOT: Ticket creation returned: 401 - {"errorMessages":["You do not have permission to create issues in this project."],"errors":{}}
2025-10-28 12:56:28,089 | INFO | MainThread | [global] [air-c03be3f8-f692-497b-96e1-b3e8c72859f4] ✅ Chat completed.
2025-10-28 12:56:34,526 | INFO | ThreadPoolExecutor-1_0 | [global] Session air-f909d7df-a58e-40f7-bbda-b0ddd72f4106 cleaned up after completion.
2025-10-28 12:56:36,287 | INFO | ThreadPoolExecutor-1_1 | [global] Session air-0554f00d-a423-4cea-a3ff-9b1f7a6505c6 cleaned up after completion.
2025-10-28 12:56:38,106 | INFO | ThreadPoolExecutor-1_2 | [global] Session air-c03be3f8-f692-497b-96e1-b3e8c72859f4 cleaned up after completion.
2025-10-28 12:56:39,277 | INFO | AnyIO worker thread | [global] 🆕 New session started: air-a0ec1117-594e-41c3-b406-3c061e16fa1b
2025-10-28 12:58:39,981 | INFO | MainThread | [global] 🧹 Cleaning stale session air-a0ec1117-594e-41c3-b406-3c061e16fa1b
2025-10-28 12:58:51,026 | INFO | MainThread | [global] 🔻 Shutting down API...
2025-10-28 12:58:51,026 | INFO | MainThread | [global] ✅ Shutdown cleanup complete.
2025-10-28 12:58:59,557 | INFO | MainThread | [global] 🚀 Starting IT Support Chatbot API...
2025-10-28 12:58:59,559 | INFO | MainThread | [global] ✅ Readiness check passed — env, dataset, and model cache OK.
2025-10-28 12:58:59,559 | INFO | MainThread | [global] 🧹 Background cleanup task started.
2025-10-28 12:59:01,992 | INFO | AnyIO worker thread | [global] 🆕 New session started: air-27d7a516-dd75-4526-8fcf-7403f7c07b19
2025-10-28 12:59:03,444 | INFO | MainThread | [global] [air-27d7a516-dd75-4526-8fcf-7403f7c07b19] USER: unable to access shared folder
2025-10-28 12:59:03,445 | INFO | MainThread | [air-27d7a516-dd75-4526-8fcf-7403f7c07b19] STATE=waiting_for_query | USER='unable to access shared folder'
2025-10-28 12:59:10,296 | ERROR | AnyIO worker thread | [global] ❌ Session init failed: Cannot copy out of meta tensor; no data! Please use torch.nn.Module.to_empty() instead of torch.nn.Module.to() when moving module from meta to a different device.
Traceback (most recent call last):
  File "D:\AIR-DATA\Prototype\api_server.py", line 127, in start_chat
    logic = ChatLogic()
  File "D:\AIR-DATA\Prototype\src\logic.py", line 87, in __init__
    self.model = self._get_sentence_model()
  File "D:\AIR-DATA\Prototype\src\logic.py", line 99, in _get_sentence_model
    cls._sentence_model = cls._load_or_cache_model()
  File "D:\AIR-DATA\Prototype\src\logic.py", line 116, in _load_or_cache_model
    return SentenceTransformer('all-MiniLM-L6-v2')
  File "D:\AIR-DATA\Prototype\.venv\lib\site-packages\sentence_transformers\SentenceTransformer.py", line 367, in __init__
    self.to(device)
  File "D:\AIR-DATA\Prototype\.venv\lib\site-packages\torch\nn\modules\module.py", line 1369, in to
    return self._apply(convert)
  File "D:\AIR-DATA\Prototype\.venv\lib\site-packages\torch\nn\modules\module.py", line 928, in _apply
    module._apply(fn)
  File "D:\AIR-DATA\Prototype\.venv\lib\site-packages\torch\nn\modules\module.py", line 928, in _apply
    module._apply(fn)
  File "D:\AIR-DATA\Prototype\.venv\lib\site-packages\torch\nn\modules\module.py", line 928, in _apply
    module._apply(fn)
  [Previous line repeated 1 more time]
  File "D:\AIR-DATA\Prototype\.venv\lib\site-packages\torch\nn\modules\module.py", line 955, in _apply
    param_applied = fn(param)
  File "D:\AIR-DATA\Prototype\.venv\lib\site-packages\torch\nn\modules\module.py", line 1362, in convert
    raise NotImplementedError(
NotImplementedError: Cannot copy out of meta tensor; no data! Please use torch.nn.Module.to_empty() instead of torch.nn.Module.to() when moving module from meta to a different device.
2025-10-28 12:59:11,004 | ERROR | AnyIO worker thread | [global] ❌ Session init failed: Cannot copy out of meta tensor; no data! Please use torch.nn.Module.to_empty() instead of torch.nn.Module.to() when moving module from meta to a different device.
Traceback (most recent call last):
  File "D:\AIR-DATA\Prototype\api_server.py", line 127, in start_chat
    logic = ChatLogic()
  File "D:\AIR-DATA\Prototype\src\logic.py", line 87, in __init__
    self.model = self._get_sentence_model()
  File "D:\AIR-DATA\Prototype\src\logic.py", line 99, in _get_sentence_model
    cls._sentence_model = cls._load_or_cache_model()
  File "D:\AIR-DATA\Prototype\src\logic.py", line 116, in _load_or_cache_model
    return SentenceTransformer('all-MiniLM-L6-v2')
  File "D:\AIR-DATA\Prototype\.venv\lib\site-packages\sentence_transformers\SentenceTransformer.py", line 367, in __init__
    self.to(device)
  File "D:\AIR-DATA\Prototype\.venv\lib\site-packages\torch\nn\modules\module.py", line 1369, in to
    return self._apply(convert)
  File "D:\AIR-DATA\Prototype\.venv\lib\site-packages\torch\nn\modules\module.py", line 928, in _apply
    module._apply(fn)
  File "D:\AIR-DATA\Prototype\.venv\lib\site-packages\torch\nn\modules\module.py", line 928, in _apply
    module._apply(fn)
  File "D:\AIR-DATA\Prototype\.venv\lib\site-packages\torch\nn\modules\module.py", line 928, in _apply
    module._apply(fn)
  [Previous line repeated 1 more time]
  File "D:\AIR-DATA\Prototype\.venv\lib\site-packages\torch\nn\modules\module.py", line 955, in _apply
    param_applied = fn(param)
  File "D:\AIR-DATA\Prototype\.venv\lib\site-packages\torch\nn\modules\module.py", line 1362, in convert
    raise NotImplementedError(
NotImplementedError: Cannot copy out of meta tensor; no data! Please use torch.nn.Module.to_empty() instead of torch.nn.Module.to() when moving module from meta to a different device.
2025-10-28 12:59:11,008 | ERROR | AnyIO worker thread | [global] ❌ Session init failed: Cannot copy out of meta tensor; no data! Please use torch.nn.Module.to_empty() instead of torch.nn.Module.to() when moving module from meta to a different device.
Traceback (most recent call last):
  File "D:\AIR-DATA\Prototype\api_server.py", line 127, in start_chat
    logic = ChatLogic()
  File "D:\AIR-DATA\Prototype\src\logic.py", line 87, in __init__
    self.model = self._get_sentence_model()
  File "D:\AIR-DATA\Prototype\src\logic.py", line 99, in _get_sentence_model
    cls._sentence_model = cls._load_or_cache_model()
  File "D:\AIR-DATA\Prototype\src\logic.py", line 116, in _load_or_cache_model
    return SentenceTransformer('all-MiniLM-L6-v2')
  File "D:\AIR-DATA\Prototype\.venv\lib\site-packages\sentence_transformers\SentenceTransformer.py", line 367, in __init__
    self.to(device)
  File "D:\AIR-DATA\Prototype\.venv\lib\site-packages\torch\nn\modules\module.py", line 1369, in to
    return self._apply(convert)
  File "D:\AIR-DATA\Prototype\.venv\lib\site-packages\torch\nn\modules\module.py", line 928, in _apply
    module._apply(fn)
  File "D:\AIR-DATA\Prototype\.venv\lib\site-packages\torch\nn\modules\module.py", line 928, in _apply
    module._apply(fn)
  File "D:\AIR-DATA\Prototype\.venv\lib\site-packages\torch\nn\modules\module.py", line 928, in _apply
    module._apply(fn)
  [Previous line repeated 1 more time]
  File "D:\AIR-DATA\Prototype\.venv\lib\site-packages\torch\nn\modules\module.py", line 955, in _apply
    param_applied = fn(param)
  File "D:\AIR-DATA\Prototype\.venv\lib\site-packages\torch\nn\modules\module.py", line 1362, in convert
    raise NotImplementedError(
NotImplementedError: Cannot copy out of meta tensor; no data! Please use torch.nn.Module.to_empty() instead of torch.nn.Module.to() when moving module from meta to a different device.
2025-10-28 12:59:11,008 | ERROR | AnyIO worker thread | [global] ❌ Session init failed: Cannot copy out of meta tensor; no data! Please use torch.nn.Module.to_empty() instead of torch.nn.Module.to() when moving module from meta to a different device.
Traceback (most recent call last):
  File "D:\AIR-DATA\Prototype\api_server.py", line 127, in start_chat
    logic = ChatLogic()
  File "D:\AIR-DATA\Prototype\src\logic.py", line 87, in __init__
    self.model = self._get_sentence_model()
  File "D:\AIR-DATA\Prototype\src\logic.py", line 99, in _get_sentence_model
    cls._sentence_model = cls._load_or_cache_model()
  File "D:\AIR-DATA\Prototype\src\logic.py", line 116, in _load_or_cache_model
    return SentenceTransformer('all-MiniLM-L6-v2')
  File "D:\AIR-DATA\Prototype\.venv\lib\site-packages\sentence_transformers\SentenceTransformer.py", line 367, in __init__
    self.to(device)
  File "D:\AIR-DATA\Prototype\.venv\lib\site-packages\torch\nn\modules\module.py", line 1369, in to
    return self._apply(convert)
  File "D:\AIR-DATA\Prototype\.venv\lib\site-packages\torch\nn\modules\module.py", line 928, in _apply
    module._apply(fn)
  File "D:\AIR-DATA\Prototype\.venv\lib\site-packages\torch\nn\modules\module.py", line 928, in _apply
    module._apply(fn)
  File "D:\AIR-DATA\Prototype\.venv\lib\site-packages\torch\nn\modules\module.py", line 928, in _apply
    module._apply(fn)
  [Previous line repeated 1 more time]
  File "D:\AIR-DATA\Prototype\.venv\lib\site-packages\torch\nn\modules\module.py", line 955, in _apply
    param_applied = fn(param)
  File "D:\AIR-DATA\Prototype\.venv\lib\site-packages\torch\nn\modules\module.py", line 1362, in convert
    raise NotImplementedError(
NotImplementedError: Cannot copy out of meta tensor; no data! Please use torch.nn.Module.to_empty() instead of torch.nn.Module.to() when moving module from meta to a different device.
2025-10-28 12:59:11,011 | ERROR | AnyIO worker thread | [global] ❌ Session init failed: Cannot copy out of meta tensor; no data! Please use torch.nn.Module.to_empty() instead of torch.nn.Module.to() when moving module from meta to a different device.
Traceback (most recent call last):
  File "D:\AIR-DATA\Prototype\api_server.py", line 127, in start_chat
    logic = ChatLogic()
  File "D:\AIR-DATA\Prototype\src\logic.py", line 87, in __init__
    self.model = self._get_sentence_model()
  File "D:\AIR-DATA\Prototype\src\logic.py", line 99, in _get_sentence_model
    cls._sentence_model = cls._load_or_cache_model()
  File "D:\AIR-DATA\Prototype\src\logic.py", line 116, in _load_or_cache_model
    return SentenceTransformer('all-MiniLM-L6-v2')
  File "D:\AIR-DATA\Prototype\.venv\lib\site-packages\sentence_transformers\SentenceTransformer.py", line 367, in __init__
    self.to(device)
  File "D:\AIR-DATA\Prototype\.venv\lib\site-packages\torch\nn\modules\module.py", line 1369, in to
    return self._apply(convert)
  File "D:\AIR-DATA\Prototype\.venv\lib\site-packages\torch\nn\modules\module.py", line 928, in _apply
    module._apply(fn)
  File "D:\AIR-DATA\Prototype\.venv\lib\site-packages\torch\nn\modules\module.py", line 928, in _apply
    module._apply(fn)
  File "D:\AIR-DATA\Prototype\.venv\lib\site-packages\torch\nn\modules\module.py", line 928, in _apply
    module._apply(fn)
  [Previous line repeated 1 more time]
  File "D:\AIR-DATA\Prototype\.venv\lib\site-packages\torch\nn\modules\module.py", line 955, in _apply
    param_applied = fn(param)
  File "D:\AIR-DATA\Prototype\.venv\lib\site-packages\torch\nn\modules\module.py", line 1362, in convert
    raise NotImplementedError(
NotImplementedError: Cannot copy out of meta tensor; no data! Please use torch.nn.Module.to_empty() instead of torch.nn.Module.to() when moving module from meta to a different device.
2025-10-28 12:59:11,012 | ERROR | AnyIO worker thread | [global] ❌ Session init failed: Cannot copy out of meta tensor; no data! Please use torch.nn.Module.to_empty() instead of torch.nn.Module.to() when moving module from meta to a different device.
Traceback (most recent call last):
  File "D:\AIR-DATA\Prototype\api_server.py", line 127, in start_chat
    logic = ChatLogic()
  File "D:\AIR-DATA\Prototype\src\logic.py", line 87, in __init__
    self.model = self._get_sentence_model()
  File "D:\AIR-DATA\Prototype\src\logic.py", line 99, in _get_sentence_model
    cls._sentence_model = cls._load_or_cache_model()
  File "D:\AIR-DATA\Prototype\src\logic.py", line 116, in _load_or_cache_model
    return SentenceTransformer('all-MiniLM-L6-v2')
  File "D:\AIR-DATA\Prototype\.venv\lib\site-packages\sentence_transformers\SentenceTransformer.py", line 367, in __init__
    self.to(device)
  File "D:\AIR-DATA\Prototype\.venv\lib\site-packages\torch\nn\modules\module.py", line 1369, in to
    return self._apply(convert)
  File "D:\AIR-DATA\Prototype\.venv\lib\site-packages\torch\nn\modules\module.py", line 928, in _apply
    module._apply(fn)
  File "D:\AIR-DATA\Prototype\.venv\lib\site-packages\torch\nn\modules\module.py", line 928, in _apply
    module._apply(fn)
  File "D:\AIR-DATA\Prototype\.venv\lib\site-packages\torch\nn\modules\module.py", line 928, in _apply
    module._apply(fn)
  [Previous line repeated 1 more time]
  File "D:\AIR-DATA\Prototype\.venv\lib\site-packages\torch\nn\modules\module.py", line 955, in _apply
    param_applied = fn(param)
  File "D:\AIR-DATA\Prototype\.venv\lib\site-packages\torch\nn\modules\module.py", line 1362, in convert
    raise NotImplementedError(
NotImplementedError: Cannot copy out of meta tensor; no data! Please use torch.nn.Module.to_empty() instead of torch.nn.Module.to() when moving module from meta to a different device.
2025-10-28 12:59:11,012 | ERROR | AnyIO worker thread | [global] ❌ Session init failed: Cannot copy out of meta tensor; no data! Please use torch.nn.Module.to_empty() instead of torch.nn.Module.to() when moving module from meta to a different device.
Traceback (most recent call last):
  File "D:\AIR-DATA\Prototype\api_server.py", line 127, in start_chat
    logic = ChatLogic()
  File "D:\AIR-DATA\Prototype\src\logic.py", line 87, in __init__
    self.model = self._get_sentence_model()
  File "D:\AIR-DATA\Prototype\src\logic.py", line 99, in _get_sentence_model
    cls._sentence_model = cls._load_or_cache_model()
  File "D:\AIR-DATA\Prototype\src\logic.py", line 116, in _load_or_cache_model
    return SentenceTransformer('all-MiniLM-L6-v2')
  File "D:\AIR-DATA\Prototype\.venv\lib\site-packages\sentence_transformers\SentenceTransformer.py", line 367, in __init__
    self.to(device)
  File "D:\AIR-DATA\Prototype\.venv\lib\site-packages\torch\nn\modules\module.py", line 1369, in to
    return self._apply(convert)
  File "D:\AIR-DATA\Prototype\.venv\lib\site-packages\torch\nn\modules\module.py", line 928, in _apply
    module._apply(fn)
  File "D:\AIR-DATA\Prototype\.venv\lib\site-packages\torch\nn\modules\module.py", line 928, in _apply
    module._apply(fn)
  File "D:\AIR-DATA\Prototype\.venv\lib\site-packages\torch\nn\modules\module.py", line 928, in _apply
    module._apply(fn)
  [Previous line repeated 1 more time]
  File "D:\AIR-DATA\Prototype\.venv\lib\site-packages\torch\nn\modules\module.py", line 955, in _apply
    param_applied = fn(param)
  File "D:\AIR-DATA\Prototype\.venv\lib\site-packages\torch\nn\modules\module.py", line 1362, in convert
    raise NotImplementedError(
NotImplementedError: Cannot copy out of meta tensor; no data! Please use torch.nn.Module.to_empty() instead of torch.nn.Module.to() when moving module from meta to a different device.
2025-10-28 12:59:11,718 | ERROR | AnyIO worker thread | [global] ❌ Session init failed: Cannot copy out of meta tensor; no data! Please use torch.nn.Module.to_empty() instead of torch.nn.Module.to() when moving module from meta to a different device.
Traceback (most recent call last):
  File "D:\AIR-DATA\Prototype\api_server.py", line 127, in start_chat
    logic = ChatLogic()
  File "D:\AIR-DATA\Prototype\src\logic.py", line 87, in __init__
    self.model = self._get_sentence_model()
  File "D:\AIR-DATA\Prototype\src\logic.py", line 99, in _get_sentence_model
    cls._sentence_model = cls._load_or_cache_model()
  File "D:\AIR-DATA\Prototype\src\logic.py", line 116, in _load_or_cache_model
    return SentenceTransformer('all-MiniLM-L6-v2')
  File "D:\AIR-DATA\Prototype\.venv\lib\site-packages\sentence_transformers\SentenceTransformer.py", line 367, in __init__
    self.to(device)
  File "D:\AIR-DATA\Prototype\.venv\lib\site-packages\torch\nn\modules\module.py", line 1369, in to
    return self._apply(convert)
  File "D:\AIR-DATA\Prototype\.venv\lib\site-packages\torch\nn\modules\module.py", line 928, in _apply
    module._apply(fn)
  File "D:\AIR-DATA\Prototype\.venv\lib\site-packages\torch\nn\modules\module.py", line 928, in _apply
    module._apply(fn)
  File "D:\AIR-DATA\Prototype\.venv\lib\site-packages\torch\nn\modules\module.py", line 928, in _apply
    module._apply(fn)
  [Previous line repeated 1 more time]
  File "D:\AIR-DATA\Prototype\.venv\lib\site-packages\torch\nn\modules\module.py", line 955, in _apply
    param_applied = fn(param)
  File "D:\AIR-DATA\Prototype\.venv\lib\site-packages\torch\nn\modules\module.py", line 1362, in convert
    raise NotImplementedError(
NotImplementedError: Cannot copy out of meta tensor; no data! Please use torch.nn.Module.to_empty() instead of torch.nn.Module.to() when moving module from meta to a different device.
2025-10-28 12:59:11,919 | ERROR | AnyIO worker thread | [global] ❌ Session init failed: Cannot copy out of meta tensor; no data! Please use torch.nn.Module.to_empty() instead of torch.nn.Module.to() when moving module from meta to a different device.
Traceback (most recent call last):
  File "D:\AIR-DATA\Prototype\api_server.py", line 127, in start_chat
    logic = ChatLogic()
  File "D:\AIR-DATA\Prototype\src\logic.py", line 87, in __init__
    self.model = self._get_sentence_model()
  File "D:\AIR-DATA\Prototype\src\logic.py", line 99, in _get_sentence_model
    cls._sentence_model = cls._load_or_cache_model()
  File "D:\AIR-DATA\Prototype\src\logic.py", line 116, in _load_or_cache_model
    return SentenceTransformer('all-MiniLM-L6-v2')
  File "D:\AIR-DATA\Prototype\.venv\lib\site-packages\sentence_transformers\SentenceTransformer.py", line 367, in __init__
    self.to(device)
  File "D:\AIR-DATA\Prototype\.venv\lib\site-packages\torch\nn\modules\module.py", line 1369, in to
    return self._apply(convert)
  File "D:\AIR-DATA\Prototype\.venv\lib\site-packages\torch\nn\modules\module.py", line 928, in _apply
    module._apply(fn)
  File "D:\AIR-DATA\Prototype\.venv\lib\site-packages\torch\nn\modules\module.py", line 928, in _apply
    module._apply(fn)
  File "D:\AIR-DATA\Prototype\.venv\lib\site-packages\torch\nn\modules\module.py", line 928, in _apply
    module._apply(fn)
  [Previous line repeated 1 more time]
  File "D:\AIR-DATA\Prototype\.venv\lib\site-packages\torch\nn\modules\module.py", line 955, in _apply
    param_applied = fn(param)
  File "D:\AIR-DATA\Prototype\.venv\lib\site-packages\torch\nn\modules\module.py", line 1362, in convert
    raise NotImplementedError(
NotImplementedError: Cannot copy out of meta tensor; no data! Please use torch.nn.Module.to_empty() instead of torch.nn.Module.to() when moving module from meta to a different device.
2025-10-28 12:59:12,212 | INFO | MainThread | [global] [air-27d7a516-dd75-4526-8fcf-7403f7c07b19] BOT: I found these top categories for your issue — please reply with the number (1-3) of the best match:
1. Storage & Keys
2. SharePoint / OneDrive
3. SharePoint / OneDrive
2025-10-28 12:59:13,243 | INFO | MainThread | [global] [air-27d7a516-dd75-4526-8fcf-7403f7c07b19] USER: 2
2025-10-28 12:59:13,243 | INFO | MainThread | [air-27d7a516-dd75-4526-8fcf-7403f7c07b19] STATE=waiting_for_category | USER='2'
2025-10-28 12:59:14,884 | INFO | MainThread | [global] [air-27d7a516-dd75-4526-8fcf-7403f7c07b19] BOT: Can you access it from your device?
2025-10-28 12:59:16,186 | INFO | MainThread | [global] [air-27d7a516-dd75-4526-8fcf-7403f7c07b19] USER: auto_answer_1_10
2025-10-28 12:59:16,186 | INFO | MainThread | [air-27d7a516-dd75-4526-8fcf-7403f7c07b19] STATE=waiting_q1 | USER='auto_answer_1_10'
2025-10-28 12:59:18,029 | INFO | MainThread | [global] [air-27d7a516-dd75-4526-8fcf-7403f7c07b19] BOT: Is this affecting only your files or others?
2025-10-28 12:59:27,180 | INFO | AnyIO worker thread | [global] 🆕 New session started: air-95844e39-ba2e-48ed-b91c-a5a96347c04a
2025-10-28 12:59:27,181 | INFO | AnyIO worker thread | [global] 🆕 New session started: air-a019a341-6262-4f9e-ab92-29d919d5c498
2025-10-28 12:59:27,183 | INFO | AnyIO worker thread | [global] 🆕 New session started: air-35f8f15c-afdb-4a1f-8a90-3bfeff2b22f0
2025-10-28 12:59:27,185 | INFO | AnyIO worker thread | [global] 🆕 New session started: air-da1067e9-8c52-44bc-a456-6862b5438a79
2025-10-28 12:59:27,186 | INFO | AnyIO worker thread | [global] 🆕 New session started: air-d27393da-c1ae-4014-ad18-273bd08beec0
2025-10-28 12:59:27,187 | INFO | AnyIO worker thread | [global] 🆕 New session started: air-771d8918-485b-49c5-8d58-c3aa77bc9c91
2025-10-28 12:59:27,189 | INFO | AnyIO worker thread | [global] 🆕 New session started: air-a55773eb-f5c0-4086-b178-2caf41519930
2025-10-28 12:59:27,189 | INFO | AnyIO worker thread | [global] 🆕 New session started: air-f7ea8d6e-ca01-46d5-8a9d-c4ddca265849
2025-10-28 12:59:27,190 | INFO | AnyIO worker thread | [global] 🆕 New session started: air-4839f33c-3895-4055-ad34-c7712cff49d7
2025-10-28 12:59:27,190 | INFO | AnyIO worker thread | [global] 🆕 New session started: air-74b2c609-08eb-44cd-9c1a-2d999640b93a
2025-10-28 12:59:28,101 | INFO | MainThread | [global] [air-a55773eb-f5c0-4086-b178-2caf41519930] USER: Teams keeps crashing
2025-10-28 12:59:28,102 | INFO | MainThread | [air-a55773eb-f5c0-4086-b178-2caf41519930] STATE=waiting_for_query | USER='Teams keeps crashing'
2025-10-28 12:59:32,237 | INFO | MainThread | [global] [air-a55773eb-f5c0-4086-b178-2caf41519930] BOT: I found these top categories for your issue — please reply with the number (1-3) of the best match:
1. Teams / Voice
2. Wi-Fi Issues
3. General Troubleshooting
2025-10-28 12:59:32,238 | INFO | MainThread | [global] [air-f7ea8d6e-ca01-46d5-8a9d-c4ddca265849] USER: system not booting up
2025-10-28 12:59:32,239 | INFO | MainThread | [air-f7ea8d6e-ca01-46d5-8a9d-c4ddca265849] STATE=waiting_for_query | USER='system not booting up'
2025-10-28 12:59:37,009 | INFO | MainThread | [global] [air-f7ea8d6e-ca01-46d5-8a9d-c4ddca265849] BOT: I found these top categories for your issue — please reply with the number (1-3) of the best match:
1. Laptop Issues
2. LAN / Port Issues
3. Asset & Backup
2025-10-28 12:59:37,011 | INFO | MainThread | [global] [air-95844e39-ba2e-48ed-b91c-a5a96347c04a] USER: unable to connect to wifi
2025-10-28 12:59:37,012 | INFO | MainThread | [air-95844e39-ba2e-48ed-b91c-a5a96347c04a] STATE=waiting_for_query | USER='unable to connect to wifi'
2025-10-28 12:59:40,723 | INFO | MainThread | [global] [air-95844e39-ba2e-48ed-b91c-a5a96347c04a] BOT: I found these top categories for your issue — please reply with the number (1-3) of the best match:
1. Wi-Fi Issues
2. Certificates & DNS
3. VPN Access & Connectivity
2025-10-28 12:59:40,725 | INFO | MainThread | [global] [air-da1067e9-8c52-44bc-a456-6862b5438a79] USER: VPN not connecting
2025-10-28 12:59:40,725 | INFO | MainThread | [air-da1067e9-8c52-44bc-a456-6862b5438a79] STATE=waiting_for_query | USER='VPN not connecting'
2025-10-28 12:59:44,615 | INFO | MainThread | [global] [air-da1067e9-8c52-44bc-a456-6862b5438a79] BOT: I found these top categories for your issue — please reply with the number (1-3) of the best match:
1. VPN Access & Connectivity
2. VPN & Remote Access
3. Certificates & DNS
2025-10-28 12:59:44,616 | INFO | MainThread | [global] [air-74b2c609-08eb-44cd-9c1a-2d999640b93a] USER: unable to access shared folder
2025-10-28 12:59:44,617 | INFO | MainThread | [air-74b2c609-08eb-44cd-9c1a-2d999640b93a] STATE=waiting_for_query | USER='unable to access shared folder'
2025-10-28 12:59:49,212 | INFO | MainThread | [global] [air-74b2c609-08eb-44cd-9c1a-2d999640b93a] BOT: I found these top categories for your issue — please reply with the number (1-3) of the best match:
1. Storage & Keys
2. SharePoint / OneDrive
3. SharePoint / OneDrive
2025-10-28 12:59:49,213 | INFO | MainThread | [global] [air-771d8918-485b-49c5-8d58-c3aa77bc9c91] USER: forgot password for Jira
2025-10-28 12:59:49,214 | INFO | MainThread | [air-771d8918-485b-49c5-8d58-c3aa77bc9c91] STATE=waiting_for_query | USER='forgot password for Jira'
2025-10-28 12:59:54,573 | INFO | MainThread | [global] [air-771d8918-485b-49c5-8d58-c3aa77bc9c91] BOT: I found these top categories for your issue — please reply with the number (1-3) of the best match:
1. Authentication & MFA
2. Unauthorized Access
3. ERP Access & Permissions
2025-10-28 12:59:54,575 | INFO | MainThread | [global] [air-a019a341-6262-4f9e-ab92-29d919d5c498] USER: need access for D365
2025-10-28 12:59:54,575 | INFO | MainThread | [air-a019a341-6262-4f9e-ab92-29d919d5c498] STATE=waiting_for_query | USER='need access for D365'
2025-10-28 12:59:59,457 | INFO | MainThread | [global] [air-a019a341-6262-4f9e-ab92-29d919d5c498] BOT: I found these top categories for your issue — please reply with the number (1-3) of the best match:
1. External System Interfaces
2. Email & Collaboration
3. Mailbox & Group Emails
2025-10-28 12:59:59,459 | INFO | MainThread | [global] [air-a55773eb-f5c0-4086-b178-2caf41519930] USER: 1
2025-10-28 12:59:59,460 | INFO | MainThread | [air-a55773eb-f5c0-4086-b178-2caf41519930] STATE=waiting_for_category | USER='1'
2025-10-28 13:00:01,117 | INFO | MainThread | [global] [air-a55773eb-f5c0-4086-b178-2caf41519930] BOT: Is it crashing when you join a meeting?
2025-10-28 13:00:01,119 | INFO | MainThread | [global] [air-d27393da-c1ae-4014-ad18-273bd08beec0] USER: email not syncing in Outlook
2025-10-28 13:00:01,119 | INFO | MainThread | [air-d27393da-c1ae-4014-ad18-273bd08beec0] STATE=waiting_for_query | USER='email not syncing in Outlook'
2025-10-28 13:00:05,778 | INFO | MainThread | [global] [air-d27393da-c1ae-4014-ad18-273bd08beec0] BOT: I found these top categories for your issue — please reply with the number (1-3) of the best match:
1. Email & Collaboration
2. Data Issues / Schema & Object Changes / Data Sync Failures
3. Mailbox & Group Emails
2025-10-28 13:00:05,780 | INFO | MainThread | [global] [air-4839f33c-3895-4055-ad34-c7712cff49d7] USER: printer not detected
2025-10-28 13:00:05,780 | INFO | MainThread | [air-4839f33c-3895-4055-ad34-c7712cff49d7] STATE=waiting_for_query | USER='printer not detected'
2025-10-28 13:00:11,088 | INFO | MainThread | [global] [air-4839f33c-3895-4055-ad34-c7712cff49d7] BOT: I found these top categories for your issue — please reply with the number (1-3) of the best match:
1. Printer Issues
2. LAN / Port Issues
3. Laptop Issues
2025-10-28 13:00:11,089 | INFO | MainThread | [global] [air-35f8f15c-afdb-4a1f-8a90-3bfeff2b22f0] USER: laptop is running slow
2025-10-28 13:00:11,090 | INFO | MainThread | [air-35f8f15c-afdb-4a1f-8a90-3bfeff2b22f0] STATE=waiting_for_query | USER='laptop is running slow'
2025-10-28 13:00:16,724 | INFO | MainThread | [global] [air-35f8f15c-afdb-4a1f-8a90-3bfeff2b22f0] BOT: I found these top categories for your issue — please reply with the number (1-3) of the best match:
1. Laptop Issues
2. WAN / Internet
3. Network Performance
2025-10-28 13:00:16,728 | INFO | MainThread | [global] [air-95844e39-ba2e-48ed-b91c-a5a96347c04a] USER: 3
2025-10-28 13:00:16,728 | INFO | MainThread | [air-95844e39-ba2e-48ed-b91c-a5a96347c04a] STATE=waiting_for_category | USER='3'
2025-10-28 13:00:18,204 | INFO | MainThread | [global] [air-95844e39-ba2e-48ed-b91c-a5a96347c04a] BOT: Is your router working?
2025-10-28 13:00:18,206 | INFO | MainThread | [global] [air-da1067e9-8c52-44bc-a456-6862b5438a79] USER: 3
2025-10-28 13:00:18,206 | INFO | MainThread | [air-da1067e9-8c52-44bc-a456-6862b5438a79] STATE=waiting_for_category | USER='3'
2025-10-28 13:00:19,672 | INFO | MainThread | [global] [air-da1067e9-8c52-44bc-a456-6862b5438a79] BOT: Is it connecting to a specific location?
2025-10-28 13:00:19,674 | INFO | MainThread | [global] [air-74b2c609-08eb-44cd-9c1a-2d999640b93a] USER: 1
2025-10-28 13:00:19,674 | INFO | MainThread | [air-74b2c609-08eb-44cd-9c1a-2d999640b93a] STATE=waiting_for_category | USER='1'
2025-10-28 13:00:21,083 | INFO | MainThread | [global] [air-74b2c609-08eb-44cd-9c1a-2d999640b93a] BOT: Do you have access to the folder?
2025-10-28 13:00:21,085 | INFO | MainThread | [global] [air-771d8918-485b-49c5-8d58-c3aa77bc9c91] USER: 1
2025-10-28 13:00:21,085 | INFO | MainThread | [air-771d8918-485b-49c5-8d58-c3aa77bc9c91] STATE=waiting_for_category | USER='1'
2025-10-28 13:00:22,590 | INFO | MainThread | [global] [air-771d8918-485b-49c5-8d58-c3aa77bc9c91] BOT: Is it a Jira instance or Jira Software?
2025-10-28 13:00:22,592 | INFO | MainThread | [global] [air-a019a341-6262-4f9e-ab92-29d919d5c498] USER: 2
2025-10-28 13:00:22,592 | INFO | MainThread | [air-a019a341-6262-4f9e-ab92-29d919d5c498] STATE=waiting_for_category | USER='2'
2025-10-28 13:00:23,978 | INFO | MainThread | [global] [air-a019a341-6262-4f9e-ab92-29d919d5c498] BOT: Is it for apps or data access?
2025-10-28 13:00:23,980 | INFO | MainThread | [global] [air-a55773eb-f5c0-4086-b178-2caf41519930] USER: auto_answer_1_9
2025-10-28 13:00:23,980 | INFO | MainThread | [air-a55773eb-f5c0-4086-b178-2caf41519930] STATE=waiting_q1 | USER='auto_answer_1_9'
2025-10-28 13:00:25,927 | INFO | MainThread | [global] [air-a55773eb-f5c0-4086-b178-2caf41519930] BOT: Is this affecting your account only or multiple users?
2025-10-28 13:00:25,929 | INFO | MainThread | [global] [air-d27393da-c1ae-4014-ad18-273bd08beec0] USER: 2
2025-10-28 13:00:25,929 | INFO | MainThread | [air-d27393da-c1ae-4014-ad18-273bd08beec0] STATE=waiting_for_category | USER='2'
2025-10-28 13:00:27,320 | INFO | MainThread | [global] [air-d27393da-c1ae-4014-ad18-273bd08beec0] BOT: Is it syncing with a specific account?
2025-10-28 13:00:27,322 | INFO | MainThread | [global] [air-4839f33c-3895-4055-ad34-c7712cff49d7] USER: 1
2025-10-28 13:00:27,322 | INFO | MainThread | [air-4839f33c-3895-4055-ad34-c7712cff49d7] STATE=waiting_for_category | USER='1'
2025-10-28 13:00:28,702 | INFO | MainThread | [global] [air-4839f33c-3895-4055-ad34-c7712cff49d7] BOT: Is it showing up in the list?
2025-10-28 13:00:28,704 | INFO | MainThread | [global] [air-f7ea8d6e-ca01-46d5-8a9d-c4ddca265849] USER: 1
2025-10-28 13:00:28,704 | INFO | MainThread | [air-f7ea8d6e-ca01-46d5-8a9d-c4ddca265849] STATE=waiting_for_category | USER='1'
2025-10-28 13:00:30,102 | INFO | MainThread | [global] [air-f7ea8d6e-ca01-46d5-8a9d-c4ddca265849] BOT: Is the power light on?
2025-10-28 13:00:30,106 | INFO | MainThread | [global] [air-95844e39-ba2e-48ed-b91c-a5a96347c04a] USER: auto_answer_1_1
2025-10-28 13:00:30,107 | INFO | MainThread | [air-95844e39-ba2e-48ed-b91c-a5a96347c04a] STATE=waiting_q1 | USER='auto_answer_1_1'
2025-10-28 13:00:31,851 | INFO | MainThread | [global] [air-95844e39-ba2e-48ed-b91c-a5a96347c04a] BOT: Is this affecting only one device or multiple devices?
2025-10-28 13:00:31,853 | INFO | MainThread | [global] [air-da1067e9-8c52-44bc-a456-6862b5438a79] USER: auto_answer_1_4
2025-10-28 13:00:31,853 | INFO | MainThread | [air-da1067e9-8c52-44bc-a456-6862b5438a79] STATE=waiting_q1 | USER='auto_answer_1_4'
2025-10-28 13:00:33,512 | INFO | MainThread | [global] [air-da1067e9-8c52-44bc-a456-6862b5438a79] BOT: Is it connecting to a specific server?
2025-10-28 13:00:33,514 | INFO | MainThread | [global] [air-74b2c609-08eb-44cd-9c1a-2d999640b93a] USER: auto_answer_1_10
2025-10-28 13:00:33,514 | INFO | MainThread | [air-74b2c609-08eb-44cd-9c1a-2d999640b93a] STATE=waiting_q1 | USER='auto_answer_1_10'
2025-10-28 13:00:35,169 | INFO | MainThread | [global] [air-74b2c609-08eb-44cd-9c1a-2d999640b93a] BOT: Is it for one drive or multiple?
2025-10-28 13:00:35,170 | INFO | MainThread | [global] [air-771d8918-485b-49c5-8d58-c3aa77bc9c91] USER: auto_answer_1_6
2025-10-28 13:00:35,171 | INFO | MainThread | [air-771d8918-485b-49c5-8d58-c3aa77bc9c91] STATE=waiting_q1 | USER='auto_answer_1_6'
2025-10-28 13:00:36,870 | INFO | MainThread | [global] [air-771d8918-485b-49c5-8d58-c3aa77bc9c91] BOT: Is this for one user or multiple users?
2025-10-28 13:00:36,872 | INFO | MainThread | [global] [air-a019a341-6262-4f9e-ab92-29d919d5c498] USER: auto_answer_1_2
2025-10-28 13:00:36,872 | INFO | MainThread | [air-a019a341-6262-4f9e-ab92-29d919d5c498] STATE=waiting_q1 | USER='auto_answer_1_2'
2025-10-28 13:00:38,600 | INFO | MainThread | [global] [air-a019a341-6262-4f9e-ab92-29d919d5c498] BOT: Is this affecting only one user or multiple users?
2025-10-28 13:00:38,602 | INFO | MainThread | [global] [air-a55773eb-f5c0-4086-b178-2caf41519930] USER: auto_answer_2_9
2025-10-28 13:00:38,603 | INFO | MainThread | [air-a55773eb-f5c0-4086-b178-2caf41519930] STATE=waiting_q2 | USER='auto_answer_2_9'
2025-10-28 13:00:40,894 | INFO | MainThread | [global] [air-a55773eb-f5c0-4086-b178-2caf41519930] BOT: Have you checked if the issue occurs during specific actions, like joining a meeting or sharing screen?
2025-10-28 13:00:40,895 | INFO | MainThread | [global] [air-d27393da-c1ae-4014-ad18-273bd08beec0] USER: auto_answer_1_5
2025-10-28 13:00:40,896 | INFO | MainThread | [air-d27393da-c1ae-4014-ad18-273bd08beec0] STATE=waiting_q1 | USER='auto_answer_1_5'
2025-10-28 13:00:42,519 | INFO | MainThread | [global] [air-d27393da-c1ae-4014-ad18-273bd08beec0] BOT: Is it one or multiple accounts?
2025-10-28 13:00:42,523 | INFO | MainThread | [global] [air-4839f33c-3895-4055-ad34-c7712cff49d7] USER: auto_answer_1_8
2025-10-28 13:00:42,523 | INFO | MainThread | [air-4839f33c-3895-4055-ad34-c7712cff49d7] STATE=waiting_q1 | USER='auto_answer_1_8'
2025-10-28 13:00:44,064 | INFO | MainThread | [global] [air-4839f33c-3895-4055-ad34-c7712cff49d7] BOT: Is it powered on?
2025-10-28 13:00:44,066 | INFO | MainThread | [global] [air-35f8f15c-afdb-4a1f-8a90-3bfeff2b22f0] USER: 1
2025-10-28 13:00:44,066 | INFO | MainThread | [air-35f8f15c-afdb-4a1f-8a90-3bfeff2b22f0] STATE=waiting_for_category | USER='1'
2025-10-28 13:00:45,523 | INFO | MainThread | [global] [air-35f8f15c-afdb-4a1f-8a90-3bfeff2b22f0] BOT: Is it just one app or the whole system?
2025-10-28 13:00:45,528 | INFO | MainThread | [global] [air-95844e39-ba2e-48ed-b91c-a5a96347c04a] USER: auto_answer_2_1
2025-10-28 13:00:45,528 | INFO | MainThread | [air-95844e39-ba2e-48ed-b91c-a5a96347c04a] STATE=waiting_q2 | USER='auto_answer_2_1'
2025-10-28 13:00:47,665 | INFO | MainThread | [global] [air-95844e39-ba2e-48ed-b91c-a5a96347c04a] BOT: Have you tried restarting your router or device?
2025-10-28 13:00:47,667 | INFO | MainThread | [global] [air-da1067e9-8c52-44bc-a456-6862b5438a79] USER: auto_answer_2_4
2025-10-28 13:00:47,667 | INFO | MainThread | [air-da1067e9-8c52-44bc-a456-6862b5438a79] STATE=waiting_q2 | USER='auto_answer_2_4'
2025-10-28 13:00:50,176 | INFO | MainThread | [global] [air-da1067e9-8c52-44bc-a456-6862b5438a79] BOT: "Has the VPN connection timeout been set to a specific value, or is it defaulting to a long timeout?"
2025-10-28 13:00:50,178 | INFO | MainThread | [global] [air-74b2c609-08eb-44cd-9c1a-2d999640b93a] USER: auto_answer_2_10
2025-10-28 13:00:50,178 | INFO | MainThread | [air-74b2c609-08eb-44cd-9c1a-2d999640b93a] STATE=waiting_q2 | USER='auto_answer_2_10'
2025-10-28 13:00:52,404 | INFO | MainThread | [global] [air-74b2c609-08eb-44cd-9c1a-2d999640b93a] BOT: Have you verified that the shared folder is accessible from the correct network location?
2025-10-28 13:00:52,407 | INFO | MainThread | [global] [air-771d8918-485b-49c5-8d58-c3aa77bc9c91] USER: auto_answer_2_6
2025-10-28 13:00:52,407 | INFO | MainThread | [air-771d8918-485b-49c5-8d58-c3aa77bc9c91] STATE=waiting_q2 | USER='auto_answer_2_6'
2025-10-28 13:00:54,685 | INFO | MainThread | [global] [air-771d8918-485b-49c5-8d58-c3aa77bc9c91] BOT: Have you tried resetting the password through the Jira login page or via the email recovery link?
2025-10-28 13:00:54,686 | INFO | MainThread | [global] [air-a019a341-6262-4f9e-ab92-29d919d5c498] USER: auto_answer_2_2
2025-10-28 13:00:54,687 | INFO | MainThread | [air-a019a341-6262-4f9e-ab92-29d919d5c498] STATE=waiting_q2 | USER='auto_answer_2_2'
2025-10-28 13:00:56,876 | INFO | MainThread | [global] [air-a019a341-6262-4f9e-ab92-29d919d5c498] BOT: Have you tried accessing D365 via web, desktop, or mobile?
2025-10-28 13:00:56,878 | INFO | MainThread | [global] [air-a55773eb-f5c0-4086-b178-2caf41519930] USER: auto_answer_3_9
2025-10-28 13:00:56,878 | INFO | MainThread | [air-a55773eb-f5c0-4086-b178-2caf41519930] STATE=waiting_q3 | USER='auto_answer_3_9'
2025-10-28 13:00:56,878 | INFO | MainThread | [global] [air-a55773eb-f5c0-4086-b178-2caf41519930] BOT: Please provide some more context or details about the issue, in form of text or screenshots. (optional)
2025-10-28 13:00:56,881 | INFO | MainThread | [global] [air-d27393da-c1ae-4014-ad18-273bd08beec0] USER: auto_answer_2_5
2025-10-28 13:00:56,881 | INFO | MainThread | [air-d27393da-c1ae-4014-ad18-273bd08beec0] STATE=waiting_q2 | USER='auto_answer_2_5'
2025-10-28 13:00:59,176 | INFO | MainThread | [global] [air-d27393da-c1ae-4014-ad18-273bd08beec0] BOT: Have you checked if the email account is connected via Outlook.com or a corporate/organization account?
2025-10-28 13:00:59,178 | INFO | MainThread | [global] [air-4839f33c-3895-4055-ad34-c7712cff49d7] USER: auto_answer_2_8
2025-10-28 13:00:59,178 | INFO | MainThread | [air-4839f33c-3895-4055-ad34-c7712cff49d7] STATE=waiting_q2 | USER='auto_answer_2_8'
2025-10-28 13:01:01,350 | INFO | MainThread | [global] [air-4839f33c-3895-4055-ad34-c7712cff49d7] BOT: Have you checked if the printer is connected to the same network as your computer?
2025-10-28 13:01:01,351 | INFO | MainThread | [global] [air-f7ea8d6e-ca01-46d5-8a9d-c4ddca265849] USER: auto_answer_1_7
2025-10-28 13:01:01,352 | INFO | MainThread | [air-f7ea8d6e-ca01-46d5-8a9d-c4ddca265849] STATE=waiting_q1 | USER='auto_answer_1_7'
2025-10-28 13:01:02,965 | INFO | MainThread | [global] [air-f7ea8d6e-ca01-46d5-8a9d-c4ddca265849] BOT: Does the laptop display any image?
2025-10-28 13:01:02,971 | INFO | MainThread | [global] [air-95844e39-ba2e-48ed-b91c-a5a96347c04a] USER: auto_answer_3_1
2025-10-28 13:01:02,971 | INFO | MainThread | [air-95844e39-ba2e-48ed-b91c-a5a96347c04a] STATE=waiting_q3 | USER='auto_answer_3_1'
2025-10-28 13:01:02,971 | INFO | MainThread | [global] [air-95844e39-ba2e-48ed-b91c-a5a96347c04a] BOT: Please provide some more context or details about the issue, in form of text or screenshots. (optional)
2025-10-28 13:01:02,973 | INFO | MainThread | [global] [air-da1067e9-8c52-44bc-a456-6862b5438a79] USER: auto_answer_3_4
2025-10-28 13:01:02,974 | INFO | MainThread | [air-da1067e9-8c52-44bc-a456-6862b5438a79] STATE=waiting_q3 | USER='auto_answer_3_4'
2025-10-28 13:01:02,974 | INFO | MainThread | [global] [air-da1067e9-8c52-44bc-a456-6862b5438a79] BOT: Please provide some more context or details about the issue, in form of text or screenshots. (optional)
2025-10-28 13:01:02,975 | INFO | MainThread | [global] [air-74b2c609-08eb-44cd-9c1a-2d999640b93a] USER: auto_answer_3_10
2025-10-28 13:01:02,976 | INFO | MainThread | [air-74b2c609-08eb-44cd-9c1a-2d999640b93a] STATE=waiting_q3 | USER='auto_answer_3_10'
2025-10-28 13:01:02,976 | INFO | MainThread | [global] [air-74b2c609-08eb-44cd-9c1a-2d999640b93a] BOT: Please provide some more context or details about the issue, in form of text or screenshots. (optional)
2025-10-28 13:01:02,979 | INFO | MainThread | [global] [air-771d8918-485b-49c5-8d58-c3aa77bc9c91] USER: auto_answer_3_6
2025-10-28 13:01:02,980 | INFO | MainThread | [air-771d8918-485b-49c5-8d58-c3aa77bc9c91] STATE=waiting_q3 | USER='auto_answer_3_6'
2025-10-28 13:01:02,980 | INFO | MainThread | [global] [air-771d8918-485b-49c5-8d58-c3aa77bc9c91] BOT: Please provide some more context or details about the issue, in form of text or screenshots. (optional)
2025-10-28 13:01:02,988 | INFO | MainThread | [global] [air-a019a341-6262-4f9e-ab92-29d919d5c498] USER: auto_answer_3_2
2025-10-28 13:01:02,988 | INFO | MainThread | [air-a019a341-6262-4f9e-ab92-29d919d5c498] STATE=waiting_q3 | USER='auto_answer_3_2'
2025-10-28 13:01:02,988 | INFO | MainThread | [global] [air-a019a341-6262-4f9e-ab92-29d919d5c498] BOT: Please provide some more context or details about the issue, in form of text or screenshots. (optional)
2025-10-28 13:01:02,991 | INFO | MainThread | [global] [air-a55773eb-f5c0-4086-b178-2caf41519930] USER: auto_answer_4_9
2025-10-28 13:01:02,992 | INFO | MainThread | [air-a55773eb-f5c0-4086-b178-2caf41519930] STATE=waiting_q4 | USER='auto_answer_4_9'
2025-10-28 13:01:04,875 | INFO | MainThread | [air-a55773eb-f5c0-4086-b178-2caf41519930] BOT: Ticket creation returned: 401 - {"errorMessages":["You do not have permission to create issues in this project."],"errors":{}}

Your issue has been processed successfully.
You can start a new chat if you'd like to raise another ticket. | NEXT_STATE: final
2025-10-28 13:01:04,877 | INFO | MainThread | [global] [air-a55773eb-f5c0-4086-b178-2caf41519930] BOT: Ticket creation returned: 401 - {"errorMessages":["You do not have permission to create issues in this project."],"errors":{}}
2025-10-28 13:01:04,877 | INFO | MainThread | [global] [air-a55773eb-f5c0-4086-b178-2caf41519930] ✅ Chat completed.
2025-10-28 13:01:04,879 | INFO | MainThread | [global] [air-d27393da-c1ae-4014-ad18-273bd08beec0] USER: auto_answer_3_5
2025-10-28 13:01:04,879 | INFO | MainThread | [air-d27393da-c1ae-4014-ad18-273bd08beec0] STATE=waiting_q3 | USER='auto_answer_3_5'
2025-10-28 13:01:04,879 | INFO | MainThread | [global] [air-d27393da-c1ae-4014-ad18-273bd08beec0] BOT: Please provide some more context or details about the issue, in form of text or screenshots. (optional)
2025-10-28 13:01:04,881 | INFO | MainThread | [global] [air-4839f33c-3895-4055-ad34-c7712cff49d7] USER: auto_answer_3_8
2025-10-28 13:01:04,881 | INFO | MainThread | [air-4839f33c-3895-4055-ad34-c7712cff49d7] STATE=waiting_q3 | USER='auto_answer_3_8'
2025-10-28 13:01:04,881 | INFO | MainThread | [global] [air-4839f33c-3895-4055-ad34-c7712cff49d7] BOT: Please provide some more context or details about the issue, in form of text or screenshots. (optional)
2025-10-28 13:01:04,883 | INFO | MainThread | [global] [air-35f8f15c-afdb-4a1f-8a90-3bfeff2b22f0] USER: auto_answer_1_3
2025-10-28 13:01:04,883 | INFO | MainThread | [air-35f8f15c-afdb-4a1f-8a90-3bfeff2b22f0] STATE=waiting_q1 | USER='auto_answer_1_3'
2025-10-28 13:01:06,655 | INFO | MainThread | [global] [air-35f8f15c-afdb-4a1f-8a90-3bfeff2b22f0] BOT: Does it freeze randomly?
2025-10-28 13:01:06,660 | INFO | MainThread | [global] [air-95844e39-ba2e-48ed-b91c-a5a96347c04a] USER: auto_answer_4_1
2025-10-28 13:01:06,660 | INFO | MainThread | [air-95844e39-ba2e-48ed-b91c-a5a96347c04a] STATE=waiting_q4 | USER='auto_answer_4_1'
2025-10-28 13:01:09,770 | INFO | MainThread | [air-95844e39-ba2e-48ed-b91c-a5a96347c04a] BOT: Ticket creation returned: 401 - {"errorMessages":["You do not have permission to create issues in this project."],"errors":{}}

Your issue has been processed successfully.
You can start a new chat if you'd like to raise another ticket. | NEXT_STATE: final
2025-10-28 13:01:09,772 | INFO | MainThread | [global] [air-95844e39-ba2e-48ed-b91c-a5a96347c04a] BOT: Ticket creation returned: 401 - {"errorMessages":["You do not have permission to create issues in this project."],"errors":{}}
2025-10-28 13:01:09,772 | INFO | MainThread | [global] [air-95844e39-ba2e-48ed-b91c-a5a96347c04a] ✅ Chat completed.
2025-10-28 13:01:09,775 | INFO | MainThread | [global] [air-da1067e9-8c52-44bc-a456-6862b5438a79] USER: auto_answer_4_4
2025-10-28 13:01:09,775 | INFO | MainThread | [air-da1067e9-8c52-44bc-a456-6862b5438a79] STATE=waiting_q4 | USER='auto_answer_4_4'
2025-10-28 13:01:11,972 | INFO | MainThread | [air-da1067e9-8c52-44bc-a456-6862b5438a79] BOT: Ticket creation returned: 401 - {"errorMessages":["You do not have permission to create issues in this project."],"errors":{}}

Your issue has been processed successfully.
You can start a new chat if you'd like to raise another ticket. | NEXT_STATE: final
2025-10-28 13:01:11,974 | INFO | MainThread | [global] [air-da1067e9-8c52-44bc-a456-6862b5438a79] BOT: Ticket creation returned: 401 - {"errorMessages":["You do not have permission to create issues in this project."],"errors":{}}
2025-10-28 13:01:11,975 | INFO | MainThread | [global] [air-da1067e9-8c52-44bc-a456-6862b5438a79] ✅ Chat completed.
2025-10-28 13:01:11,977 | INFO | MainThread | [global] [air-74b2c609-08eb-44cd-9c1a-2d999640b93a] USER: auto_answer_4_10
2025-10-28 13:01:11,977 | INFO | MainThread | [air-74b2c609-08eb-44cd-9c1a-2d999640b93a] STATE=waiting_q4 | USER='auto_answer_4_10'
2025-10-28 13:01:14,326 | INFO | MainThread | [air-74b2c609-08eb-44cd-9c1a-2d999640b93a] BOT: Ticket creation returned: 401 - {"errorMessages":["You do not have permission to create issues in this project."],"errors":{}}

Your issue has been processed successfully.
You can start a new chat if you'd like to raise another ticket. | NEXT_STATE: final
2025-10-28 13:01:14,327 | INFO | MainThread | [global] [air-74b2c609-08eb-44cd-9c1a-2d999640b93a] BOT: Ticket creation returned: 401 - {"errorMessages":["You do not have permission to create issues in this project."],"errors":{}}
2025-10-28 13:01:14,327 | INFO | MainThread | [global] [air-74b2c609-08eb-44cd-9c1a-2d999640b93a] ✅ Chat completed.
2025-10-28 13:01:14,329 | INFO | MainThread | [global] [air-771d8918-485b-49c5-8d58-c3aa77bc9c91] USER: auto_answer_4_6
2025-10-28 13:01:14,330 | INFO | MainThread | [air-771d8918-485b-49c5-8d58-c3aa77bc9c91] STATE=waiting_q4 | USER='auto_answer_4_6'
2025-10-28 13:01:14,887 | INFO | ThreadPoolExecutor-1_0 | [global] Session air-a55773eb-f5c0-4086-b178-2caf41519930 cleaned up after completion.
2025-10-28 13:01:15,219 | INFO | MainThread | [air-771d8918-485b-49c5-8d58-c3aa77bc9c91] BOT: Ticket creation returned: 401 - {"errorMessages":["You do not have permission to create issues in this project."],"errors":{}}

Your issue has been processed successfully.
You can start a new chat if you'd like to raise another ticket. | NEXT_STATE: final
2025-10-28 13:01:15,221 | INFO | MainThread | [global] [air-771d8918-485b-49c5-8d58-c3aa77bc9c91] BOT: Ticket creation returned: 401 - {"errorMessages":["You do not have permission to create issues in this project."],"errors":{}}
2025-10-28 13:01:15,221 | INFO | MainThread | [global] [air-771d8918-485b-49c5-8d58-c3aa77bc9c91] ✅ Chat completed.
2025-10-28 13:01:15,223 | INFO | MainThread | [global] [air-a019a341-6262-4f9e-ab92-29d919d5c498] USER: auto_answer_4_2
2025-10-28 13:01:15,223 | INFO | MainThread | [air-a019a341-6262-4f9e-ab92-29d919d5c498] STATE=waiting_q4 | USER='auto_answer_4_2'
2025-10-28 13:01:16,246 | INFO | MainThread | [air-a019a341-6262-4f9e-ab92-29d919d5c498] BOT: Ticket creation returned: 401 - {"errorMessages":["You do not have permission to create issues in this project."],"errors":{}}

Your issue has been processed successfully.
You can start a new chat if you'd like to raise another ticket. | NEXT_STATE: final
2025-10-28 13:01:16,248 | INFO | MainThread | [global] [air-a019a341-6262-4f9e-ab92-29d919d5c498] BOT: Ticket creation returned: 401 - {"errorMessages":["You do not have permission to create issues in this project."],"errors":{}}
2025-10-28 13:01:16,248 | INFO | MainThread | [global] [air-a019a341-6262-4f9e-ab92-29d919d5c498] ✅ Chat completed.
2025-10-28 13:01:16,250 | INFO | MainThread | [global] [air-d27393da-c1ae-4014-ad18-273bd08beec0] USER: auto_answer_4_5
2025-10-28 13:01:16,251 | INFO | MainThread | [air-d27393da-c1ae-4014-ad18-273bd08beec0] STATE=waiting_q4 | USER='auto_answer_4_5'
2025-10-28 13:01:18,800 | INFO | MainThread | [air-d27393da-c1ae-4014-ad18-273bd08beec0] BOT: Ticket creation returned: 401 - {"errorMessages":["You do not have permission to create issues in this project."],"errors":{}}

Your issue has been processed successfully.
You can start a new chat if you'd like to raise another ticket. | NEXT_STATE: final
2025-10-28 13:01:18,803 | INFO | MainThread | [global] [air-d27393da-c1ae-4014-ad18-273bd08beec0] BOT: Ticket creation returned: 401 - {"errorMessages":["You do not have permission to create issues in this project."],"errors":{}}
2025-10-28 13:01:18,803 | INFO | MainThread | [global] [air-d27393da-c1ae-4014-ad18-273bd08beec0] ✅ Chat completed.
2025-10-28 13:01:18,806 | INFO | MainThread | [global] [air-4839f33c-3895-4055-ad34-c7712cff49d7] USER: auto_answer_4_8
2025-10-28 13:01:18,806 | INFO | MainThread | [air-4839f33c-3895-4055-ad34-c7712cff49d7] STATE=waiting_q4 | USER='auto_answer_4_8'
2025-10-28 13:01:19,790 | INFO | ThreadPoolExecutor-1_1 | [global] Session air-95844e39-ba2e-48ed-b91c-a5a96347c04a cleaned up after completion.
2025-10-28 13:01:20,585 | INFO | MainThread | [air-4839f33c-3895-4055-ad34-c7712cff49d7] BOT: Ticket creation returned: 401 - {"errorMessages":["You do not have permission to create issues in this project."],"errors":{}}

Your issue has been processed successfully.
You can start a new chat if you'd like to raise another ticket. | NEXT_STATE: final
2025-10-28 13:01:20,587 | INFO | MainThread | [global] [air-4839f33c-3895-4055-ad34-c7712cff49d7] BOT: Ticket creation returned: 401 - {"errorMessages":["You do not have permission to create issues in this project."],"errors":{}}
2025-10-28 13:01:20,587 | INFO | MainThread | [global] [air-4839f33c-3895-4055-ad34-c7712cff49d7] ✅ Chat completed.
2025-10-28 13:01:20,589 | INFO | MainThread | [global] [air-f7ea8d6e-ca01-46d5-8a9d-c4ddca265849] USER: auto_answer_2_7
2025-10-28 13:01:20,589 | INFO | MainThread | [air-f7ea8d6e-ca01-46d5-8a9d-c4ddca265849] STATE=waiting_q2 | USER='auto_answer_2_7'
2025-10-28 13:01:21,991 | INFO | ThreadPoolExecutor-1_2 | [global] Session air-da1067e9-8c52-44bc-a456-6862b5438a79 cleaned up after completion.
2025-10-28 13:01:23,112 | INFO | MainThread | [global] [air-f7ea8d6e-ca01-46d5-8a9d-c4ddca265849] BOT: Has the laptop been connected to a power source recently, or is it running on battery power?
2025-10-28 13:01:23,117 | INFO | MainThread | [global] [air-35f8f15c-afdb-4a1f-8a90-3bfeff2b22f0] USER: auto_answer_2_3
2025-10-28 13:01:23,117 | INFO | MainThread | [air-35f8f15c-afdb-4a1f-8a90-3bfeff2b22f0] STATE=waiting_q2 | USER='auto_answer_2_3'
2025-10-28 13:01:24,330 | INFO | ThreadPoolExecutor-1_3 | [global] Session air-74b2c609-08eb-44cd-9c1a-2d999640b93a cleaned up after completion.
2025-10-28 13:01:25,068 | INFO | MainThread | [global] [air-35f8f15c-afdb-4a1f-8a90-3bfeff2b22f0] BOT: Have you recently installed any new software or updates?
2025-10-28 13:01:25,070 | INFO | MainThread | [global] [air-f7ea8d6e-ca01-46d5-8a9d-c4ddca265849] USER: auto_answer_3_7
2025-10-28 13:01:25,071 | INFO | MainThread | [air-f7ea8d6e-ca01-46d5-8a9d-c4ddca265849] STATE=waiting_q3 | USER='auto_answer_3_7'
2025-10-28 13:01:25,071 | INFO | MainThread | [global] [air-f7ea8d6e-ca01-46d5-8a9d-c4ddca265849] BOT: Please provide some more context or details about the issue, in form of text or screenshots. (optional)
2025-10-28 13:01:25,236 | INFO | ThreadPoolExecutor-1_0 | [global] Session air-771d8918-485b-49c5-8d58-c3aa77bc9c91 cleaned up after completion.
2025-10-28 13:01:26,115 | INFO | MainThread | [global] [air-f7ea8d6e-ca01-46d5-8a9d-c4ddca265849] USER: auto_answer_4_7
2025-10-28 13:01:26,115 | INFO | MainThread | [air-f7ea8d6e-ca01-46d5-8a9d-c4ddca265849] STATE=waiting_q4 | USER='auto_answer_4_7'
2025-10-28 13:01:26,255 | INFO | ThreadPoolExecutor-1_4 | [global] Session air-a019a341-6262-4f9e-ab92-29d919d5c498 cleaned up after completion.
2025-10-28 13:01:27,034 | INFO | MainThread | [air-f7ea8d6e-ca01-46d5-8a9d-c4ddca265849] BOT: Ticket creation returned: 401 - {"errorMessages":["You do not have permission to create issues in this project."],"errors":{}}

Your issue has been processed successfully.
You can start a new chat if you'd like to raise another ticket. | NEXT_STATE: final
2025-10-28 13:01:27,036 | INFO | MainThread | [global] [air-f7ea8d6e-ca01-46d5-8a9d-c4ddca265849] BOT: Ticket creation returned: 401 - {"errorMessages":["You do not have permission to create issues in this project."],"errors":{}}
2025-10-28 13:01:27,036 | INFO | MainThread | [global] [air-f7ea8d6e-ca01-46d5-8a9d-c4ddca265849] ✅ Chat completed.
2025-10-28 13:01:27,038 | INFO | MainThread | [global] [air-35f8f15c-afdb-4a1f-8a90-3bfeff2b22f0] USER: auto_answer_3_3
2025-10-28 13:01:27,039 | INFO | MainThread | [air-35f8f15c-afdb-4a1f-8a90-3bfeff2b22f0] STATE=waiting_q3 | USER='auto_answer_3_3'
2025-10-28 13:01:27,039 | INFO | MainThread | [global] [air-35f8f15c-afdb-4a1f-8a90-3bfeff2b22f0] BOT: Please provide some more context or details about the issue, in form of text or screenshots. (optional)
2025-10-28 13:01:28,069 | INFO | MainThread | [global] [air-35f8f15c-afdb-4a1f-8a90-3bfeff2b22f0] USER: auto_answer_4_3
2025-10-28 13:01:28,070 | INFO | MainThread | [air-35f8f15c-afdb-4a1f-8a90-3bfeff2b22f0] STATE=waiting_q4 | USER='auto_answer_4_3'
2025-10-28 13:01:28,812 | INFO | ThreadPoolExecutor-1_5 | [global] Session air-d27393da-c1ae-4014-ad18-273bd08beec0 cleaned up after completion.
2025-10-28 13:01:29,614 | INFO | MainThread | [air-35f8f15c-afdb-4a1f-8a90-3bfeff2b22f0] BOT: Ticket creation returned: 401 - {"errorMessages":["You do not have permission to create issues in this project."],"errors":{}}

Your issue has been processed successfully.
You can start a new chat if you'd like to raise another ticket. | NEXT_STATE: final
2025-10-28 13:01:29,616 | INFO | MainThread | [global] [air-35f8f15c-afdb-4a1f-8a90-3bfeff2b22f0] BOT: Ticket creation returned: 401 - {"errorMessages":["You do not have permission to create issues in this project."],"errors":{}}
2025-10-28 13:01:29,616 | INFO | MainThread | [global] [air-35f8f15c-afdb-4a1f-8a90-3bfeff2b22f0] ✅ Chat completed.
2025-10-28 13:01:30,594 | INFO | ThreadPoolExecutor-1_1 | [global] Session air-4839f33c-3895-4055-ad34-c7712cff49d7 cleaned up after completion.
2025-10-28 13:01:36,645 | INFO | MainThread | [global] 🧹 Cleaning stale session air-27d7a516-dd75-4526-8fcf-7403f7c07b19
2025-10-28 13:01:37,044 | INFO | ThreadPoolExecutor-1_2 | [global] Session air-f7ea8d6e-ca01-46d5-8a9d-c4ddca265849 cleaned up after completion.
2025-10-28 13:01:39,622 | INFO | ThreadPoolExecutor-1_0 | [global] Session air-35f8f15c-afdb-4a1f-8a90-3bfeff2b22f0 cleaned up after completion.
2025-10-28 13:20:00,881 | INFO | MainThread | [global] 🔻 Shutting down API...
2025-10-28 13:20:00,882 | INFO | MainThread | [global] ✅ Shutdown cleanup complete.
2025-10-28 13:20:11,348 | INFO | MainThread | [global] 🚀 Starting IT Support Chatbot API...
2025-10-28 13:20:11,350 | INFO | MainThread | [global] ✅ Readiness check passed — env, dataset, and model cache OK.
2025-10-28 13:20:11,351 | INFO | MainThread | [global] 🧹 Background cleanup task started.
2025-10-28 13:20:16,217 | INFO | AnyIO worker thread | [global] 🆕 New session started: air-971a806f-409a-45f1-b254-c15884314ff7
2025-10-28 13:20:17,986 | INFO | MainThread | [global] [air-971a806f-409a-45f1-b254-c15884314ff7] USER: laptop is running slow
2025-10-28 13:20:17,986 | INFO | MainThread | [air-971a806f-409a-45f1-b254-c15884314ff7] STATE=waiting_for_query | USER='laptop is running slow'
2025-10-28 13:20:23,354 | ERROR | AnyIO worker thread | [global] ❌ Session init failed: Cannot copy out of meta tensor; no data! Please use torch.nn.Module.to_empty() instead of torch.nn.Module.to() when moving module from meta to a different device.
Traceback (most recent call last):
  File "D:\AIR-DATA\Prototype\api_server.py", line 127, in start_chat
    logic = ChatLogic()
  File "D:\AIR-DATA\Prototype\src\logic.py", line 87, in __init__
    self.model = self._get_sentence_model()
  File "D:\AIR-DATA\Prototype\src\logic.py", line 99, in _get_sentence_model
    cls._sentence_model = cls._load_or_cache_model()
  File "D:\AIR-DATA\Prototype\src\logic.py", line 116, in _load_or_cache_model
    return SentenceTransformer('all-MiniLM-L6-v2')
  File "D:\AIR-DATA\Prototype\.venv\lib\site-packages\sentence_transformers\SentenceTransformer.py", line 367, in __init__
    self.to(device)
  File "D:\AIR-DATA\Prototype\.venv\lib\site-packages\torch\nn\modules\module.py", line 1369, in to
    return self._apply(convert)
  File "D:\AIR-DATA\Prototype\.venv\lib\site-packages\torch\nn\modules\module.py", line 928, in _apply
    module._apply(fn)
  File "D:\AIR-DATA\Prototype\.venv\lib\site-packages\torch\nn\modules\module.py", line 928, in _apply
    module._apply(fn)
  File "D:\AIR-DATA\Prototype\.venv\lib\site-packages\torch\nn\modules\module.py", line 928, in _apply
    module._apply(fn)
  [Previous line repeated 1 more time]
  File "D:\AIR-DATA\Prototype\.venv\lib\site-packages\torch\nn\modules\module.py", line 955, in _apply
    param_applied = fn(param)
  File "D:\AIR-DATA\Prototype\.venv\lib\site-packages\torch\nn\modules\module.py", line 1362, in convert
    raise NotImplementedError(
NotImplementedError: Cannot copy out of meta tensor; no data! Please use torch.nn.Module.to_empty() instead of torch.nn.Module.to() when moving module from meta to a different device.
2025-10-28 13:20:23,452 | ERROR | AnyIO worker thread | [global] ❌ Session init failed: Cannot copy out of meta tensor; no data! Please use torch.nn.Module.to_empty() instead of torch.nn.Module.to() when moving module from meta to a different device.
Traceback (most recent call last):
  File "D:\AIR-DATA\Prototype\api_server.py", line 127, in start_chat
    logic = ChatLogic()
  File "D:\AIR-DATA\Prototype\src\logic.py", line 87, in __init__
    self.model = self._get_sentence_model()
  File "D:\AIR-DATA\Prototype\src\logic.py", line 99, in _get_sentence_model
    cls._sentence_model = cls._load_or_cache_model()
  File "D:\AIR-DATA\Prototype\src\logic.py", line 116, in _load_or_cache_model
    return SentenceTransformer('all-MiniLM-L6-v2')
  File "D:\AIR-DATA\Prototype\.venv\lib\site-packages\sentence_transformers\SentenceTransformer.py", line 367, in __init__
    self.to(device)
  File "D:\AIR-DATA\Prototype\.venv\lib\site-packages\torch\nn\modules\module.py", line 1369, in to
    return self._apply(convert)
  File "D:\AIR-DATA\Prototype\.venv\lib\site-packages\torch\nn\modules\module.py", line 928, in _apply
    module._apply(fn)
  File "D:\AIR-DATA\Prototype\.venv\lib\site-packages\torch\nn\modules\module.py", line 928, in _apply
    module._apply(fn)
  File "D:\AIR-DATA\Prototype\.venv\lib\site-packages\torch\nn\modules\module.py", line 928, in _apply
    module._apply(fn)
  [Previous line repeated 1 more time]
  File "D:\AIR-DATA\Prototype\.venv\lib\site-packages\torch\nn\modules\module.py", line 955, in _apply
    param_applied = fn(param)
  File "D:\AIR-DATA\Prototype\.venv\lib\site-packages\torch\nn\modules\module.py", line 1362, in convert
    raise NotImplementedError(
NotImplementedError: Cannot copy out of meta tensor; no data! Please use torch.nn.Module.to_empty() instead of torch.nn.Module.to() when moving module from meta to a different device.
2025-10-28 13:20:24,314 | ERROR | AnyIO worker thread | [global] ❌ Session init failed: Cannot copy out of meta tensor; no data! Please use torch.nn.Module.to_empty() instead of torch.nn.Module.to() when moving module from meta to a different device.
Traceback (most recent call last):
  File "D:\AIR-DATA\Prototype\api_server.py", line 127, in start_chat
    logic = ChatLogic()
  File "D:\AIR-DATA\Prototype\src\logic.py", line 87, in __init__
    self.model = self._get_sentence_model()
  File "D:\AIR-DATA\Prototype\src\logic.py", line 99, in _get_sentence_model
    cls._sentence_model = cls._load_or_cache_model()
  File "D:\AIR-DATA\Prototype\src\logic.py", line 116, in _load_or_cache_model
    return SentenceTransformer('all-MiniLM-L6-v2')
  File "D:\AIR-DATA\Prototype\.venv\lib\site-packages\sentence_transformers\SentenceTransformer.py", line 367, in __init__
    self.to(device)
  File "D:\AIR-DATA\Prototype\.venv\lib\site-packages\torch\nn\modules\module.py", line 1369, in to
    return self._apply(convert)
  File "D:\AIR-DATA\Prototype\.venv\lib\site-packages\torch\nn\modules\module.py", line 928, in _apply
    module._apply(fn)
  File "D:\AIR-DATA\Prototype\.venv\lib\site-packages\torch\nn\modules\module.py", line 928, in _apply
    module._apply(fn)
  File "D:\AIR-DATA\Prototype\.venv\lib\site-packages\torch\nn\modules\module.py", line 928, in _apply
    module._apply(fn)
  [Previous line repeated 1 more time]
  File "D:\AIR-DATA\Prototype\.venv\lib\site-packages\torch\nn\modules\module.py", line 955, in _apply
    param_applied = fn(param)
  File "D:\AIR-DATA\Prototype\.venv\lib\site-packages\torch\nn\modules\module.py", line 1362, in convert
    raise NotImplementedError(
NotImplementedError: Cannot copy out of meta tensor; no data! Please use torch.nn.Module.to_empty() instead of torch.nn.Module.to() when moving module from meta to a different device.
2025-10-28 13:20:24,323 | ERROR | AnyIO worker thread | [global] ❌ Session init failed: Cannot copy out of meta tensor; no data! Please use torch.nn.Module.to_empty() instead of torch.nn.Module.to() when moving module from meta to a different device.
Traceback (most recent call last):
  File "D:\AIR-DATA\Prototype\api_server.py", line 127, in start_chat
    logic = ChatLogic()
  File "D:\AIR-DATA\Prototype\src\logic.py", line 87, in __init__
    self.model = self._get_sentence_model()
  File "D:\AIR-DATA\Prototype\src\logic.py", line 99, in _get_sentence_model
    cls._sentence_model = cls._load_or_cache_model()
  File "D:\AIR-DATA\Prototype\src\logic.py", line 116, in _load_or_cache_model
    return SentenceTransformer('all-MiniLM-L6-v2')
  File "D:\AIR-DATA\Prototype\.venv\lib\site-packages\sentence_transformers\SentenceTransformer.py", line 367, in __init__
    self.to(device)
  File "D:\AIR-DATA\Prototype\.venv\lib\site-packages\torch\nn\modules\module.py", line 1369, in to
    return self._apply(convert)
  File "D:\AIR-DATA\Prototype\.venv\lib\site-packages\torch\nn\modules\module.py", line 928, in _apply
    module._apply(fn)
  File "D:\AIR-DATA\Prototype\.venv\lib\site-packages\torch\nn\modules\module.py", line 928, in _apply
    module._apply(fn)
  File "D:\AIR-DATA\Prototype\.venv\lib\site-packages\torch\nn\modules\module.py", line 928, in _apply
    module._apply(fn)
  [Previous line repeated 1 more time]
  File "D:\AIR-DATA\Prototype\.venv\lib\site-packages\torch\nn\modules\module.py", line 955, in _apply
    param_applied = fn(param)
  File "D:\AIR-DATA\Prototype\.venv\lib\site-packages\torch\nn\modules\module.py", line 1362, in convert
    raise NotImplementedError(
NotImplementedError: Cannot copy out of meta tensor; no data! Please use torch.nn.Module.to_empty() instead of torch.nn.Module.to() when moving module from meta to a different device.
2025-10-28 13:20:24,324 | ERROR | AnyIO worker thread | [global] ❌ Session init failed: Cannot copy out of meta tensor; no data! Please use torch.nn.Module.to_empty() instead of torch.nn.Module.to() when moving module from meta to a different device.
Traceback (most recent call last):
  File "D:\AIR-DATA\Prototype\api_server.py", line 127, in start_chat
    logic = ChatLogic()
  File "D:\AIR-DATA\Prototype\src\logic.py", line 87, in __init__
    self.model = self._get_sentence_model()
  File "D:\AIR-DATA\Prototype\src\logic.py", line 99, in _get_sentence_model
    cls._sentence_model = cls._load_or_cache_model()
  File "D:\AIR-DATA\Prototype\src\logic.py", line 116, in _load_or_cache_model
    return SentenceTransformer('all-MiniLM-L6-v2')
  File "D:\AIR-DATA\Prototype\.venv\lib\site-packages\sentence_transformers\SentenceTransformer.py", line 367, in __init__
    self.to(device)
  File "D:\AIR-DATA\Prototype\.venv\lib\site-packages\torch\nn\modules\module.py", line 1369, in to
    return self._apply(convert)
  File "D:\AIR-DATA\Prototype\.venv\lib\site-packages\torch\nn\modules\module.py", line 928, in _apply
    module._apply(fn)
  File "D:\AIR-DATA\Prototype\.venv\lib\site-packages\torch\nn\modules\module.py", line 928, in _apply
    module._apply(fn)
  File "D:\AIR-DATA\Prototype\.venv\lib\site-packages\torch\nn\modules\module.py", line 928, in _apply
    module._apply(fn)
  [Previous line repeated 1 more time]
  File "D:\AIR-DATA\Prototype\.venv\lib\site-packages\torch\nn\modules\module.py", line 955, in _apply
    param_applied = fn(param)
  File "D:\AIR-DATA\Prototype\.venv\lib\site-packages\torch\nn\modules\module.py", line 1362, in convert
    raise NotImplementedError(
NotImplementedError: Cannot copy out of meta tensor; no data! Please use torch.nn.Module.to_empty() instead of torch.nn.Module.to() when moving module from meta to a different device.
2025-10-28 13:20:24,324 | ERROR | AnyIO worker thread | [global] ❌ Session init failed: Cannot copy out of meta tensor; no data! Please use torch.nn.Module.to_empty() instead of torch.nn.Module.to() when moving module from meta to a different device.
Traceback (most recent call last):
  File "D:\AIR-DATA\Prototype\api_server.py", line 127, in start_chat
    logic = ChatLogic()
  File "D:\AIR-DATA\Prototype\src\logic.py", line 87, in __init__
    self.model = self._get_sentence_model()
  File "D:\AIR-DATA\Prototype\src\logic.py", line 99, in _get_sentence_model
    cls._sentence_model = cls._load_or_cache_model()
  File "D:\AIR-DATA\Prototype\src\logic.py", line 116, in _load_or_cache_model
    return SentenceTransformer('all-MiniLM-L6-v2')
  File "D:\AIR-DATA\Prototype\.venv\lib\site-packages\sentence_transformers\SentenceTransformer.py", line 367, in __init__
    self.to(device)
  File "D:\AIR-DATA\Prototype\.venv\lib\site-packages\torch\nn\modules\module.py", line 1369, in to
    return self._apply(convert)
  File "D:\AIR-DATA\Prototype\.venv\lib\site-packages\torch\nn\modules\module.py", line 928, in _apply
    module._apply(fn)
  File "D:\AIR-DATA\Prototype\.venv\lib\site-packages\torch\nn\modules\module.py", line 928, in _apply
    module._apply(fn)
  File "D:\AIR-DATA\Prototype\.venv\lib\site-packages\torch\nn\modules\module.py", line 928, in _apply
    module._apply(fn)
  [Previous line repeated 1 more time]
  File "D:\AIR-DATA\Prototype\.venv\lib\site-packages\torch\nn\modules\module.py", line 955, in _apply
    param_applied = fn(param)
  File "D:\AIR-DATA\Prototype\.venv\lib\site-packages\torch\nn\modules\module.py", line 1362, in convert
    raise NotImplementedError(
NotImplementedError: Cannot copy out of meta tensor; no data! Please use torch.nn.Module.to_empty() instead of torch.nn.Module.to() when moving module from meta to a different device.
2025-10-28 13:20:24,326 | ERROR | AnyIO worker thread | [global] ❌ Session init failed: Cannot copy out of meta tensor; no data! Please use torch.nn.Module.to_empty() instead of torch.nn.Module.to() when moving module from meta to a different device.
Traceback (most recent call last):
  File "D:\AIR-DATA\Prototype\api_server.py", line 127, in start_chat
    logic = ChatLogic()
  File "D:\AIR-DATA\Prototype\src\logic.py", line 87, in __init__
    self.model = self._get_sentence_model()
  File "D:\AIR-DATA\Prototype\src\logic.py", line 99, in _get_sentence_model
    cls._sentence_model = cls._load_or_cache_model()
  File "D:\AIR-DATA\Prototype\src\logic.py", line 116, in _load_or_cache_model
    return SentenceTransformer('all-MiniLM-L6-v2')
  File "D:\AIR-DATA\Prototype\.venv\lib\site-packages\sentence_transformers\SentenceTransformer.py", line 367, in __init__
    self.to(device)
  File "D:\AIR-DATA\Prototype\.venv\lib\site-packages\torch\nn\modules\module.py", line 1369, in to
    return self._apply(convert)
  File "D:\AIR-DATA\Prototype\.venv\lib\site-packages\torch\nn\modules\module.py", line 928, in _apply
    module._apply(fn)
  File "D:\AIR-DATA\Prototype\.venv\lib\site-packages\torch\nn\modules\module.py", line 928, in _apply
    module._apply(fn)
  File "D:\AIR-DATA\Prototype\.venv\lib\site-packages\torch\nn\modules\module.py", line 928, in _apply
    module._apply(fn)
  [Previous line repeated 1 more time]
  File "D:\AIR-DATA\Prototype\.venv\lib\site-packages\torch\nn\modules\module.py", line 955, in _apply
    param_applied = fn(param)
  File "D:\AIR-DATA\Prototype\.venv\lib\site-packages\torch\nn\modules\module.py", line 1362, in convert
    raise NotImplementedError(
NotImplementedError: Cannot copy out of meta tensor; no data! Please use torch.nn.Module.to_empty() instead of torch.nn.Module.to() when moving module from meta to a different device.
2025-10-28 13:20:24,328 | ERROR | AnyIO worker thread | [global] ❌ Session init failed: Cannot copy out of meta tensor; no data! Please use torch.nn.Module.to_empty() instead of torch.nn.Module.to() when moving module from meta to a different device.
Traceback (most recent call last):
  File "D:\AIR-DATA\Prototype\api_server.py", line 127, in start_chat
    logic = ChatLogic()
  File "D:\AIR-DATA\Prototype\src\logic.py", line 87, in __init__
    self.model = self._get_sentence_model()
  File "D:\AIR-DATA\Prototype\src\logic.py", line 99, in _get_sentence_model
    cls._sentence_model = cls._load_or_cache_model()
  File "D:\AIR-DATA\Prototype\src\logic.py", line 116, in _load_or_cache_model
    return SentenceTransformer('all-MiniLM-L6-v2')
  File "D:\AIR-DATA\Prototype\.venv\lib\site-packages\sentence_transformers\SentenceTransformer.py", line 367, in __init__
    self.to(device)
  File "D:\AIR-DATA\Prototype\.venv\lib\site-packages\torch\nn\modules\module.py", line 1369, in to
    return self._apply(convert)
  File "D:\AIR-DATA\Prototype\.venv\lib\site-packages\torch\nn\modules\module.py", line 928, in _apply
    module._apply(fn)
  File "D:\AIR-DATA\Prototype\.venv\lib\site-packages\torch\nn\modules\module.py", line 928, in _apply
    module._apply(fn)
  File "D:\AIR-DATA\Prototype\.venv\lib\site-packages\torch\nn\modules\module.py", line 928, in _apply
    module._apply(fn)
  [Previous line repeated 1 more time]
  File "D:\AIR-DATA\Prototype\.venv\lib\site-packages\torch\nn\modules\module.py", line 955, in _apply
    param_applied = fn(param)
  File "D:\AIR-DATA\Prototype\.venv\lib\site-packages\torch\nn\modules\module.py", line 1362, in convert
    raise NotImplementedError(
NotImplementedError: Cannot copy out of meta tensor; no data! Please use torch.nn.Module.to_empty() instead of torch.nn.Module.to() when moving module from meta to a different device.
2025-10-28 13:20:24,329 | ERROR | AnyIO worker thread | [global] ❌ Session init failed: Cannot copy out of meta tensor; no data! Please use torch.nn.Module.to_empty() instead of torch.nn.Module.to() when moving module from meta to a different device.
Traceback (most recent call last):
  File "D:\AIR-DATA\Prototype\api_server.py", line 127, in start_chat
    logic = ChatLogic()
  File "D:\AIR-DATA\Prototype\src\logic.py", line 87, in __init__
    self.model = self._get_sentence_model()
  File "D:\AIR-DATA\Prototype\src\logic.py", line 99, in _get_sentence_model
    cls._sentence_model = cls._load_or_cache_model()
  File "D:\AIR-DATA\Prototype\src\logic.py", line 116, in _load_or_cache_model
    return SentenceTransformer('all-MiniLM-L6-v2')
  File "D:\AIR-DATA\Prototype\.venv\lib\site-packages\sentence_transformers\SentenceTransformer.py", line 367, in __init__
    self.to(device)
  File "D:\AIR-DATA\Prototype\.venv\lib\site-packages\torch\nn\modules\module.py", line 1369, in to
    return self._apply(convert)
  File "D:\AIR-DATA\Prototype\.venv\lib\site-packages\torch\nn\modules\module.py", line 928, in _apply
    module._apply(fn)
  File "D:\AIR-DATA\Prototype\.venv\lib\site-packages\torch\nn\modules\module.py", line 928, in _apply
    module._apply(fn)
  File "D:\AIR-DATA\Prototype\.venv\lib\site-packages\torch\nn\modules\module.py", line 928, in _apply
    module._apply(fn)
  [Previous line repeated 1 more time]
  File "D:\AIR-DATA\Prototype\.venv\lib\site-packages\torch\nn\modules\module.py", line 955, in _apply
    param_applied = fn(param)
  File "D:\AIR-DATA\Prototype\.venv\lib\site-packages\torch\nn\modules\module.py", line 1362, in convert
    raise NotImplementedError(
NotImplementedError: Cannot copy out of meta tensor; no data! Please use torch.nn.Module.to_empty() instead of torch.nn.Module.to() when moving module from meta to a different device.
2025-10-28 13:20:30,320 | INFO | MainThread | [global] [air-971a806f-409a-45f1-b254-c15884314ff7] BOT: I found these top categories for your issue — please reply with the number (1-3) of the best match:
1. Laptop Issues
2. WAN / Internet
3. Network Performance
2025-10-28 13:20:32,304 | INFO | MainThread | [global] [air-971a806f-409a-45f1-b254-c15884314ff7] USER: 3
2025-10-28 13:20:32,305 | INFO | MainThread | [air-971a806f-409a-45f1-b254-c15884314ff7] STATE=waiting_for_category | USER='3'
2025-10-28 13:20:34,371 | INFO | MainThread | [global] [air-971a806f-409a-45f1-b254-c15884314ff7] BOT: Is it just the laptop, or does the desktop feel slow too?
2025-10-28 13:21:30,144 | INFO | AnyIO worker thread | [global] 🆕 New session started: air-3c2cd706-b70e-4839-847f-3d6bb4cf332d
2025-10-28 13:21:30,153 | INFO | AnyIO worker thread | [global] 🆕 New session started: air-4d0a2478-b87a-46dd-984a-c749f1d64e86
2025-10-28 13:21:30,153 | INFO | AnyIO worker thread | [global] 🆕 New session started: air-6649736b-1790-4032-a2d0-1cd4bab8e804
2025-10-28 13:21:30,154 | INFO | AnyIO worker thread | [global] 🆕 New session started: air-6bead54c-1e99-474c-8ebf-ae3e79494169
2025-10-28 13:21:30,156 | INFO | AnyIO worker thread | [global] 🆕 New session started: air-00660907-c05f-4932-b4cc-b430f8c12026
2025-10-28 13:21:30,156 | INFO | AnyIO worker thread | [global] 🆕 New session started: air-9510974a-ab79-46bc-99a3-60739e0fa3c7
2025-10-28 13:21:30,156 | INFO | AnyIO worker thread | [global] 🆕 New session started: air-5ffea502-5b69-4d5b-a49a-7064052ddd8a
2025-10-28 13:21:30,157 | INFO | AnyIO worker thread | [global] 🆕 New session started: air-b32ff147-1b4c-4c39-9b5c-7659c959ac8f
2025-10-28 13:21:30,160 | INFO | AnyIO worker thread | [global] 🆕 New session started: air-e1b21588-7272-4687-b399-7604727732e0
2025-10-28 13:21:30,162 | INFO | AnyIO worker thread | [global] 🆕 New session started: air-ea20ee28-c9ab-4e4d-8f6b-152232fe2286
2025-10-28 13:21:31,250 | INFO | MainThread | [global] [air-4d0a2478-b87a-46dd-984a-c749f1d64e86] USER: need access for D365
2025-10-28 13:21:31,250 | INFO | MainThread | [air-4d0a2478-b87a-46dd-984a-c749f1d64e86] STATE=waiting_for_query | USER='need access for D365'
2025-10-28 13:21:37,923 | INFO | MainThread | [global] [air-4d0a2478-b87a-46dd-984a-c749f1d64e86] BOT: I found these top categories for your issue — please reply with the number (1-3) of the best match:
1. External System Interfaces
2. Email & Collaboration
3. Mailbox & Group Emails
2025-10-28 13:21:37,924 | INFO | MainThread | [global] [air-ea20ee28-c9ab-4e4d-8f6b-152232fe2286] USER: unable to access shared folder
2025-10-28 13:21:37,925 | INFO | MainThread | [air-ea20ee28-c9ab-4e4d-8f6b-152232fe2286] STATE=waiting_for_query | USER='unable to access shared folder'
2025-10-28 13:21:46,585 | INFO | MainThread | [global] [air-ea20ee28-c9ab-4e4d-8f6b-152232fe2286] BOT: I found these top categories for your issue — please reply with the number (1-3) of the best match:
1. Storage & Keys
2. SharePoint / OneDrive
3. SharePoint / OneDrive
2025-10-28 13:21:46,589 | INFO | MainThread | [global] [air-6bead54c-1e99-474c-8ebf-ae3e79494169] USER: VPN not connecting
2025-10-28 13:21:46,589 | INFO | MainThread | [air-6bead54c-1e99-474c-8ebf-ae3e79494169] STATE=waiting_for_query | USER='VPN not connecting'
2025-10-28 13:22:00,225 | INFO | MainThread | [global] [air-6bead54c-1e99-474c-8ebf-ae3e79494169] BOT: I found these top categories for your issue — please reply with the number (1-3) of the best match:
1. VPN Access & Connectivity
2. VPN & Remote Access
3. Certificates & DNS
2025-10-28 13:22:00,226 | INFO | MainThread | [global] [air-3c2cd706-b70e-4839-847f-3d6bb4cf332d] USER: unable to connect to wifi
2025-10-28 13:22:00,227 | INFO | MainThread | [air-3c2cd706-b70e-4839-847f-3d6bb4cf332d] STATE=waiting_for_query | USER='unable to connect to wifi'
2025-10-28 13:22:08,317 | INFO | MainThread | [global] [air-3c2cd706-b70e-4839-847f-3d6bb4cf332d] BOT: I found these top categories for your issue — please reply with the number (1-3) of the best match:
1. Wi-Fi Issues
2. Certificates & DNS
3. VPN Access & Connectivity
2025-10-28 13:22:08,319 | INFO | MainThread | [global] [air-5ffea502-5b69-4d5b-a49a-7064052ddd8a] USER: forgot password for Jira
2025-10-28 13:22:08,319 | INFO | MainThread | [air-5ffea502-5b69-4d5b-a49a-7064052ddd8a] STATE=waiting_for_query | USER='forgot password for Jira'
2025-10-28 13:22:17,222 | INFO | MainThread | [global] [air-5ffea502-5b69-4d5b-a49a-7064052ddd8a] BOT: I found these top categories for your issue — please reply with the number (1-3) of the best match:
1. Authentication & MFA
2. Unauthorized Access
3. ERP Access & Permissions
2025-10-28 13:22:17,223 | INFO | MainThread | [global] [air-6649736b-1790-4032-a2d0-1cd4bab8e804] USER: laptop is running slow
2025-10-28 13:22:17,223 | INFO | MainThread | [air-6649736b-1790-4032-a2d0-1cd4bab8e804] STATE=waiting_for_query | USER='laptop is running slow'
2025-10-28 13:22:26,412 | INFO | MainThread | [global] [air-6649736b-1790-4032-a2d0-1cd4bab8e804] BOT: I found these top categories for your issue — please reply with the number (1-3) of the best match:
1. Laptop Issues
2. WAN / Internet
3. Network Performance
2025-10-28 13:22:26,413 | INFO | MainThread | [global] [air-e1b21588-7272-4687-b399-7604727732e0] USER: Teams keeps crashing
2025-10-28 13:22:26,414 | INFO | MainThread | [air-e1b21588-7272-4687-b399-7604727732e0] STATE=waiting_for_query | USER='Teams keeps crashing'
2025-10-28 13:22:32,753 | INFO | MainThread | [global] [air-e1b21588-7272-4687-b399-7604727732e0] BOT: I found these top categories for your issue — please reply with the number (1-3) of the best match:
1. Teams / Voice
2. Wi-Fi Issues
3. General Troubleshooting
2025-10-28 13:22:32,755 | INFO | MainThread | [global] [air-9510974a-ab79-46bc-99a3-60739e0fa3c7] USER: system not booting up
2025-10-28 13:22:32,755 | INFO | MainThread | [air-9510974a-ab79-46bc-99a3-60739e0fa3c7] STATE=waiting_for_query | USER='system not booting up'
2025-10-28 13:22:39,880 | INFO | MainThread | [global] [air-9510974a-ab79-46bc-99a3-60739e0fa3c7] BOT: I found these top categories for your issue — please reply with the number (1-3) of the best match:
1. Laptop Issues
2. LAN / Port Issues
3. Asset & Backup
2025-10-28 13:22:39,881 | INFO | MainThread | [global] [air-4d0a2478-b87a-46dd-984a-c749f1d64e86] USER: 1
2025-10-28 13:22:39,882 | INFO | MainThread | [air-4d0a2478-b87a-46dd-984a-c749f1d64e86] STATE=waiting_for_category | USER='1'
2025-10-28 13:22:41,558 | INFO | MainThread | [global] [air-4d0a2478-b87a-46dd-984a-c749f1d64e86] BOT: Is this for access to data or apps?
2025-10-28 13:22:41,560 | INFO | MainThread | [global] [air-00660907-c05f-4932-b4cc-b430f8c12026] USER: email not syncing in Outlook
2025-10-28 13:22:41,560 | INFO | MainThread | [air-00660907-c05f-4932-b4cc-b430f8c12026] STATE=waiting_for_query | USER='email not syncing in Outlook'
2025-10-28 13:22:47,742 | INFO | MainThread | [global] [air-00660907-c05f-4932-b4cc-b430f8c12026] BOT: I found these top categories for your issue — please reply with the number (1-3) of the best match:
1. Email & Collaboration
2. Data Issues / Schema & Object Changes / Data Sync Failures
3. Mailbox & Group Emails
2025-10-28 13:22:47,743 | INFO | MainThread | [global] [air-b32ff147-1b4c-4c39-9b5c-7659c959ac8f] USER: printer not detected
2025-10-28 13:22:47,744 | INFO | MainThread | [air-b32ff147-1b4c-4c39-9b5c-7659c959ac8f] STATE=waiting_for_query | USER='printer not detected'
2025-10-28 13:22:52,392 | INFO | MainThread | [global] [air-b32ff147-1b4c-4c39-9b5c-7659c959ac8f] BOT: I found these top categories for your issue — please reply with the number (1-3) of the best match:
1. Printer Issues
2. LAN / Port Issues
3. Laptop Issues
2025-10-28 13:22:52,393 | INFO | MainThread | [global] 🧹 Cleaning stale session air-971a806f-409a-45f1-b254-c15884314ff7
2025-10-28 13:22:52,440 | INFO | MainThread | [global] [air-6bead54c-1e99-474c-8ebf-ae3e79494169] USER: 1
2025-10-28 13:22:52,441 | INFO | MainThread | [air-6bead54c-1e99-474c-8ebf-ae3e79494169] STATE=waiting_for_category | USER='1'
2025-10-28 13:22:54,120 | INFO | MainThread | [global] [air-6bead54c-1e99-474c-8ebf-ae3e79494169] BOT: Is it connecting to any server?
2025-10-28 13:22:54,122 | INFO | MainThread | [global] [air-3c2cd706-b70e-4839-847f-3d6bb4cf332d] USER: 1
2025-10-28 13:22:54,123 | INFO | MainThread | [air-3c2cd706-b70e-4839-847f-3d6bb4cf332d] STATE=waiting_for_category | USER='1'
2025-10-28 13:22:55,572 | INFO | MainThread | [global] [air-3c2cd706-b70e-4839-847f-3d6bb4cf332d] BOT: Is your router working?
2025-10-28 13:22:55,574 | INFO | MainThread | [global] [air-6649736b-1790-4032-a2d0-1cd4bab8e804] USER: 2
2025-10-28 13:22:55,574 | INFO | MainThread | [air-6649736b-1790-4032-a2d0-1cd4bab8e804] STATE=waiting_for_category | USER='2'
2025-10-28 13:22:57,644 | INFO | MainThread | [global] [air-6649736b-1790-4032-a2d0-1cd4bab8e804] BOT: Is it just the laptop, or the whole system?
2025-10-28 13:22:57,646 | INFO | MainThread | [global] [air-5ffea502-5b69-4d5b-a49a-7064052ddd8a] USER: 3
2025-10-28 13:22:57,646 | INFO | MainThread | [air-5ffea502-5b69-4d5b-a49a-7064052ddd8a] STATE=waiting_for_category | USER='3'
2025-10-28 13:22:59,183 | INFO | MainThread | [global] [air-5ffea502-5b69-4d5b-a49a-7064052ddd8a] BOT: Is it for your personal account?
2025-10-28 13:22:59,185 | INFO | MainThread | [global] [air-e1b21588-7272-4687-b399-7604727732e0] USER: 1
2025-10-28 13:22:59,186 | INFO | MainThread | [air-e1b21588-7272-4687-b399-7604727732e0] STATE=waiting_for_category | USER='1'
2025-10-28 13:23:00,911 | INFO | MainThread | [global] [air-e1b21588-7272-4687-b399-7604727732e0] BOT: Is it crashing when you join a meeting?
2025-10-28 13:23:00,913 | INFO | MainThread | [global] [air-9510974a-ab79-46bc-99a3-60739e0fa3c7] USER: 3
2025-10-28 13:23:00,913 | INFO | MainThread | [air-9510974a-ab79-46bc-99a3-60739e0fa3c7] STATE=waiting_for_category | USER='3'
2025-10-28 13:23:02,454 | INFO | MainThread | [global] [air-9510974a-ab79-46bc-99a3-60739e0fa3c7] BOT: Is it showing an error message?
2025-10-28 13:23:02,456 | INFO | MainThread | [global] [air-ea20ee28-c9ab-4e4d-8f6b-152232fe2286] USER: 2
2025-10-28 13:23:02,457 | INFO | MainThread | [air-ea20ee28-c9ab-4e4d-8f6b-152232fe2286] STATE=waiting_for_category | USER='2'
2025-10-28 13:23:04,332 | INFO | MainThread | [global] [air-ea20ee28-c9ab-4e4d-8f6b-152232fe2286] BOT: Can you access it from your device?
2025-10-28 13:23:04,334 | INFO | MainThread | [global] [air-4d0a2478-b87a-46dd-984a-c749f1d64e86] USER: auto_answer_1_2
2025-10-28 13:23:04,334 | INFO | MainThread | [air-4d0a2478-b87a-46dd-984a-c749f1d64e86] STATE=waiting_q1 | USER='auto_answer_1_2'
2025-10-28 13:23:06,225 | INFO | MainThread | [global] [air-4d0a2478-b87a-46dd-984a-c749f1d64e86] BOT: Is this for a single interface or multiple?
2025-10-28 13:23:06,226 | INFO | MainThread | [global] [air-00660907-c05f-4932-b4cc-b430f8c12026] USER: 2
2025-10-28 13:23:06,226 | INFO | MainThread | [air-00660907-c05f-4932-b4cc-b430f8c12026] STATE=waiting_for_category | USER='2'
2025-10-28 13:23:07,539 | INFO | MainThread | [global] [air-00660907-c05f-4932-b4cc-b430f8c12026] BOT: Is it syncing at all?
2025-10-28 13:23:07,543 | INFO | MainThread | [global] [air-6bead54c-1e99-474c-8ebf-ae3e79494169] USER: auto_answer_1_4
2025-10-28 13:23:07,544 | INFO | MainThread | [air-6bead54c-1e99-474c-8ebf-ae3e79494169] STATE=waiting_q1 | USER='auto_answer_1_4'
2025-10-28 13:23:09,109 | INFO | MainThread | [global] [air-6bead54c-1e99-474c-8ebf-ae3e79494169] BOT: Is this affecting all users?
2025-10-28 13:23:09,111 | INFO | MainThread | [global] [air-3c2cd706-b70e-4839-847f-3d6bb4cf332d] USER: auto_answer_1_1
2025-10-28 13:23:09,112 | INFO | MainThread | [air-3c2cd706-b70e-4839-847f-3d6bb4cf332d] STATE=waiting_q1 | USER='auto_answer_1_1'
2025-10-28 13:23:10,798 | INFO | MainThread | [global] [air-3c2cd706-b70e-4839-847f-3d6bb4cf332d] BOT: Is it a single device or multiple devices?
2025-10-28 13:23:10,800 | INFO | MainThread | [global] [air-5ffea502-5b69-4d5b-a49a-7064052ddd8a] USER: auto_answer_1_6
2025-10-28 13:23:10,800 | INFO | MainThread | [air-5ffea502-5b69-4d5b-a49a-7064052ddd8a] STATE=waiting_q1 | USER='auto_answer_1_6'
2025-10-28 13:23:12,510 | INFO | MainThread | [global] [air-5ffea502-5b69-4d5b-a49a-7064052ddd8a] BOT: Is this for a single user or multiple users?
2025-10-28 13:23:12,512 | INFO | MainThread | [global] [air-e1b21588-7272-4687-b399-7604727732e0] USER: auto_answer_1_9
2025-10-28 13:23:12,512 | INFO | MainThread | [air-e1b21588-7272-4687-b399-7604727732e0] STATE=waiting_q1 | USER='auto_answer_1_9'
2025-10-28 13:23:14,237 | INFO | MainThread | [global] [air-e1b21588-7272-4687-b399-7604727732e0] BOT: Is this affecting your account only or multiple users?
2025-10-28 13:23:14,238 | INFO | MainThread | [global] [air-9510974a-ab79-46bc-99a3-60739e0fa3c7] USER: auto_answer_1_7
2025-10-28 13:23:14,239 | INFO | MainThread | [air-9510974a-ab79-46bc-99a3-60739e0fa3c7] STATE=waiting_q1 | USER='auto_answer_1_7'
2025-10-28 13:23:15,915 | INFO | MainThread | [global] [air-9510974a-ab79-46bc-99a3-60739e0fa3c7] BOT: Is it a single system or multiple systems?
2025-10-28 13:23:15,917 | INFO | MainThread | [global] [air-ea20ee28-c9ab-4e4d-8f6b-152232fe2286] USER: auto_answer_1_10
2025-10-28 13:23:15,918 | INFO | MainThread | [air-ea20ee28-c9ab-4e4d-8f6b-152232fe2286] STATE=waiting_q1 | USER='auto_answer_1_10'
2025-10-28 13:23:17,602 | INFO | MainThread | [global] [air-ea20ee28-c9ab-4e4d-8f6b-152232fe2286] BOT: Is this affecting only your files or others?
2025-10-28 13:23:17,604 | INFO | MainThread | [global] [air-6649736b-1790-4032-a2d0-1cd4bab8e804] USER: auto_answer_1_3
2025-10-28 13:23:17,604 | INFO | MainThread | [air-6649736b-1790-4032-a2d0-1cd4bab8e804] STATE=waiting_q1 | USER='auto_answer_1_3'
2025-10-28 13:23:19,327 | INFO | MainThread | [global] [air-6649736b-1790-4032-a2d0-1cd4bab8e804] BOT: Is this affecting only one device or multiple users?
2025-10-28 13:23:19,329 | INFO | MainThread | [global] [air-b32ff147-1b4c-4c39-9b5c-7659c959ac8f] USER: 2
2025-10-28 13:23:19,329 | INFO | MainThread | [air-b32ff147-1b4c-4c39-9b5c-7659c959ac8f] STATE=waiting_for_category | USER='2'
2025-10-28 13:23:20,685 | INFO | MainThread | [global] [air-b32ff147-1b4c-4c39-9b5c-7659c959ac8f] BOT: Is the printer online or offline?
2025-10-28 13:23:20,690 | INFO | MainThread | [global] [air-6bead54c-1e99-474c-8ebf-ae3e79494169] USER: auto_answer_2_4
2025-10-28 13:23:20,690 | INFO | MainThread | [air-6bead54c-1e99-474c-8ebf-ae3e79494169] STATE=waiting_q2 | USER='auto_answer_2_4'
2025-10-28 13:23:23,083 | INFO | MainThread | [global] [air-6bead54c-1e99-474c-8ebf-ae3e79494169] BOT: "Has the VPN been configured to use a specific server or profile, or is it relying on auto-selection?"
2025-10-28 13:23:23,085 | INFO | MainThread | [global] [air-3c2cd706-b70e-4839-847f-3d6bb4cf332d] USER: auto_answer_2_1
2025-10-28 13:23:23,086 | INFO | MainThread | [air-3c2cd706-b70e-4839-847f-3d6bb4cf332d] STATE=waiting_q2 | USER='auto_answer_2_1'
2025-10-28 13:23:25,002 | INFO | MainThread | [global] [air-3c2cd706-b70e-4839-847f-3d6bb4cf332d] BOT: Have you tried restarting your router or device?
2025-10-28 13:23:25,004 | INFO | MainThread | [global] [air-5ffea502-5b69-4d5b-a49a-7064052ddd8a] USER: auto_answer_2_6
2025-10-28 13:23:25,004 | INFO | MainThread | [air-5ffea502-5b69-4d5b-a49a-7064052ddd8a] STATE=waiting_q2 | USER='auto_answer_2_6'
2025-10-28 13:23:27,302 | INFO | MainThread | [global] [air-5ffea502-5b69-4d5b-a49a-7064052ddd8a] BOT: Have you verified that the account is active and the password reset link was sent to the correct email?
2025-10-28 13:23:27,303 | INFO | MainThread | [global] [air-e1b21588-7272-4687-b399-7604727732e0] USER: auto_answer_2_9
2025-10-28 13:23:27,304 | INFO | MainThread | [air-e1b21588-7272-4687-b399-7604727732e0] STATE=waiting_q2 | USER='auto_answer_2_9'
2025-10-28 13:23:29,494 | INFO | MainThread | [global] [air-e1b21588-7272-4687-b399-7604727732e0] BOT: Have you tried restarting Teams or your device before joining a meeting?
2025-10-28 13:23:29,495 | INFO | MainThread | [global] [air-9510974a-ab79-46bc-99a3-60739e0fa3c7] USER: auto_answer_2_7
2025-10-28 13:23:29,496 | INFO | MainThread | [air-9510974a-ab79-46bc-99a3-60739e0fa3c7] STATE=waiting_q2 | USER='auto_answer_2_7'
2025-10-28 13:23:31,720 | INFO | MainThread | [global] [air-9510974a-ab79-46bc-99a3-60739e0fa3c7] BOT: Has the system attempted a power cycle or reboot after the error occurred?
2025-10-28 13:23:31,721 | INFO | MainThread | [global] [air-ea20ee28-c9ab-4e4d-8f6b-152232fe2286] USER: auto_answer_2_10
2025-10-28 13:23:31,722 | INFO | MainThread | [air-ea20ee28-c9ab-4e4d-8f6b-152232fe2286] STATE=waiting_q2 | USER='auto_answer_2_10'
2025-10-28 13:23:33,859 | INFO | MainThread | [global] [air-ea20ee28-c9ab-4e4d-8f6b-152232fe2286] BOT: Have you tried accessing the shared folder through the web client or desktop app?
2025-10-28 13:23:33,860 | INFO | MainThread | [global] [air-4d0a2478-b87a-46dd-984a-c749f1d64e86] USER: auto_answer_2_2
2025-10-28 13:23:33,861 | INFO | MainThread | [air-4d0a2478-b87a-46dd-984a-c749f1d64e86] STATE=waiting_q2 | USER='auto_answer_2_2'
2025-10-28 13:23:36,294 | INFO | MainThread | [global] [air-4d0a2478-b87a-46dd-984a-c749f1d64e86] BOT: Have you verified the specific D365 environment (e.g., production, sandbox) and the required permissions?
2025-10-28 13:23:36,295 | INFO | MainThread | [global] [air-00660907-c05f-4932-b4cc-b430f8c12026] USER: auto_answer_1_5
2025-10-28 13:23:36,295 | INFO | MainThread | [air-00660907-c05f-4932-b4cc-b430f8c12026] STATE=waiting_q1 | USER='auto_answer_1_5'
2025-10-28 13:23:37,868 | INFO | MainThread | [global] [air-00660907-c05f-4932-b4cc-b430f8c12026] BOT: Is it syncing at all?
2025-10-28 13:23:37,873 | INFO | MainThread | [global] [air-6bead54c-1e99-474c-8ebf-ae3e79494169] USER: auto_answer_3_4
2025-10-28 13:23:37,874 | INFO | MainThread | [air-6bead54c-1e99-474c-8ebf-ae3e79494169] STATE=waiting_q3 | USER='auto_answer_3_4'
2025-10-28 13:23:37,874 | INFO | MainThread | [global] [air-6bead54c-1e99-474c-8ebf-ae3e79494169] BOT: Please provide some more context or details about the issue, in form of text or screenshots. (optional)
2025-10-28 13:23:37,875 | INFO | MainThread | [global] [air-3c2cd706-b70e-4839-847f-3d6bb4cf332d] USER: auto_answer_3_1
2025-10-28 13:23:37,876 | INFO | MainThread | [air-3c2cd706-b70e-4839-847f-3d6bb4cf332d] STATE=waiting_q3 | USER='auto_answer_3_1'
2025-10-28 13:23:37,876 | INFO | MainThread | [global] [air-3c2cd706-b70e-4839-847f-3d6bb4cf332d] BOT: Please provide some more context or details about the issue, in form of text or screenshots. (optional)
2025-10-28 13:23:37,877 | INFO | MainThread | [global] [air-5ffea502-5b69-4d5b-a49a-7064052ddd8a] USER: auto_answer_3_6
2025-10-28 13:23:37,878 | INFO | MainThread | [air-5ffea502-5b69-4d5b-a49a-7064052ddd8a] STATE=waiting_q3 | USER='auto_answer_3_6'
2025-10-28 13:23:37,878 | INFO | MainThread | [global] [air-5ffea502-5b69-4d5b-a49a-7064052ddd8a] BOT: Please provide some more context or details about the issue, in form of text or screenshots. (optional)
2025-10-28 13:23:37,879 | INFO | MainThread | [global] [air-e1b21588-7272-4687-b399-7604727732e0] USER: auto_answer_3_9
2025-10-28 13:23:37,880 | INFO | MainThread | [air-e1b21588-7272-4687-b399-7604727732e0] STATE=waiting_q3 | USER='auto_answer_3_9'
2025-10-28 13:23:37,880 | INFO | MainThread | [global] [air-e1b21588-7272-4687-b399-7604727732e0] BOT: Please provide some more context or details about the issue, in form of text or screenshots. (optional)
2025-10-28 13:23:37,883 | INFO | MainThread | [global] [air-9510974a-ab79-46bc-99a3-60739e0fa3c7] USER: auto_answer_3_7
2025-10-28 13:23:37,884 | INFO | MainThread | [air-9510974a-ab79-46bc-99a3-60739e0fa3c7] STATE=waiting_q3 | USER='auto_answer_3_7'
2025-10-28 13:23:37,884 | INFO | MainThread | [global] [air-9510974a-ab79-46bc-99a3-60739e0fa3c7] BOT: Please provide some more context or details about the issue, in form of text or screenshots. (optional)
2025-10-28 13:23:37,886 | INFO | MainThread | [global] [air-ea20ee28-c9ab-4e4d-8f6b-152232fe2286] USER: auto_answer_3_10
2025-10-28 13:23:37,887 | INFO | MainThread | [air-ea20ee28-c9ab-4e4d-8f6b-152232fe2286] STATE=waiting_q3 | USER='auto_answer_3_10'
2025-10-28 13:23:37,887 | INFO | MainThread | [global] [air-ea20ee28-c9ab-4e4d-8f6b-152232fe2286] BOT: Please provide some more context or details about the issue, in form of text or screenshots. (optional)
2025-10-28 13:23:37,890 | INFO | MainThread | [global] [air-4d0a2478-b87a-46dd-984a-c749f1d64e86] USER: auto_answer_3_2
2025-10-28 13:23:37,890 | INFO | MainThread | [air-4d0a2478-b87a-46dd-984a-c749f1d64e86] STATE=waiting_q3 | USER='auto_answer_3_2'
2025-10-28 13:23:37,891 | INFO | MainThread | [global] [air-4d0a2478-b87a-46dd-984a-c749f1d64e86] BOT: Please provide some more context or details about the issue, in form of text or screenshots. (optional)
2025-10-28 13:23:37,893 | INFO | MainThread | [global] [air-6649736b-1790-4032-a2d0-1cd4bab8e804] USER: auto_answer_2_3
2025-10-28 13:23:37,894 | INFO | MainThread | [air-6649736b-1790-4032-a2d0-1cd4bab8e804] STATE=waiting_q2 | USER='auto_answer_2_3'
2025-10-28 13:23:39,953 | INFO | MainThread | [global] [air-6649736b-1790-4032-a2d0-1cd4bab8e804] BOT: Have you checked if the laptop has enough RAM or storage space?
2025-10-28 13:23:39,955 | INFO | MainThread | [global] [air-b32ff147-1b4c-4c39-9b5c-7659c959ac8f] USER: auto_answer_1_8
2025-10-28 13:23:39,956 | INFO | MainThread | [air-b32ff147-1b4c-4c39-9b5c-7659c959ac8f] STATE=waiting_q1 | USER='auto_answer_1_8'
2025-10-28 13:23:41,648 | INFO | MainThread | [global] [air-b32ff147-1b4c-4c39-9b5c-7659c959ac8f] BOT: Is this a single or multiple port issue?
2025-10-28 13:23:41,654 | INFO | MainThread | [global] [air-6bead54c-1e99-474c-8ebf-ae3e79494169] USER: auto_answer_4_4
2025-10-28 13:23:41,654 | INFO | MainThread | [air-6bead54c-1e99-474c-8ebf-ae3e79494169] STATE=waiting_q4 | USER='auto_answer_4_4'
2025-10-28 13:23:42,314 | INFO | MainThread | [air-6bead54c-1e99-474c-8ebf-ae3e79494169] BOT: Ticket creation returned: 401 - {"errorMessages":["You do not have permission to create issues in this project."],"errors":{}}

Your issue has been processed successfully.
You can start a new chat if you'd like to raise another ticket. | NEXT_STATE: final
2025-10-28 13:23:42,316 | INFO | MainThread | [global] [air-6bead54c-1e99-474c-8ebf-ae3e79494169] BOT: Ticket creation returned: 401 - {"errorMessages":["You do not have permission to create issues in this project."],"errors":{}}
2025-10-28 13:23:42,316 | INFO | MainThread | [global] [air-6bead54c-1e99-474c-8ebf-ae3e79494169] ✅ Chat completed.
2025-10-28 13:23:42,318 | INFO | MainThread | [global] [air-3c2cd706-b70e-4839-847f-3d6bb4cf332d] USER: auto_answer_4_1
2025-10-28 13:23:42,319 | INFO | MainThread | [air-3c2cd706-b70e-4839-847f-3d6bb4cf332d] STATE=waiting_q4 | USER='auto_answer_4_1'
2025-10-28 13:23:43,171 | INFO | MainThread | [air-3c2cd706-b70e-4839-847f-3d6bb4cf332d] BOT: Ticket creation returned: 401 - {"errorMessages":["You do not have permission to create issues in this project."],"errors":{}}

Your issue has been processed successfully.
You can start a new chat if you'd like to raise another ticket. | NEXT_STATE: final
2025-10-28 13:23:43,172 | INFO | MainThread | [global] [air-3c2cd706-b70e-4839-847f-3d6bb4cf332d] BOT: Ticket creation returned: 401 - {"errorMessages":["You do not have permission to create issues in this project."],"errors":{}}
2025-10-28 13:23:43,173 | INFO | MainThread | [global] [air-3c2cd706-b70e-4839-847f-3d6bb4cf332d] ✅ Chat completed.
2025-10-28 13:23:43,175 | INFO | MainThread | [global] [air-6649736b-1790-4032-a2d0-1cd4bab8e804] USER: auto_answer_3_3
2025-10-28 13:23:43,175 | INFO | MainThread | [air-6649736b-1790-4032-a2d0-1cd4bab8e804] STATE=waiting_q3 | USER='auto_answer_3_3'
2025-10-28 13:23:43,175 | INFO | MainThread | [global] [air-6649736b-1790-4032-a2d0-1cd4bab8e804] BOT: Please provide some more context or details about the issue, in form of text or screenshots. (optional)
2025-10-28 13:23:43,177 | INFO | MainThread | [global] [air-5ffea502-5b69-4d5b-a49a-7064052ddd8a] USER: auto_answer_4_6
2025-10-28 13:23:43,177 | INFO | MainThread | [air-5ffea502-5b69-4d5b-a49a-7064052ddd8a] STATE=waiting_q4 | USER='auto_answer_4_6'
2025-10-28 13:23:44,674 | INFO | MainThread | [air-5ffea502-5b69-4d5b-a49a-7064052ddd8a] BOT: Ticket creation returned: 401 - {"errorMessages":["You do not have permission to create issues in this project."],"errors":{}}

Your issue has been processed successfully.
You can start a new chat if you'd like to raise another ticket. | NEXT_STATE: final
2025-10-28 13:23:44,675 | INFO | MainThread | [global] [air-5ffea502-5b69-4d5b-a49a-7064052ddd8a] BOT: Ticket creation returned: 401 - {"errorMessages":["You do not have permission to create issues in this project."],"errors":{}}
2025-10-28 13:23:44,676 | INFO | MainThread | [global] [air-5ffea502-5b69-4d5b-a49a-7064052ddd8a] ✅ Chat completed.
2025-10-28 13:23:44,678 | INFO | MainThread | [global] [air-e1b21588-7272-4687-b399-7604727732e0] USER: auto_answer_4_9
2025-10-28 13:23:44,678 | INFO | MainThread | [air-e1b21588-7272-4687-b399-7604727732e0] STATE=waiting_q4 | USER='auto_answer_4_9'
2025-10-28 13:23:46,649 | INFO | MainThread | [air-e1b21588-7272-4687-b399-7604727732e0] BOT: Ticket creation returned: 401 - {"errorMessages":["You do not have permission to create issues in this project."],"errors":{}}

Your issue has been processed successfully.
You can start a new chat if you'd like to raise another ticket. | NEXT_STATE: final
2025-10-28 13:23:46,651 | INFO | MainThread | [global] [air-e1b21588-7272-4687-b399-7604727732e0] BOT: Ticket creation returned: 401 - {"errorMessages":["You do not have permission to create issues in this project."],"errors":{}}
2025-10-28 13:23:46,651 | INFO | MainThread | [global] [air-e1b21588-7272-4687-b399-7604727732e0] ✅ Chat completed.
2025-10-28 13:23:46,653 | INFO | MainThread | [global] [air-9510974a-ab79-46bc-99a3-60739e0fa3c7] USER: auto_answer_4_7
2025-10-28 13:23:46,653 | INFO | MainThread | [air-9510974a-ab79-46bc-99a3-60739e0fa3c7] STATE=waiting_q4 | USER='auto_answer_4_7'
2025-10-28 13:23:47,224 | INFO | MainThread | [air-9510974a-ab79-46bc-99a3-60739e0fa3c7] BOT: Ticket creation returned: 401 - {"errorMessages":["You do not have permission to create issues in this project."],"errors":{}}

Your issue has been processed successfully.
You can start a new chat if you'd like to raise another ticket. | NEXT_STATE: final
2025-10-28 13:23:47,226 | INFO | MainThread | [global] [air-9510974a-ab79-46bc-99a3-60739e0fa3c7] BOT: Ticket creation returned: 401 - {"errorMessages":["You do not have permission to create issues in this project."],"errors":{}}
2025-10-28 13:23:47,226 | INFO | MainThread | [global] [air-9510974a-ab79-46bc-99a3-60739e0fa3c7] ✅ Chat completed.
2025-10-28 13:23:47,228 | INFO | MainThread | [global] [air-ea20ee28-c9ab-4e4d-8f6b-152232fe2286] USER: auto_answer_4_10
2025-10-28 13:23:47,229 | INFO | MainThread | [air-ea20ee28-c9ab-4e4d-8f6b-152232fe2286] STATE=waiting_q4 | USER='auto_answer_4_10'
2025-10-28 13:23:48,363 | INFO | MainThread | [air-ea20ee28-c9ab-4e4d-8f6b-152232fe2286] BOT: Ticket creation returned: 401 - {"errorMessages":["You do not have permission to create issues in this project."],"errors":{}}

Your issue has been processed successfully.
You can start a new chat if you'd like to raise another ticket. | NEXT_STATE: final
2025-10-28 13:23:48,364 | INFO | MainThread | [global] [air-ea20ee28-c9ab-4e4d-8f6b-152232fe2286] BOT: Ticket creation returned: 401 - {"errorMessages":["You do not have permission to create issues in this project."],"errors":{}}
2025-10-28 13:23:48,365 | INFO | MainThread | [global] [air-ea20ee28-c9ab-4e4d-8f6b-152232fe2286] ✅ Chat completed.
2025-10-28 13:23:48,368 | INFO | MainThread | [global] [air-4d0a2478-b87a-46dd-984a-c749f1d64e86] USER: auto_answer_4_2
2025-10-28 13:23:48,369 | INFO | MainThread | [air-4d0a2478-b87a-46dd-984a-c749f1d64e86] STATE=waiting_q4 | USER='auto_answer_4_2'
2025-10-28 13:23:49,494 | INFO | MainThread | [air-4d0a2478-b87a-46dd-984a-c749f1d64e86] BOT: Ticket creation returned: 401 - {"errorMessages":["You do not have permission to create issues in this project."],"errors":{}}

Your issue has been processed successfully.
You can start a new chat if you'd like to raise another ticket. | NEXT_STATE: final
2025-10-28 13:23:49,496 | INFO | MainThread | [global] [air-4d0a2478-b87a-46dd-984a-c749f1d64e86] BOT: Ticket creation returned: 401 - {"errorMessages":["You do not have permission to create issues in this project."],"errors":{}}
2025-10-28 13:23:49,496 | INFO | MainThread | [global] [air-4d0a2478-b87a-46dd-984a-c749f1d64e86] ✅ Chat completed.
2025-10-28 13:23:49,498 | INFO | MainThread | [global] [air-00660907-c05f-4932-b4cc-b430f8c12026] USER: auto_answer_2_5
2025-10-28 13:23:49,498 | INFO | MainThread | [air-00660907-c05f-4932-b4cc-b430f8c12026] STATE=waiting_q2 | USER='auto_answer_2_5'
2025-10-28 13:23:51,890 | INFO | MainThread | [global] [air-00660907-c05f-4932-b4cc-b430f8c12026] BOT: Has the email been successfully synced with any other device or account?
2025-10-28 13:23:51,895 | INFO | MainThread | [global] [air-6649736b-1790-4032-a2d0-1cd4bab8e804] USER: auto_answer_4_3
2025-10-28 13:23:51,895 | INFO | MainThread | [air-6649736b-1790-4032-a2d0-1cd4bab8e804] STATE=waiting_q4 | USER='auto_answer_4_3'
2025-10-28 13:23:52,324 | INFO | ThreadPoolExecutor-1_0 | [global] Session air-6bead54c-1e99-474c-8ebf-ae3e79494169 cleaned up after completion.
2025-10-28 13:23:53,178 | INFO | ThreadPoolExecutor-1_1 | [global] Session air-3c2cd706-b70e-4839-847f-3d6bb4cf332d cleaned up after completion.
2025-10-28 13:23:53,479 | INFO | MainThread | [air-6649736b-1790-4032-a2d0-1cd4bab8e804] BOT: Ticket creation returned: 401 - {"errorMessages":["You do not have permission to create issues in this project."],"errors":{}}

Your issue has been processed successfully.
You can start a new chat if you'd like to raise another ticket. | NEXT_STATE: final
2025-10-28 13:23:53,481 | INFO | MainThread | [global] [air-6649736b-1790-4032-a2d0-1cd4bab8e804] BOT: Ticket creation returned: 401 - {"errorMessages":["You do not have permission to create issues in this project."],"errors":{}}
2025-10-28 13:23:53,481 | INFO | MainThread | [global] [air-6649736b-1790-4032-a2d0-1cd4bab8e804] ✅ Chat completed.
2025-10-28 13:23:53,482 | INFO | MainThread | [global] [air-b32ff147-1b4c-4c39-9b5c-7659c959ac8f] USER: auto_answer_2_8
2025-10-28 13:23:53,483 | INFO | MainThread | [air-b32ff147-1b4c-4c39-9b5c-7659c959ac8f] STATE=waiting_q2 | USER='auto_answer_2_8'
2025-10-28 13:23:54,684 | INFO | ThreadPoolExecutor-1_2 | [global] Session air-5ffea502-5b69-4d5b-a49a-7064052ddd8a cleaned up after completion.
2025-10-28 13:23:55,687 | INFO | MainThread | [global] [air-b32ff147-1b4c-4c39-9b5c-7659c959ac8f] BOT: Has the printer been connected to a network or is it directly connected to a computer?
2025-10-28 13:23:55,689 | INFO | MainThread | [global] [air-00660907-c05f-4932-b4cc-b430f8c12026] USER: auto_answer_3_5
2025-10-28 13:23:55,689 | INFO | MainThread | [air-00660907-c05f-4932-b4cc-b430f8c12026] STATE=waiting_q3 | USER='auto_answer_3_5'
2025-10-28 13:23:55,690 | INFO | MainThread | [global] [air-00660907-c05f-4932-b4cc-b430f8c12026] BOT: Please provide some more context or details about the issue, in form of text or screenshots. (optional)
2025-10-28 13:23:56,654 | INFO | ThreadPoolExecutor-1_3 | [global] Session air-e1b21588-7272-4687-b399-7604727732e0 cleaned up after completion.
2025-10-28 13:23:57,229 | INFO | ThreadPoolExecutor-1_4 | [global] Session air-9510974a-ab79-46bc-99a3-60739e0fa3c7 cleaned up after completion.
2025-10-28 13:23:57,230 | INFO | MainThread | [global] [air-00660907-c05f-4932-b4cc-b430f8c12026] USER: auto_answer_4_5
2025-10-28 13:23:57,231 | INFO | MainThread | [air-00660907-c05f-4932-b4cc-b430f8c12026] STATE=waiting_q4 | USER='auto_answer_4_5'
2025-10-28 13:23:57,981 | INFO | MainThread | [air-00660907-c05f-4932-b4cc-b430f8c12026] BOT: Ticket creation returned: 401 - {"errorMessages":["You do not have permission to create issues in this project."],"errors":{}}

Your issue has been processed successfully.
You can start a new chat if you'd like to raise another ticket. | NEXT_STATE: final
2025-10-28 13:23:57,983 | INFO | MainThread | [global] [air-00660907-c05f-4932-b4cc-b430f8c12026] BOT: Ticket creation returned: 401 - {"errorMessages":["You do not have permission to create issues in this project."],"errors":{}}
2025-10-28 13:23:57,983 | INFO | MainThread | [global] [air-00660907-c05f-4932-b4cc-b430f8c12026] ✅ Chat completed.
2025-10-28 13:23:57,985 | INFO | MainThread | [global] [air-b32ff147-1b4c-4c39-9b5c-7659c959ac8f] USER: auto_answer_3_8
2025-10-28 13:23:57,986 | INFO | MainThread | [air-b32ff147-1b4c-4c39-9b5c-7659c959ac8f] STATE=waiting_q3 | USER='auto_answer_3_8'
2025-10-28 13:23:57,986 | INFO | MainThread | [global] [air-b32ff147-1b4c-4c39-9b5c-7659c959ac8f] BOT: Please provide some more context or details about the issue, in form of text or screenshots. (optional)
2025-10-28 13:23:58,368 | INFO | ThreadPoolExecutor-1_5 | [global] Session air-ea20ee28-c9ab-4e4d-8f6b-152232fe2286 cleaned up after completion.
2025-10-28 13:23:59,072 | INFO | MainThread | [global] [air-b32ff147-1b4c-4c39-9b5c-7659c959ac8f] USER: auto_answer_4_8
2025-10-28 13:23:59,072 | INFO | MainThread | [air-b32ff147-1b4c-4c39-9b5c-7659c959ac8f] STATE=waiting_q4 | USER='auto_answer_4_8'
2025-10-28 13:23:59,499 | INFO | ThreadPoolExecutor-1_6 | [global] Session air-4d0a2478-b87a-46dd-984a-c749f1d64e86 cleaned up after completion.
2025-10-28 13:23:59,618 | INFO | MainThread | [air-b32ff147-1b4c-4c39-9b5c-7659c959ac8f] BOT: Ticket creation returned: 401 - {"errorMessages":["You do not have permission to create issues in this project."],"errors":{}}

Your issue has been processed successfully.
You can start a new chat if you'd like to raise another ticket. | NEXT_STATE: final
2025-10-28 13:23:59,620 | INFO | MainThread | [global] [air-b32ff147-1b4c-4c39-9b5c-7659c959ac8f] BOT: Ticket creation returned: 401 - {"errorMessages":["You do not have permission to create issues in this project."],"errors":{}}
2025-10-28 13:23:59,620 | INFO | MainThread | [global] [air-b32ff147-1b4c-4c39-9b5c-7659c959ac8f] ✅ Chat completed.
2025-10-28 13:24:03,491 | INFO | ThreadPoolExecutor-1_0 | [global] Session air-6649736b-1790-4032-a2d0-1cd4bab8e804 cleaned up after completion.
2025-10-28 13:24:07,985 | INFO | ThreadPoolExecutor-1_1 | [global] Session air-00660907-c05f-4932-b4cc-b430f8c12026 cleaned up after completion.
2025-10-28 13:24:09,635 | INFO | ThreadPoolExecutor-1_3 | [global] Session air-b32ff147-1b4c-4c39-9b5c-7659c959ac8f cleaned up after completion.
2025-10-28 13:24:31,284 | INFO | MainThread | [global] 🔻 Shutting down API...
2025-10-28 13:24:31,284 | INFO | MainThread | [global] ✅ Shutdown cleanup complete.
2025-10-28 13:24:42,404 | INFO | MainThread | [global] 🚀 Starting IT Support Chatbot API...
2025-10-28 13:24:42,407 | INFO | MainThread | [global] ✅ Readiness check passed — env, dataset, and model cache OK.
2025-10-28 13:24:42,407 | INFO | MainThread | [global] 🧹 Background cleanup task started.
2025-10-28 13:25:07,379 | INFO | MainThread | [global] 🔻 Shutting down API...
2025-10-28 13:25:07,380 | INFO | MainThread | [global] ✅ Shutdown cleanup complete.
2025-10-28 13:25:17,512 | INFO | MainThread | [global] 🚀 Starting IT Support Chatbot API...
2025-10-28 13:25:17,514 | INFO | MainThread | [global] ✅ Readiness check passed — env, dataset, and model cache OK.
2025-10-28 13:25:17,515 | INFO | MainThread | [global] 🧹 Background cleanup task started.
2025-10-28 13:25:54,162 | INFO | MainThread | [global] 🔻 Shutting down API...
2025-10-28 13:25:54,163 | INFO | MainThread | [global] ✅ Shutdown cleanup complete.
2025-10-28 13:26:04,506 | INFO | MainThread | [global] 🚀 Starting IT Support Chatbot API...
2025-10-28 13:26:04,509 | INFO | MainThread | [global] ✅ Readiness check passed — env, dataset, and model cache OK.
2025-10-28 13:26:04,509 | INFO | MainThread | [global] 🧹 Background cleanup task started.
2025-10-28 13:28:56,660 | INFO | MainThread | [global] 🔻 Shutting down API...
2025-10-28 13:28:56,660 | INFO | MainThread | [global] ✅ Shutdown cleanup complete.
2025-10-28 13:29:07,330 | INFO | MainThread | [global] 🚀 Starting IT Support Chatbot API...
2025-10-28 13:29:07,332 | INFO | MainThread | [global] ✅ Readiness check passed — env, dataset, and model cache OK.
2025-10-28 13:29:07,332 | INFO | MainThread | [global] 🧹 Background cleanup task started.
2025-10-28 13:29:59,737 | INFO | MainThread | [global] 🔻 Shutting down API...
2025-10-28 13:29:59,737 | INFO | MainThread | [global] ✅ Shutdown cleanup complete.
2025-10-28 13:30:10,206 | INFO | MainThread | [global] 🚀 Starting IT Support Chatbot API...
2025-10-28 13:30:10,208 | INFO | MainThread | [global] ✅ Readiness check passed — env, dataset, and model cache OK.
2025-10-28 13:30:10,209 | INFO | MainThread | [global] 🧹 Background cleanup task started.
2025-10-28 13:30:13,755 | INFO | MainThread | [global] 🔻 Shutting down API...
2025-10-28 13:30:13,756 | INFO | MainThread | [global] ✅ Shutdown cleanup complete.
2025-10-28 13:30:24,554 | INFO | MainThread | [global] 🚀 Starting IT Support Chatbot API...
2025-10-28 13:30:24,557 | INFO | MainThread | [global] ✅ Readiness check passed — env, dataset, and model cache OK.
2025-10-28 13:30:24,557 | INFO | MainThread | [global] 🧹 Background cleanup task started.
2025-10-28 13:30:50,301 | INFO | MainThread | [global] 🔻 Shutting down API...
2025-10-28 13:30:50,301 | INFO | MainThread | [global] ✅ Shutdown cleanup complete.
2025-10-28 13:31:00,741 | INFO | MainThread | [global] 🚀 Starting IT Support Chatbot API...
2025-10-28 13:31:00,744 | INFO | MainThread | [global] ✅ Readiness check passed — env, dataset, and model cache OK.
2025-10-28 13:31:00,744 | INFO | MainThread | [global] 🧹 Background cleanup task started.
2025-10-28 13:31:58,532 | INFO | MainThread | [global] 🔻 Shutting down API...
2025-10-28 13:31:58,532 | INFO | MainThread | [global] ✅ Shutdown cleanup complete.
2025-10-28 13:32:08,397 | INFO | MainThread | [global] 🚀 Starting IT Support Chatbot API...
2025-10-28 13:32:08,399 | INFO | MainThread | [global] ✅ Readiness check passed — env, dataset, and model cache OK.
2025-10-28 13:32:08,399 | INFO | MainThread | [global] 🧹 Background cleanup task started.
2025-10-28 13:32:16,897 | ERROR | AnyIO worker thread | [global] ❌ Session init failed: Cannot copy out of meta tensor; no data! Please use torch.nn.Module.to_empty() instead of torch.nn.Module.to() when moving module from meta to a different device.
Traceback (most recent call last):
  File "D:\AIR-DATA\Prototype\api_server.py", line 127, in start_chat
    logic = ChatLogic()
  File "D:\AIR-DATA\Prototype\src\logic.py", line 88, in __init__
    self.model = self._get_sentence_model()
  File "D:\AIR-DATA\Prototype\src\logic.py", line 100, in _get_sentence_model
    cls._sentence_model = cls._load_or_cache_model()
  File "D:\AIR-DATA\Prototype\src\logic.py", line 117, in _load_or_cache_model
    return SentenceTransformer('all-MiniLM-L6-v2')
  File "D:\AIR-DATA\Prototype\.venv\lib\site-packages\sentence_transformers\SentenceTransformer.py", line 367, in __init__
    self.to(device)
  File "D:\AIR-DATA\Prototype\.venv\lib\site-packages\torch\nn\modules\module.py", line 1369, in to
    return self._apply(convert)
  File "D:\AIR-DATA\Prototype\.venv\lib\site-packages\torch\nn\modules\module.py", line 928, in _apply
    module._apply(fn)
  File "D:\AIR-DATA\Prototype\.venv\lib\site-packages\torch\nn\modules\module.py", line 928, in _apply
    module._apply(fn)
  File "D:\AIR-DATA\Prototype\.venv\lib\site-packages\torch\nn\modules\module.py", line 928, in _apply
    module._apply(fn)
  [Previous line repeated 1 more time]
  File "D:\AIR-DATA\Prototype\.venv\lib\site-packages\torch\nn\modules\module.py", line 955, in _apply
    param_applied = fn(param)
  File "D:\AIR-DATA\Prototype\.venv\lib\site-packages\torch\nn\modules\module.py", line 1362, in convert
    raise NotImplementedError(
NotImplementedError: Cannot copy out of meta tensor; no data! Please use torch.nn.Module.to_empty() instead of torch.nn.Module.to() when moving module from meta to a different device.
2025-10-28 13:32:18,017 | ERROR | AnyIO worker thread | [global] ❌ Session init failed: Cannot copy out of meta tensor; no data! Please use torch.nn.Module.to_empty() instead of torch.nn.Module.to() when moving module from meta to a different device.
Traceback (most recent call last):
  File "D:\AIR-DATA\Prototype\api_server.py", line 127, in start_chat
    logic = ChatLogic()
  File "D:\AIR-DATA\Prototype\src\logic.py", line 88, in __init__
    self.model = self._get_sentence_model()
  File "D:\AIR-DATA\Prototype\src\logic.py", line 100, in _get_sentence_model
    cls._sentence_model = cls._load_or_cache_model()
  File "D:\AIR-DATA\Prototype\src\logic.py", line 117, in _load_or_cache_model
    return SentenceTransformer('all-MiniLM-L6-v2')
  File "D:\AIR-DATA\Prototype\.venv\lib\site-packages\sentence_transformers\SentenceTransformer.py", line 367, in __init__
    self.to(device)
  File "D:\AIR-DATA\Prototype\.venv\lib\site-packages\torch\nn\modules\module.py", line 1369, in to
    return self._apply(convert)
  File "D:\AIR-DATA\Prototype\.venv\lib\site-packages\torch\nn\modules\module.py", line 928, in _apply
    module._apply(fn)
  File "D:\AIR-DATA\Prototype\.venv\lib\site-packages\torch\nn\modules\module.py", line 928, in _apply
    module._apply(fn)
  File "D:\AIR-DATA\Prototype\.venv\lib\site-packages\torch\nn\modules\module.py", line 928, in _apply
    module._apply(fn)
  [Previous line repeated 1 more time]
  File "D:\AIR-DATA\Prototype\.venv\lib\site-packages\torch\nn\modules\module.py", line 955, in _apply
    param_applied = fn(param)
  File "D:\AIR-DATA\Prototype\.venv\lib\site-packages\torch\nn\modules\module.py", line 1362, in convert
    raise NotImplementedError(
NotImplementedError: Cannot copy out of meta tensor; no data! Please use torch.nn.Module.to_empty() instead of torch.nn.Module.to() when moving module from meta to a different device.
2025-10-28 13:32:18,022 | ERROR | AnyIO worker thread | [global] ❌ Session init failed: Cannot copy out of meta tensor; no data! Please use torch.nn.Module.to_empty() instead of torch.nn.Module.to() when moving module from meta to a different device.
Traceback (most recent call last):
  File "D:\AIR-DATA\Prototype\api_server.py", line 127, in start_chat
    logic = ChatLogic()
  File "D:\AIR-DATA\Prototype\src\logic.py", line 88, in __init__
    self.model = self._get_sentence_model()
  File "D:\AIR-DATA\Prototype\src\logic.py", line 100, in _get_sentence_model
    cls._sentence_model = cls._load_or_cache_model()
  File "D:\AIR-DATA\Prototype\src\logic.py", line 117, in _load_or_cache_model
    return SentenceTransformer('all-MiniLM-L6-v2')
  File "D:\AIR-DATA\Prototype\.venv\lib\site-packages\sentence_transformers\SentenceTransformer.py", line 367, in __init__
    self.to(device)
  File "D:\AIR-DATA\Prototype\.venv\lib\site-packages\torch\nn\modules\module.py", line 1369, in to
    return self._apply(convert)
  File "D:\AIR-DATA\Prototype\.venv\lib\site-packages\torch\nn\modules\module.py", line 928, in _apply
    module._apply(fn)
  File "D:\AIR-DATA\Prototype\.venv\lib\site-packages\torch\nn\modules\module.py", line 928, in _apply
    module._apply(fn)
  File "D:\AIR-DATA\Prototype\.venv\lib\site-packages\torch\nn\modules\module.py", line 928, in _apply
    module._apply(fn)
  [Previous line repeated 1 more time]
  File "D:\AIR-DATA\Prototype\.venv\lib\site-packages\torch\nn\modules\module.py", line 955, in _apply
    param_applied = fn(param)
  File "D:\AIR-DATA\Prototype\.venv\lib\site-packages\torch\nn\modules\module.py", line 1362, in convert
    raise NotImplementedError(
NotImplementedError: Cannot copy out of meta tensor; no data! Please use torch.nn.Module.to_empty() instead of torch.nn.Module.to() when moving module from meta to a different device.
2025-10-28 13:32:18,025 | ERROR | AnyIO worker thread | [global] ❌ Session init failed: Cannot copy out of meta tensor; no data! Please use torch.nn.Module.to_empty() instead of torch.nn.Module.to() when moving module from meta to a different device.
Traceback (most recent call last):
  File "D:\AIR-DATA\Prototype\api_server.py", line 127, in start_chat
    logic = ChatLogic()
  File "D:\AIR-DATA\Prototype\src\logic.py", line 88, in __init__
    self.model = self._get_sentence_model()
  File "D:\AIR-DATA\Prototype\src\logic.py", line 100, in _get_sentence_model
    cls._sentence_model = cls._load_or_cache_model()
  File "D:\AIR-DATA\Prototype\src\logic.py", line 117, in _load_or_cache_model
    return SentenceTransformer('all-MiniLM-L6-v2')
  File "D:\AIR-DATA\Prototype\.venv\lib\site-packages\sentence_transformers\SentenceTransformer.py", line 367, in __init__
    self.to(device)
  File "D:\AIR-DATA\Prototype\.venv\lib\site-packages\torch\nn\modules\module.py", line 1369, in to
    return self._apply(convert)
  File "D:\AIR-DATA\Prototype\.venv\lib\site-packages\torch\nn\modules\module.py", line 928, in _apply
    module._apply(fn)
  File "D:\AIR-DATA\Prototype\.venv\lib\site-packages\torch\nn\modules\module.py", line 928, in _apply
    module._apply(fn)
  File "D:\AIR-DATA\Prototype\.venv\lib\site-packages\torch\nn\modules\module.py", line 928, in _apply
    module._apply(fn)
  [Previous line repeated 1 more time]
  File "D:\AIR-DATA\Prototype\.venv\lib\site-packages\torch\nn\modules\module.py", line 955, in _apply
    param_applied = fn(param)
  File "D:\AIR-DATA\Prototype\.venv\lib\site-packages\torch\nn\modules\module.py", line 1362, in convert
    raise NotImplementedError(
NotImplementedError: Cannot copy out of meta tensor; no data! Please use torch.nn.Module.to_empty() instead of torch.nn.Module.to() when moving module from meta to a different device.
2025-10-28 13:32:18,026 | ERROR | AnyIO worker thread | [global] ❌ Session init failed: Cannot copy out of meta tensor; no data! Please use torch.nn.Module.to_empty() instead of torch.nn.Module.to() when moving module from meta to a different device.
Traceback (most recent call last):
  File "D:\AIR-DATA\Prototype\api_server.py", line 127, in start_chat
    logic = ChatLogic()
  File "D:\AIR-DATA\Prototype\src\logic.py", line 88, in __init__
    self.model = self._get_sentence_model()
  File "D:\AIR-DATA\Prototype\src\logic.py", line 100, in _get_sentence_model
    cls._sentence_model = cls._load_or_cache_model()
  File "D:\AIR-DATA\Prototype\src\logic.py", line 117, in _load_or_cache_model
    return SentenceTransformer('all-MiniLM-L6-v2')
  File "D:\AIR-DATA\Prototype\.venv\lib\site-packages\sentence_transformers\SentenceTransformer.py", line 367, in __init__
    self.to(device)
  File "D:\AIR-DATA\Prototype\.venv\lib\site-packages\torch\nn\modules\module.py", line 1369, in to
    return self._apply(convert)
  File "D:\AIR-DATA\Prototype\.venv\lib\site-packages\torch\nn\modules\module.py", line 928, in _apply
    module._apply(fn)
  File "D:\AIR-DATA\Prototype\.venv\lib\site-packages\torch\nn\modules\module.py", line 928, in _apply
    module._apply(fn)
  File "D:\AIR-DATA\Prototype\.venv\lib\site-packages\torch\nn\modules\module.py", line 928, in _apply
    module._apply(fn)
  [Previous line repeated 1 more time]
  File "D:\AIR-DATA\Prototype\.venv\lib\site-packages\torch\nn\modules\module.py", line 955, in _apply
    param_applied = fn(param)
  File "D:\AIR-DATA\Prototype\.venv\lib\site-packages\torch\nn\modules\module.py", line 1362, in convert
    raise NotImplementedError(
NotImplementedError: Cannot copy out of meta tensor; no data! Please use torch.nn.Module.to_empty() instead of torch.nn.Module.to() when moving module from meta to a different device.
2025-10-28 13:32:18,027 | ERROR | AnyIO worker thread | [global] ❌ Session init failed: Cannot copy out of meta tensor; no data! Please use torch.nn.Module.to_empty() instead of torch.nn.Module.to() when moving module from meta to a different device.
Traceback (most recent call last):
  File "D:\AIR-DATA\Prototype\api_server.py", line 127, in start_chat
    logic = ChatLogic()
  File "D:\AIR-DATA\Prototype\src\logic.py", line 88, in __init__
    self.model = self._get_sentence_model()
  File "D:\AIR-DATA\Prototype\src\logic.py", line 100, in _get_sentence_model
    cls._sentence_model = cls._load_or_cache_model()
  File "D:\AIR-DATA\Prototype\src\logic.py", line 117, in _load_or_cache_model
    return SentenceTransformer('all-MiniLM-L6-v2')
  File "D:\AIR-DATA\Prototype\.venv\lib\site-packages\sentence_transformers\SentenceTransformer.py", line 367, in __init__
    self.to(device)
  File "D:\AIR-DATA\Prototype\.venv\lib\site-packages\torch\nn\modules\module.py", line 1369, in to
    return self._apply(convert)
  File "D:\AIR-DATA\Prototype\.venv\lib\site-packages\torch\nn\modules\module.py", line 928, in _apply
    module._apply(fn)
  File "D:\AIR-DATA\Prototype\.venv\lib\site-packages\torch\nn\modules\module.py", line 928, in _apply
    module._apply(fn)
  File "D:\AIR-DATA\Prototype\.venv\lib\site-packages\torch\nn\modules\module.py", line 928, in _apply
    module._apply(fn)
  [Previous line repeated 1 more time]
  File "D:\AIR-DATA\Prototype\.venv\lib\site-packages\torch\nn\modules\module.py", line 955, in _apply
    param_applied = fn(param)
  File "D:\AIR-DATA\Prototype\.venv\lib\site-packages\torch\nn\modules\module.py", line 1362, in convert
    raise NotImplementedError(
NotImplementedError: Cannot copy out of meta tensor; no data! Please use torch.nn.Module.to_empty() instead of torch.nn.Module.to() when moving module from meta to a different device.
2025-10-28 13:32:18,633 | ERROR | AnyIO worker thread | [global] ❌ Session init failed: Cannot copy out of meta tensor; no data! Please use torch.nn.Module.to_empty() instead of torch.nn.Module.to() when moving module from meta to a different device.
Traceback (most recent call last):
  File "D:\AIR-DATA\Prototype\api_server.py", line 127, in start_chat
    logic = ChatLogic()
  File "D:\AIR-DATA\Prototype\src\logic.py", line 88, in __init__
    self.model = self._get_sentence_model()
  File "D:\AIR-DATA\Prototype\src\logic.py", line 100, in _get_sentence_model
    cls._sentence_model = cls._load_or_cache_model()
  File "D:\AIR-DATA\Prototype\src\logic.py", line 117, in _load_or_cache_model
    return SentenceTransformer('all-MiniLM-L6-v2')
  File "D:\AIR-DATA\Prototype\.venv\lib\site-packages\sentence_transformers\SentenceTransformer.py", line 367, in __init__
    self.to(device)
  File "D:\AIR-DATA\Prototype\.venv\lib\site-packages\torch\nn\modules\module.py", line 1369, in to
    return self._apply(convert)
  File "D:\AIR-DATA\Prototype\.venv\lib\site-packages\torch\nn\modules\module.py", line 928, in _apply
    module._apply(fn)
  File "D:\AIR-DATA\Prototype\.venv\lib\site-packages\torch\nn\modules\module.py", line 928, in _apply
    module._apply(fn)
  File "D:\AIR-DATA\Prototype\.venv\lib\site-packages\torch\nn\modules\module.py", line 928, in _apply
    module._apply(fn)
  [Previous line repeated 1 more time]
  File "D:\AIR-DATA\Prototype\.venv\lib\site-packages\torch\nn\modules\module.py", line 955, in _apply
    param_applied = fn(param)
  File "D:\AIR-DATA\Prototype\.venv\lib\site-packages\torch\nn\modules\module.py", line 1362, in convert
    raise NotImplementedError(
NotImplementedError: Cannot copy out of meta tensor; no data! Please use torch.nn.Module.to_empty() instead of torch.nn.Module.to() when moving module from meta to a different device.
2025-10-28 13:32:18,633 | ERROR | AnyIO worker thread | [global] ❌ Session init failed: Cannot copy out of meta tensor; no data! Please use torch.nn.Module.to_empty() instead of torch.nn.Module.to() when moving module from meta to a different device.
Traceback (most recent call last):
  File "D:\AIR-DATA\Prototype\api_server.py", line 127, in start_chat
    logic = ChatLogic()
  File "D:\AIR-DATA\Prototype\src\logic.py", line 88, in __init__
    self.model = self._get_sentence_model()
  File "D:\AIR-DATA\Prototype\src\logic.py", line 100, in _get_sentence_model
    cls._sentence_model = cls._load_or_cache_model()
  File "D:\AIR-DATA\Prototype\src\logic.py", line 117, in _load_or_cache_model
    return SentenceTransformer('all-MiniLM-L6-v2')
  File "D:\AIR-DATA\Prototype\.venv\lib\site-packages\sentence_transformers\SentenceTransformer.py", line 367, in __init__
    self.to(device)
  File "D:\AIR-DATA\Prototype\.venv\lib\site-packages\torch\nn\modules\module.py", line 1369, in to
    return self._apply(convert)
  File "D:\AIR-DATA\Prototype\.venv\lib\site-packages\torch\nn\modules\module.py", line 928, in _apply
    module._apply(fn)
  File "D:\AIR-DATA\Prototype\.venv\lib\site-packages\torch\nn\modules\module.py", line 928, in _apply
    module._apply(fn)
  File "D:\AIR-DATA\Prototype\.venv\lib\site-packages\torch\nn\modules\module.py", line 928, in _apply
    module._apply(fn)
  [Previous line repeated 1 more time]
  File "D:\AIR-DATA\Prototype\.venv\lib\site-packages\torch\nn\modules\module.py", line 955, in _apply
    param_applied = fn(param)
  File "D:\AIR-DATA\Prototype\.venv\lib\site-packages\torch\nn\modules\module.py", line 1362, in convert
    raise NotImplementedError(
NotImplementedError: Cannot copy out of meta tensor; no data! Please use torch.nn.Module.to_empty() instead of torch.nn.Module.to() when moving module from meta to a different device.
2025-10-28 13:32:18,716 | ERROR | AnyIO worker thread | [global] ❌ Session init failed: Cannot copy out of meta tensor; no data! Please use torch.nn.Module.to_empty() instead of torch.nn.Module.to() when moving module from meta to a different device.
Traceback (most recent call last):
  File "D:\AIR-DATA\Prototype\api_server.py", line 127, in start_chat
    logic = ChatLogic()
  File "D:\AIR-DATA\Prototype\src\logic.py", line 88, in __init__
    self.model = self._get_sentence_model()
  File "D:\AIR-DATA\Prototype\src\logic.py", line 100, in _get_sentence_model
    cls._sentence_model = cls._load_or_cache_model()
  File "D:\AIR-DATA\Prototype\src\logic.py", line 117, in _load_or_cache_model
    return SentenceTransformer('all-MiniLM-L6-v2')
  File "D:\AIR-DATA\Prototype\.venv\lib\site-packages\sentence_transformers\SentenceTransformer.py", line 367, in __init__
    self.to(device)
  File "D:\AIR-DATA\Prototype\.venv\lib\site-packages\torch\nn\modules\module.py", line 1369, in to
    return self._apply(convert)
  File "D:\AIR-DATA\Prototype\.venv\lib\site-packages\torch\nn\modules\module.py", line 928, in _apply
    module._apply(fn)
  File "D:\AIR-DATA\Prototype\.venv\lib\site-packages\torch\nn\modules\module.py", line 928, in _apply
    module._apply(fn)
  File "D:\AIR-DATA\Prototype\.venv\lib\site-packages\torch\nn\modules\module.py", line 928, in _apply
    module._apply(fn)
  [Previous line repeated 1 more time]
  File "D:\AIR-DATA\Prototype\.venv\lib\site-packages\torch\nn\modules\module.py", line 955, in _apply
    param_applied = fn(param)
  File "D:\AIR-DATA\Prototype\.venv\lib\site-packages\torch\nn\modules\module.py", line 1362, in convert
    raise NotImplementedError(
NotImplementedError: Cannot copy out of meta tensor; no data! Please use torch.nn.Module.to_empty() instead of torch.nn.Module.to() when moving module from meta to a different device.
2025-10-28 13:32:19,062 | ERROR | AnyIO worker thread | [global] ❌ Session init failed: Cannot copy out of meta tensor; no data! Please use torch.nn.Module.to_empty() instead of torch.nn.Module.to() when moving module from meta to a different device.
Traceback (most recent call last):
  File "D:\AIR-DATA\Prototype\api_server.py", line 127, in start_chat
    logic = ChatLogic()
  File "D:\AIR-DATA\Prototype\src\logic.py", line 88, in __init__
    self.model = self._get_sentence_model()
  File "D:\AIR-DATA\Prototype\src\logic.py", line 100, in _get_sentence_model
    cls._sentence_model = cls._load_or_cache_model()
  File "D:\AIR-DATA\Prototype\src\logic.py", line 117, in _load_or_cache_model
    return SentenceTransformer('all-MiniLM-L6-v2')
  File "D:\AIR-DATA\Prototype\.venv\lib\site-packages\sentence_transformers\SentenceTransformer.py", line 367, in __init__
    self.to(device)
  File "D:\AIR-DATA\Prototype\.venv\lib\site-packages\torch\nn\modules\module.py", line 1369, in to
    return self._apply(convert)
  File "D:\AIR-DATA\Prototype\.venv\lib\site-packages\torch\nn\modules\module.py", line 928, in _apply
    module._apply(fn)
  File "D:\AIR-DATA\Prototype\.venv\lib\site-packages\torch\nn\modules\module.py", line 928, in _apply
    module._apply(fn)
  File "D:\AIR-DATA\Prototype\.venv\lib\site-packages\torch\nn\modules\module.py", line 928, in _apply
    module._apply(fn)
  [Previous line repeated 1 more time]
  File "D:\AIR-DATA\Prototype\.venv\lib\site-packages\torch\nn\modules\module.py", line 955, in _apply
    param_applied = fn(param)
  File "D:\AIR-DATA\Prototype\.venv\lib\site-packages\torch\nn\modules\module.py", line 1362, in convert
    raise NotImplementedError(
NotImplementedError: Cannot copy out of meta tensor; no data! Please use torch.nn.Module.to_empty() instead of torch.nn.Module.to() when moving module from meta to a different device.
2025-10-28 13:32:33,978 | ERROR | AnyIO worker thread | [global] ❌ Session init failed: Cannot copy out of meta tensor; no data! Please use torch.nn.Module.to_empty() instead of torch.nn.Module.to() when moving module from meta to a different device.
Traceback (most recent call last):
  File "D:\AIR-DATA\Prototype\api_server.py", line 127, in start_chat
    logic = ChatLogic()
  File "D:\AIR-DATA\Prototype\src\logic.py", line 88, in __init__
    self.model = self._get_sentence_model()
  File "D:\AIR-DATA\Prototype\src\logic.py", line 100, in _get_sentence_model
    cls._sentence_model = cls._load_or_cache_model()
  File "D:\AIR-DATA\Prototype\src\logic.py", line 117, in _load_or_cache_model
    return SentenceTransformer('all-MiniLM-L6-v2')
  File "D:\AIR-DATA\Prototype\.venv\lib\site-packages\sentence_transformers\SentenceTransformer.py", line 367, in __init__
    self.to(device)
  File "D:\AIR-DATA\Prototype\.venv\lib\site-packages\torch\nn\modules\module.py", line 1369, in to
    return self._apply(convert)
  File "D:\AIR-DATA\Prototype\.venv\lib\site-packages\torch\nn\modules\module.py", line 928, in _apply
    module._apply(fn)
  File "D:\AIR-DATA\Prototype\.venv\lib\site-packages\torch\nn\modules\module.py", line 928, in _apply
    module._apply(fn)
  File "D:\AIR-DATA\Prototype\.venv\lib\site-packages\torch\nn\modules\module.py", line 928, in _apply
    module._apply(fn)
  [Previous line repeated 1 more time]
  File "D:\AIR-DATA\Prototype\.venv\lib\site-packages\torch\nn\modules\module.py", line 955, in _apply
    param_applied = fn(param)
  File "D:\AIR-DATA\Prototype\.venv\lib\site-packages\torch\nn\modules\module.py", line 1362, in convert
    raise NotImplementedError(
NotImplementedError: Cannot copy out of meta tensor; no data! Please use torch.nn.Module.to_empty() instead of torch.nn.Module.to() when moving module from meta to a different device.
2025-10-28 13:32:34,410 | ERROR | AnyIO worker thread | [global] ❌ Session init failed: Cannot copy out of meta tensor; no data! Please use torch.nn.Module.to_empty() instead of torch.nn.Module.to() when moving module from meta to a different device.
Traceback (most recent call last):
  File "D:\AIR-DATA\Prototype\api_server.py", line 127, in start_chat
    logic = ChatLogic()
  File "D:\AIR-DATA\Prototype\src\logic.py", line 88, in __init__
    self.model = self._get_sentence_model()
  File "D:\AIR-DATA\Prototype\src\logic.py", line 100, in _get_sentence_model
    cls._sentence_model = cls._load_or_cache_model()
  File "D:\AIR-DATA\Prototype\src\logic.py", line 117, in _load_or_cache_model
    return SentenceTransformer('all-MiniLM-L6-v2')
  File "D:\AIR-DATA\Prototype\.venv\lib\site-packages\sentence_transformers\SentenceTransformer.py", line 367, in __init__
    self.to(device)
  File "D:\AIR-DATA\Prototype\.venv\lib\site-packages\torch\nn\modules\module.py", line 1369, in to
    return self._apply(convert)
  File "D:\AIR-DATA\Prototype\.venv\lib\site-packages\torch\nn\modules\module.py", line 928, in _apply
    module._apply(fn)
  File "D:\AIR-DATA\Prototype\.venv\lib\site-packages\torch\nn\modules\module.py", line 928, in _apply
    module._apply(fn)
  File "D:\AIR-DATA\Prototype\.venv\lib\site-packages\torch\nn\modules\module.py", line 928, in _apply
    module._apply(fn)
  [Previous line repeated 1 more time]
  File "D:\AIR-DATA\Prototype\.venv\lib\site-packages\torch\nn\modules\module.py", line 955, in _apply
    param_applied = fn(param)
  File "D:\AIR-DATA\Prototype\.venv\lib\site-packages\torch\nn\modules\module.py", line 1362, in convert
    raise NotImplementedError(
NotImplementedError: Cannot copy out of meta tensor; no data! Please use torch.nn.Module.to_empty() instead of torch.nn.Module.to() when moving module from meta to a different device.
2025-10-28 13:32:35,190 | ERROR | AnyIO worker thread | [global] ❌ Session init failed: Cannot copy out of meta tensor; no data! Please use torch.nn.Module.to_empty() instead of torch.nn.Module.to() when moving module from meta to a different device.
Traceback (most recent call last):
  File "D:\AIR-DATA\Prototype\api_server.py", line 127, in start_chat
    logic = ChatLogic()
  File "D:\AIR-DATA\Prototype\src\logic.py", line 88, in __init__
    self.model = self._get_sentence_model()
  File "D:\AIR-DATA\Prototype\src\logic.py", line 100, in _get_sentence_model
    cls._sentence_model = cls._load_or_cache_model()
  File "D:\AIR-DATA\Prototype\src\logic.py", line 117, in _load_or_cache_model
    return SentenceTransformer('all-MiniLM-L6-v2')
  File "D:\AIR-DATA\Prototype\.venv\lib\site-packages\sentence_transformers\SentenceTransformer.py", line 367, in __init__
    self.to(device)
  File "D:\AIR-DATA\Prototype\.venv\lib\site-packages\torch\nn\modules\module.py", line 1369, in to
    return self._apply(convert)
  File "D:\AIR-DATA\Prototype\.venv\lib\site-packages\torch\nn\modules\module.py", line 928, in _apply
    module._apply(fn)
  File "D:\AIR-DATA\Prototype\.venv\lib\site-packages\torch\nn\modules\module.py", line 928, in _apply
    module._apply(fn)
  File "D:\AIR-DATA\Prototype\.venv\lib\site-packages\torch\nn\modules\module.py", line 928, in _apply
    module._apply(fn)
  [Previous line repeated 1 more time]
  File "D:\AIR-DATA\Prototype\.venv\lib\site-packages\torch\nn\modules\module.py", line 955, in _apply
    param_applied = fn(param)
  File "D:\AIR-DATA\Prototype\.venv\lib\site-packages\torch\nn\modules\module.py", line 1362, in convert
    raise NotImplementedError(
NotImplementedError: Cannot copy out of meta tensor; no data! Please use torch.nn.Module.to_empty() instead of torch.nn.Module.to() when moving module from meta to a different device.
2025-10-28 13:32:35,190 | ERROR | AnyIO worker thread | [global] ❌ Session init failed: Cannot copy out of meta tensor; no data! Please use torch.nn.Module.to_empty() instead of torch.nn.Module.to() when moving module from meta to a different device.
Traceback (most recent call last):
  File "D:\AIR-DATA\Prototype\api_server.py", line 127, in start_chat
    logic = ChatLogic()
  File "D:\AIR-DATA\Prototype\src\logic.py", line 88, in __init__
    self.model = self._get_sentence_model()
  File "D:\AIR-DATA\Prototype\src\logic.py", line 100, in _get_sentence_model
    cls._sentence_model = cls._load_or_cache_model()
  File "D:\AIR-DATA\Prototype\src\logic.py", line 117, in _load_or_cache_model
    return SentenceTransformer('all-MiniLM-L6-v2')
  File "D:\AIR-DATA\Prototype\.venv\lib\site-packages\sentence_transformers\SentenceTransformer.py", line 367, in __init__
    self.to(device)
  File "D:\AIR-DATA\Prototype\.venv\lib\site-packages\torch\nn\modules\module.py", line 1369, in to
    return self._apply(convert)
  File "D:\AIR-DATA\Prototype\.venv\lib\site-packages\torch\nn\modules\module.py", line 928, in _apply
    module._apply(fn)
  File "D:\AIR-DATA\Prototype\.venv\lib\site-packages\torch\nn\modules\module.py", line 928, in _apply
    module._apply(fn)
  File "D:\AIR-DATA\Prototype\.venv\lib\site-packages\torch\nn\modules\module.py", line 928, in _apply
    module._apply(fn)
  [Previous line repeated 1 more time]
  File "D:\AIR-DATA\Prototype\.venv\lib\site-packages\torch\nn\modules\module.py", line 955, in _apply
    param_applied = fn(param)
  File "D:\AIR-DATA\Prototype\.venv\lib\site-packages\torch\nn\modules\module.py", line 1362, in convert
    raise NotImplementedError(
NotImplementedError: Cannot copy out of meta tensor; no data! Please use torch.nn.Module.to_empty() instead of torch.nn.Module.to() when moving module from meta to a different device.
2025-10-28 13:32:35,192 | ERROR | AnyIO worker thread | [global] ❌ Session init failed: Cannot copy out of meta tensor; no data! Please use torch.nn.Module.to_empty() instead of torch.nn.Module.to() when moving module from meta to a different device.
Traceback (most recent call last):
  File "D:\AIR-DATA\Prototype\api_server.py", line 127, in start_chat
    logic = ChatLogic()
  File "D:\AIR-DATA\Prototype\src\logic.py", line 88, in __init__
    self.model = self._get_sentence_model()
  File "D:\AIR-DATA\Prototype\src\logic.py", line 100, in _get_sentence_model
    cls._sentence_model = cls._load_or_cache_model()
  File "D:\AIR-DATA\Prototype\src\logic.py", line 117, in _load_or_cache_model
    return SentenceTransformer('all-MiniLM-L6-v2')
  File "D:\AIR-DATA\Prototype\.venv\lib\site-packages\sentence_transformers\SentenceTransformer.py", line 367, in __init__
    self.to(device)
  File "D:\AIR-DATA\Prototype\.venv\lib\site-packages\torch\nn\modules\module.py", line 1369, in to
    return self._apply(convert)
  File "D:\AIR-DATA\Prototype\.venv\lib\site-packages\torch\nn\modules\module.py", line 928, in _apply
    module._apply(fn)
  File "D:\AIR-DATA\Prototype\.venv\lib\site-packages\torch\nn\modules\module.py", line 928, in _apply
    module._apply(fn)
  File "D:\AIR-DATA\Prototype\.venv\lib\site-packages\torch\nn\modules\module.py", line 928, in _apply
    module._apply(fn)
  [Previous line repeated 1 more time]
  File "D:\AIR-DATA\Prototype\.venv\lib\site-packages\torch\nn\modules\module.py", line 955, in _apply
    param_applied = fn(param)
  File "D:\AIR-DATA\Prototype\.venv\lib\site-packages\torch\nn\modules\module.py", line 1362, in convert
    raise NotImplementedError(
NotImplementedError: Cannot copy out of meta tensor; no data! Please use torch.nn.Module.to_empty() instead of torch.nn.Module.to() when moving module from meta to a different device.
2025-10-28 13:32:35,195 | ERROR | AnyIO worker thread | [global] ❌ Session init failed: Cannot copy out of meta tensor; no data! Please use torch.nn.Module.to_empty() instead of torch.nn.Module.to() when moving module from meta to a different device.
Traceback (most recent call last):
  File "D:\AIR-DATA\Prototype\api_server.py", line 127, in start_chat
    logic = ChatLogic()
  File "D:\AIR-DATA\Prototype\src\logic.py", line 88, in __init__
    self.model = self._get_sentence_model()
  File "D:\AIR-DATA\Prototype\src\logic.py", line 100, in _get_sentence_model
    cls._sentence_model = cls._load_or_cache_model()
  File "D:\AIR-DATA\Prototype\src\logic.py", line 117, in _load_or_cache_model
    return SentenceTransformer('all-MiniLM-L6-v2')
  File "D:\AIR-DATA\Prototype\.venv\lib\site-packages\sentence_transformers\SentenceTransformer.py", line 367, in __init__
    self.to(device)
  File "D:\AIR-DATA\Prototype\.venv\lib\site-packages\torch\nn\modules\module.py", line 1369, in to
    return self._apply(convert)
  File "D:\AIR-DATA\Prototype\.venv\lib\site-packages\torch\nn\modules\module.py", line 928, in _apply
    module._apply(fn)
  File "D:\AIR-DATA\Prototype\.venv\lib\site-packages\torch\nn\modules\module.py", line 928, in _apply
    module._apply(fn)
  File "D:\AIR-DATA\Prototype\.venv\lib\site-packages\torch\nn\modules\module.py", line 928, in _apply
    module._apply(fn)
  [Previous line repeated 1 more time]
  File "D:\AIR-DATA\Prototype\.venv\lib\site-packages\torch\nn\modules\module.py", line 955, in _apply
    param_applied = fn(param)
  File "D:\AIR-DATA\Prototype\.venv\lib\site-packages\torch\nn\modules\module.py", line 1362, in convert
    raise NotImplementedError(
NotImplementedError: Cannot copy out of meta tensor; no data! Please use torch.nn.Module.to_empty() instead of torch.nn.Module.to() when moving module from meta to a different device.
2025-10-28 13:32:35,195 | ERROR | AnyIO worker thread | [global] ❌ Session init failed: Cannot copy out of meta tensor; no data! Please use torch.nn.Module.to_empty() instead of torch.nn.Module.to() when moving module from meta to a different device.
Traceback (most recent call last):
  File "D:\AIR-DATA\Prototype\api_server.py", line 127, in start_chat
    logic = ChatLogic()
  File "D:\AIR-DATA\Prototype\src\logic.py", line 88, in __init__
    self.model = self._get_sentence_model()
  File "D:\AIR-DATA\Prototype\src\logic.py", line 100, in _get_sentence_model
    cls._sentence_model = cls._load_or_cache_model()
  File "D:\AIR-DATA\Prototype\src\logic.py", line 117, in _load_or_cache_model
    return SentenceTransformer('all-MiniLM-L6-v2')
  File "D:\AIR-DATA\Prototype\.venv\lib\site-packages\sentence_transformers\SentenceTransformer.py", line 367, in __init__
    self.to(device)
  File "D:\AIR-DATA\Prototype\.venv\lib\site-packages\torch\nn\modules\module.py", line 1369, in to
    return self._apply(convert)
  File "D:\AIR-DATA\Prototype\.venv\lib\site-packages\torch\nn\modules\module.py", line 928, in _apply
    module._apply(fn)
  File "D:\AIR-DATA\Prototype\.venv\lib\site-packages\torch\nn\modules\module.py", line 928, in _apply
    module._apply(fn)
  File "D:\AIR-DATA\Prototype\.venv\lib\site-packages\torch\nn\modules\module.py", line 928, in _apply
    module._apply(fn)
  [Previous line repeated 1 more time]
  File "D:\AIR-DATA\Prototype\.venv\lib\site-packages\torch\nn\modules\module.py", line 955, in _apply
    param_applied = fn(param)
  File "D:\AIR-DATA\Prototype\.venv\lib\site-packages\torch\nn\modules\module.py", line 1362, in convert
    raise NotImplementedError(
NotImplementedError: Cannot copy out of meta tensor; no data! Please use torch.nn.Module.to_empty() instead of torch.nn.Module.to() when moving module from meta to a different device.
2025-10-28 13:32:35,198 | ERROR | AnyIO worker thread | [global] ❌ Session init failed: Cannot copy out of meta tensor; no data! Please use torch.nn.Module.to_empty() instead of torch.nn.Module.to() when moving module from meta to a different device.
Traceback (most recent call last):
  File "D:\AIR-DATA\Prototype\api_server.py", line 127, in start_chat
    logic = ChatLogic()
  File "D:\AIR-DATA\Prototype\src\logic.py", line 88, in __init__
    self.model = self._get_sentence_model()
  File "D:\AIR-DATA\Prototype\src\logic.py", line 100, in _get_sentence_model
    cls._sentence_model = cls._load_or_cache_model()
  File "D:\AIR-DATA\Prototype\src\logic.py", line 117, in _load_or_cache_model
    return SentenceTransformer('all-MiniLM-L6-v2')
  File "D:\AIR-DATA\Prototype\.venv\lib\site-packages\sentence_transformers\SentenceTransformer.py", line 367, in __init__
    self.to(device)
  File "D:\AIR-DATA\Prototype\.venv\lib\site-packages\torch\nn\modules\module.py", line 1369, in to
    return self._apply(convert)
  File "D:\AIR-DATA\Prototype\.venv\lib\site-packages\torch\nn\modules\module.py", line 928, in _apply
    module._apply(fn)
  File "D:\AIR-DATA\Prototype\.venv\lib\site-packages\torch\nn\modules\module.py", line 928, in _apply
    module._apply(fn)
  File "D:\AIR-DATA\Prototype\.venv\lib\site-packages\torch\nn\modules\module.py", line 928, in _apply
    module._apply(fn)
  [Previous line repeated 1 more time]
  File "D:\AIR-DATA\Prototype\.venv\lib\site-packages\torch\nn\modules\module.py", line 955, in _apply
    param_applied = fn(param)
  File "D:\AIR-DATA\Prototype\.venv\lib\site-packages\torch\nn\modules\module.py", line 1362, in convert
    raise NotImplementedError(
NotImplementedError: Cannot copy out of meta tensor; no data! Please use torch.nn.Module.to_empty() instead of torch.nn.Module.to() when moving module from meta to a different device.
2025-10-28 13:32:35,198 | ERROR | AnyIO worker thread | [global] ❌ Session init failed: Cannot copy out of meta tensor; no data! Please use torch.nn.Module.to_empty() instead of torch.nn.Module.to() when moving module from meta to a different device.
Traceback (most recent call last):
  File "D:\AIR-DATA\Prototype\api_server.py", line 127, in start_chat
    logic = ChatLogic()
  File "D:\AIR-DATA\Prototype\src\logic.py", line 88, in __init__
    self.model = self._get_sentence_model()
  File "D:\AIR-DATA\Prototype\src\logic.py", line 100, in _get_sentence_model
    cls._sentence_model = cls._load_or_cache_model()
  File "D:\AIR-DATA\Prototype\src\logic.py", line 117, in _load_or_cache_model
    return SentenceTransformer('all-MiniLM-L6-v2')
  File "D:\AIR-DATA\Prototype\.venv\lib\site-packages\sentence_transformers\SentenceTransformer.py", line 367, in __init__
    self.to(device)
  File "D:\AIR-DATA\Prototype\.venv\lib\site-packages\torch\nn\modules\module.py", line 1369, in to
    return self._apply(convert)
  File "D:\AIR-DATA\Prototype\.venv\lib\site-packages\torch\nn\modules\module.py", line 928, in _apply
    module._apply(fn)
  File "D:\AIR-DATA\Prototype\.venv\lib\site-packages\torch\nn\modules\module.py", line 928, in _apply
    module._apply(fn)
  File "D:\AIR-DATA\Prototype\.venv\lib\site-packages\torch\nn\modules\module.py", line 928, in _apply
    module._apply(fn)
  [Previous line repeated 1 more time]
  File "D:\AIR-DATA\Prototype\.venv\lib\site-packages\torch\nn\modules\module.py", line 955, in _apply
    param_applied = fn(param)
  File "D:\AIR-DATA\Prototype\.venv\lib\site-packages\torch\nn\modules\module.py", line 1362, in convert
    raise NotImplementedError(
NotImplementedError: Cannot copy out of meta tensor; no data! Please use torch.nn.Module.to_empty() instead of torch.nn.Module.to() when moving module from meta to a different device.
2025-10-28 13:32:35,202 | ERROR | AnyIO worker thread | [global] ❌ Session init failed: Cannot copy out of meta tensor; no data! Please use torch.nn.Module.to_empty() instead of torch.nn.Module.to() when moving module from meta to a different device.
Traceback (most recent call last):
  File "D:\AIR-DATA\Prototype\api_server.py", line 127, in start_chat
    logic = ChatLogic()
  File "D:\AIR-DATA\Prototype\src\logic.py", line 88, in __init__
    self.model = self._get_sentence_model()
  File "D:\AIR-DATA\Prototype\src\logic.py", line 100, in _get_sentence_model
    cls._sentence_model = cls._load_or_cache_model()
  File "D:\AIR-DATA\Prototype\src\logic.py", line 117, in _load_or_cache_model
    return SentenceTransformer('all-MiniLM-L6-v2')
  File "D:\AIR-DATA\Prototype\.venv\lib\site-packages\sentence_transformers\SentenceTransformer.py", line 367, in __init__
    self.to(device)
  File "D:\AIR-DATA\Prototype\.venv\lib\site-packages\torch\nn\modules\module.py", line 1369, in to
    return self._apply(convert)
  File "D:\AIR-DATA\Prototype\.venv\lib\site-packages\torch\nn\modules\module.py", line 928, in _apply
    module._apply(fn)
  File "D:\AIR-DATA\Prototype\.venv\lib\site-packages\torch\nn\modules\module.py", line 928, in _apply
    module._apply(fn)
  File "D:\AIR-DATA\Prototype\.venv\lib\site-packages\torch\nn\modules\module.py", line 928, in _apply
    module._apply(fn)
  [Previous line repeated 1 more time]
  File "D:\AIR-DATA\Prototype\.venv\lib\site-packages\torch\nn\modules\module.py", line 955, in _apply
    param_applied = fn(param)
  File "D:\AIR-DATA\Prototype\.venv\lib\site-packages\torch\nn\modules\module.py", line 1362, in convert
    raise NotImplementedError(
NotImplementedError: Cannot copy out of meta tensor; no data! Please use torch.nn.Module.to_empty() instead of torch.nn.Module.to() when moving module from meta to a different device.
2025-10-28 13:38:10,238 | ERROR | AnyIO worker thread | [global] ❌ Session init failed: Cannot copy out of meta tensor; no data! Please use torch.nn.Module.to_empty() instead of torch.nn.Module.to() when moving module from meta to a different device.
Traceback (most recent call last):
  File "D:\AIR-DATA\Prototype\api_server.py", line 127, in start_chat
    logic = ChatLogic()
  File "D:\AIR-DATA\Prototype\src\logic.py", line 88, in __init__
    self.model = self._get_sentence_model()
  File "D:\AIR-DATA\Prototype\src\logic.py", line 100, in _get_sentence_model
    cls._sentence_model = cls._load_or_cache_model()
  File "D:\AIR-DATA\Prototype\src\logic.py", line 117, in _load_or_cache_model
    return SentenceTransformer('all-MiniLM-L6-v2')
  File "D:\AIR-DATA\Prototype\.venv\lib\site-packages\sentence_transformers\SentenceTransformer.py", line 367, in __init__
    self.to(device)
  File "D:\AIR-DATA\Prototype\.venv\lib\site-packages\torch\nn\modules\module.py", line 1369, in to
    return self._apply(convert)
  File "D:\AIR-DATA\Prototype\.venv\lib\site-packages\torch\nn\modules\module.py", line 928, in _apply
    module._apply(fn)
  File "D:\AIR-DATA\Prototype\.venv\lib\site-packages\torch\nn\modules\module.py", line 928, in _apply
    module._apply(fn)
  File "D:\AIR-DATA\Prototype\.venv\lib\site-packages\torch\nn\modules\module.py", line 928, in _apply
    module._apply(fn)
  [Previous line repeated 1 more time]
  File "D:\AIR-DATA\Prototype\.venv\lib\site-packages\torch\nn\modules\module.py", line 955, in _apply
    param_applied = fn(param)
  File "D:\AIR-DATA\Prototype\.venv\lib\site-packages\torch\nn\modules\module.py", line 1362, in convert
    raise NotImplementedError(
NotImplementedError: Cannot copy out of meta tensor; no data! Please use torch.nn.Module.to_empty() instead of torch.nn.Module.to() when moving module from meta to a different device.
2025-10-28 13:38:10,412 | ERROR | AnyIO worker thread | [global] ❌ Session init failed: Cannot copy out of meta tensor; no data! Please use torch.nn.Module.to_empty() instead of torch.nn.Module.to() when moving module from meta to a different device.
Traceback (most recent call last):
  File "D:\AIR-DATA\Prototype\api_server.py", line 127, in start_chat
    logic = ChatLogic()
  File "D:\AIR-DATA\Prototype\src\logic.py", line 88, in __init__
    self.model = self._get_sentence_model()
  File "D:\AIR-DATA\Prototype\src\logic.py", line 100, in _get_sentence_model
    cls._sentence_model = cls._load_or_cache_model()
  File "D:\AIR-DATA\Prototype\src\logic.py", line 117, in _load_or_cache_model
    return SentenceTransformer('all-MiniLM-L6-v2')
  File "D:\AIR-DATA\Prototype\.venv\lib\site-packages\sentence_transformers\SentenceTransformer.py", line 367, in __init__
    self.to(device)
  File "D:\AIR-DATA\Prototype\.venv\lib\site-packages\torch\nn\modules\module.py", line 1369, in to
    return self._apply(convert)
  File "D:\AIR-DATA\Prototype\.venv\lib\site-packages\torch\nn\modules\module.py", line 928, in _apply
    module._apply(fn)
  File "D:\AIR-DATA\Prototype\.venv\lib\site-packages\torch\nn\modules\module.py", line 928, in _apply
    module._apply(fn)
  File "D:\AIR-DATA\Prototype\.venv\lib\site-packages\torch\nn\modules\module.py", line 928, in _apply
    module._apply(fn)
  [Previous line repeated 1 more time]
  File "D:\AIR-DATA\Prototype\.venv\lib\site-packages\torch\nn\modules\module.py", line 955, in _apply
    param_applied = fn(param)
  File "D:\AIR-DATA\Prototype\.venv\lib\site-packages\torch\nn\modules\module.py", line 1362, in convert
    raise NotImplementedError(
NotImplementedError: Cannot copy out of meta tensor; no data! Please use torch.nn.Module.to_empty() instead of torch.nn.Module.to() when moving module from meta to a different device.
2025-10-28 13:38:10,667 | ERROR | AnyIO worker thread | [global] ❌ Session init failed: Cannot copy out of meta tensor; no data! Please use torch.nn.Module.to_empty() instead of torch.nn.Module.to() when moving module from meta to a different device.
Traceback (most recent call last):
  File "D:\AIR-DATA\Prototype\api_server.py", line 127, in start_chat
    logic = ChatLogic()
  File "D:\AIR-DATA\Prototype\src\logic.py", line 88, in __init__
    self.model = self._get_sentence_model()
  File "D:\AIR-DATA\Prototype\src\logic.py", line 100, in _get_sentence_model
    cls._sentence_model = cls._load_or_cache_model()
  File "D:\AIR-DATA\Prototype\src\logic.py", line 117, in _load_or_cache_model
    return SentenceTransformer('all-MiniLM-L6-v2')
  File "D:\AIR-DATA\Prototype\.venv\lib\site-packages\sentence_transformers\SentenceTransformer.py", line 367, in __init__
    self.to(device)
  File "D:\AIR-DATA\Prototype\.venv\lib\site-packages\torch\nn\modules\module.py", line 1369, in to
    return self._apply(convert)
  File "D:\AIR-DATA\Prototype\.venv\lib\site-packages\torch\nn\modules\module.py", line 928, in _apply
    module._apply(fn)
  File "D:\AIR-DATA\Prototype\.venv\lib\site-packages\torch\nn\modules\module.py", line 928, in _apply
    module._apply(fn)
  File "D:\AIR-DATA\Prototype\.venv\lib\site-packages\torch\nn\modules\module.py", line 928, in _apply
    module._apply(fn)
  [Previous line repeated 1 more time]
  File "D:\AIR-DATA\Prototype\.venv\lib\site-packages\torch\nn\modules\module.py", line 955, in _apply
    param_applied = fn(param)
  File "D:\AIR-DATA\Prototype\.venv\lib\site-packages\torch\nn\modules\module.py", line 1362, in convert
    raise NotImplementedError(
NotImplementedError: Cannot copy out of meta tensor; no data! Please use torch.nn.Module.to_empty() instead of torch.nn.Module.to() when moving module from meta to a different device.
2025-10-28 13:38:10,708 | ERROR | AnyIO worker thread | [global] ❌ Session init failed: Cannot copy out of meta tensor; no data! Please use torch.nn.Module.to_empty() instead of torch.nn.Module.to() when moving module from meta to a different device.
Traceback (most recent call last):
  File "D:\AIR-DATA\Prototype\api_server.py", line 127, in start_chat
    logic = ChatLogic()
  File "D:\AIR-DATA\Prototype\src\logic.py", line 88, in __init__
    self.model = self._get_sentence_model()
  File "D:\AIR-DATA\Prototype\src\logic.py", line 100, in _get_sentence_model
    cls._sentence_model = cls._load_or_cache_model()
  File "D:\AIR-DATA\Prototype\src\logic.py", line 117, in _load_or_cache_model
    return SentenceTransformer('all-MiniLM-L6-v2')
  File "D:\AIR-DATA\Prototype\.venv\lib\site-packages\sentence_transformers\SentenceTransformer.py", line 367, in __init__
    self.to(device)
  File "D:\AIR-DATA\Prototype\.venv\lib\site-packages\torch\nn\modules\module.py", line 1369, in to
    return self._apply(convert)
  File "D:\AIR-DATA\Prototype\.venv\lib\site-packages\torch\nn\modules\module.py", line 928, in _apply
    module._apply(fn)
  File "D:\AIR-DATA\Prototype\.venv\lib\site-packages\torch\nn\modules\module.py", line 928, in _apply
    module._apply(fn)
  File "D:\AIR-DATA\Prototype\.venv\lib\site-packages\torch\nn\modules\module.py", line 928, in _apply
    module._apply(fn)
  [Previous line repeated 1 more time]
  File "D:\AIR-DATA\Prototype\.venv\lib\site-packages\torch\nn\modules\module.py", line 955, in _apply
    param_applied = fn(param)
  File "D:\AIR-DATA\Prototype\.venv\lib\site-packages\torch\nn\modules\module.py", line 1362, in convert
    raise NotImplementedError(
NotImplementedError: Cannot copy out of meta tensor; no data! Please use torch.nn.Module.to_empty() instead of torch.nn.Module.to() when moving module from meta to a different device.
2025-10-28 13:38:10,873 | ERROR | AnyIO worker thread | [global] ❌ Session init failed: Cannot copy out of meta tensor; no data! Please use torch.nn.Module.to_empty() instead of torch.nn.Module.to() when moving module from meta to a different device.
Traceback (most recent call last):
  File "D:\AIR-DATA\Prototype\api_server.py", line 127, in start_chat
    logic = ChatLogic()
  File "D:\AIR-DATA\Prototype\src\logic.py", line 88, in __init__
    self.model = self._get_sentence_model()
  File "D:\AIR-DATA\Prototype\src\logic.py", line 100, in _get_sentence_model
    cls._sentence_model = cls._load_or_cache_model()
  File "D:\AIR-DATA\Prototype\src\logic.py", line 117, in _load_or_cache_model
    return SentenceTransformer('all-MiniLM-L6-v2')
  File "D:\AIR-DATA\Prototype\.venv\lib\site-packages\sentence_transformers\SentenceTransformer.py", line 367, in __init__
    self.to(device)
  File "D:\AIR-DATA\Prototype\.venv\lib\site-packages\torch\nn\modules\module.py", line 1369, in to
    return self._apply(convert)
  File "D:\AIR-DATA\Prototype\.venv\lib\site-packages\torch\nn\modules\module.py", line 928, in _apply
    module._apply(fn)
  File "D:\AIR-DATA\Prototype\.venv\lib\site-packages\torch\nn\modules\module.py", line 928, in _apply
    module._apply(fn)
  File "D:\AIR-DATA\Prototype\.venv\lib\site-packages\torch\nn\modules\module.py", line 928, in _apply
    module._apply(fn)
  [Previous line repeated 1 more time]
  File "D:\AIR-DATA\Prototype\.venv\lib\site-packages\torch\nn\modules\module.py", line 955, in _apply
    param_applied = fn(param)
  File "D:\AIR-DATA\Prototype\.venv\lib\site-packages\torch\nn\modules\module.py", line 1362, in convert
    raise NotImplementedError(
NotImplementedError: Cannot copy out of meta tensor; no data! Please use torch.nn.Module.to_empty() instead of torch.nn.Module.to() when moving module from meta to a different device.
2025-10-28 13:38:11,328 | ERROR | AnyIO worker thread | [global] ❌ Session init failed: Cannot copy out of meta tensor; no data! Please use torch.nn.Module.to_empty() instead of torch.nn.Module.to() when moving module from meta to a different device.
Traceback (most recent call last):
  File "D:\AIR-DATA\Prototype\api_server.py", line 127, in start_chat
    logic = ChatLogic()
  File "D:\AIR-DATA\Prototype\src\logic.py", line 88, in __init__
    self.model = self._get_sentence_model()
  File "D:\AIR-DATA\Prototype\src\logic.py", line 100, in _get_sentence_model
    cls._sentence_model = cls._load_or_cache_model()
  File "D:\AIR-DATA\Prototype\src\logic.py", line 117, in _load_or_cache_model
    return SentenceTransformer('all-MiniLM-L6-v2')
  File "D:\AIR-DATA\Prototype\.venv\lib\site-packages\sentence_transformers\SentenceTransformer.py", line 367, in __init__
    self.to(device)
  File "D:\AIR-DATA\Prototype\.venv\lib\site-packages\torch\nn\modules\module.py", line 1369, in to
    return self._apply(convert)
  File "D:\AIR-DATA\Prototype\.venv\lib\site-packages\torch\nn\modules\module.py", line 928, in _apply
    module._apply(fn)
  File "D:\AIR-DATA\Prototype\.venv\lib\site-packages\torch\nn\modules\module.py", line 928, in _apply
    module._apply(fn)
  File "D:\AIR-DATA\Prototype\.venv\lib\site-packages\torch\nn\modules\module.py", line 928, in _apply
    module._apply(fn)
  [Previous line repeated 1 more time]
  File "D:\AIR-DATA\Prototype\.venv\lib\site-packages\torch\nn\modules\module.py", line 955, in _apply
    param_applied = fn(param)
  File "D:\AIR-DATA\Prototype\.venv\lib\site-packages\torch\nn\modules\module.py", line 1362, in convert
    raise NotImplementedError(
NotImplementedError: Cannot copy out of meta tensor; no data! Please use torch.nn.Module.to_empty() instead of torch.nn.Module.to() when moving module from meta to a different device.
2025-10-28 13:38:11,334 | ERROR | AnyIO worker thread | [global] ❌ Session init failed: Cannot copy out of meta tensor; no data! Please use torch.nn.Module.to_empty() instead of torch.nn.Module.to() when moving module from meta to a different device.
Traceback (most recent call last):
  File "D:\AIR-DATA\Prototype\api_server.py", line 127, in start_chat
    logic = ChatLogic()
  File "D:\AIR-DATA\Prototype\src\logic.py", line 88, in __init__
    self.model = self._get_sentence_model()
  File "D:\AIR-DATA\Prototype\src\logic.py", line 100, in _get_sentence_model
    cls._sentence_model = cls._load_or_cache_model()
  File "D:\AIR-DATA\Prototype\src\logic.py", line 117, in _load_or_cache_model
    return SentenceTransformer('all-MiniLM-L6-v2')
  File "D:\AIR-DATA\Prototype\.venv\lib\site-packages\sentence_transformers\SentenceTransformer.py", line 367, in __init__
    self.to(device)
  File "D:\AIR-DATA\Prototype\.venv\lib\site-packages\torch\nn\modules\module.py", line 1369, in to
    return self._apply(convert)
  File "D:\AIR-DATA\Prototype\.venv\lib\site-packages\torch\nn\modules\module.py", line 928, in _apply
    module._apply(fn)
  File "D:\AIR-DATA\Prototype\.venv\lib\site-packages\torch\nn\modules\module.py", line 928, in _apply
    module._apply(fn)
  File "D:\AIR-DATA\Prototype\.venv\lib\site-packages\torch\nn\modules\module.py", line 928, in _apply
    module._apply(fn)
  [Previous line repeated 1 more time]
  File "D:\AIR-DATA\Prototype\.venv\lib\site-packages\torch\nn\modules\module.py", line 955, in _apply
    param_applied = fn(param)
  File "D:\AIR-DATA\Prototype\.venv\lib\site-packages\torch\nn\modules\module.py", line 1362, in convert
    raise NotImplementedError(
NotImplementedError: Cannot copy out of meta tensor; no data! Please use torch.nn.Module.to_empty() instead of torch.nn.Module.to() when moving module from meta to a different device.
2025-10-28 13:38:11,479 | ERROR | AnyIO worker thread | [global] ❌ Session init failed: Cannot copy out of meta tensor; no data! Please use torch.nn.Module.to_empty() instead of torch.nn.Module.to() when moving module from meta to a different device.
Traceback (most recent call last):
  File "D:\AIR-DATA\Prototype\api_server.py", line 127, in start_chat
    logic = ChatLogic()
  File "D:\AIR-DATA\Prototype\src\logic.py", line 88, in __init__
    self.model = self._get_sentence_model()
  File "D:\AIR-DATA\Prototype\src\logic.py", line 100, in _get_sentence_model
    cls._sentence_model = cls._load_or_cache_model()
  File "D:\AIR-DATA\Prototype\src\logic.py", line 117, in _load_or_cache_model
    return SentenceTransformer('all-MiniLM-L6-v2')
  File "D:\AIR-DATA\Prototype\.venv\lib\site-packages\sentence_transformers\SentenceTransformer.py", line 367, in __init__
    self.to(device)
  File "D:\AIR-DATA\Prototype\.venv\lib\site-packages\torch\nn\modules\module.py", line 1369, in to
    return self._apply(convert)
  File "D:\AIR-DATA\Prototype\.venv\lib\site-packages\torch\nn\modules\module.py", line 928, in _apply
    module._apply(fn)
  File "D:\AIR-DATA\Prototype\.venv\lib\site-packages\torch\nn\modules\module.py", line 928, in _apply
    module._apply(fn)
  File "D:\AIR-DATA\Prototype\.venv\lib\site-packages\torch\nn\modules\module.py", line 928, in _apply
    module._apply(fn)
  [Previous line repeated 1 more time]
  File "D:\AIR-DATA\Prototype\.venv\lib\site-packages\torch\nn\modules\module.py", line 955, in _apply
    param_applied = fn(param)
  File "D:\AIR-DATA\Prototype\.venv\lib\site-packages\torch\nn\modules\module.py", line 1362, in convert
    raise NotImplementedError(
NotImplementedError: Cannot copy out of meta tensor; no data! Please use torch.nn.Module.to_empty() instead of torch.nn.Module.to() when moving module from meta to a different device.
2025-10-28 13:38:11,615 | ERROR | AnyIO worker thread | [global] ❌ Session init failed: Cannot copy out of meta tensor; no data! Please use torch.nn.Module.to_empty() instead of torch.nn.Module.to() when moving module from meta to a different device.
Traceback (most recent call last):
  File "D:\AIR-DATA\Prototype\api_server.py", line 127, in start_chat
    logic = ChatLogic()
  File "D:\AIR-DATA\Prototype\src\logic.py", line 88, in __init__
    self.model = self._get_sentence_model()
  File "D:\AIR-DATA\Prototype\src\logic.py", line 100, in _get_sentence_model
    cls._sentence_model = cls._load_or_cache_model()
  File "D:\AIR-DATA\Prototype\src\logic.py", line 117, in _load_or_cache_model
    return SentenceTransformer('all-MiniLM-L6-v2')
  File "D:\AIR-DATA\Prototype\.venv\lib\site-packages\sentence_transformers\SentenceTransformer.py", line 367, in __init__
    self.to(device)
  File "D:\AIR-DATA\Prototype\.venv\lib\site-packages\torch\nn\modules\module.py", line 1369, in to
    return self._apply(convert)
  File "D:\AIR-DATA\Prototype\.venv\lib\site-packages\torch\nn\modules\module.py", line 928, in _apply
    module._apply(fn)
  File "D:\AIR-DATA\Prototype\.venv\lib\site-packages\torch\nn\modules\module.py", line 928, in _apply
    module._apply(fn)
  File "D:\AIR-DATA\Prototype\.venv\lib\site-packages\torch\nn\modules\module.py", line 928, in _apply
    module._apply(fn)
  [Previous line repeated 1 more time]
  File "D:\AIR-DATA\Prototype\.venv\lib\site-packages\torch\nn\modules\module.py", line 955, in _apply
    param_applied = fn(param)
  File "D:\AIR-DATA\Prototype\.venv\lib\site-packages\torch\nn\modules\module.py", line 1362, in convert
    raise NotImplementedError(
NotImplementedError: Cannot copy out of meta tensor; no data! Please use torch.nn.Module.to_empty() instead of torch.nn.Module.to() when moving module from meta to a different device.
2025-10-28 13:38:11,920 | ERROR | AnyIO worker thread | [global] ❌ Session init failed: Cannot copy out of meta tensor; no data! Please use torch.nn.Module.to_empty() instead of torch.nn.Module.to() when moving module from meta to a different device.
Traceback (most recent call last):
  File "D:\AIR-DATA\Prototype\api_server.py", line 127, in start_chat
    logic = ChatLogic()
  File "D:\AIR-DATA\Prototype\src\logic.py", line 88, in __init__
    self.model = self._get_sentence_model()
  File "D:\AIR-DATA\Prototype\src\logic.py", line 100, in _get_sentence_model
    cls._sentence_model = cls._load_or_cache_model()
  File "D:\AIR-DATA\Prototype\src\logic.py", line 117, in _load_or_cache_model
    return SentenceTransformer('all-MiniLM-L6-v2')
  File "D:\AIR-DATA\Prototype\.venv\lib\site-packages\sentence_transformers\SentenceTransformer.py", line 367, in __init__
    self.to(device)
  File "D:\AIR-DATA\Prototype\.venv\lib\site-packages\torch\nn\modules\module.py", line 1369, in to
    return self._apply(convert)
  File "D:\AIR-DATA\Prototype\.venv\lib\site-packages\torch\nn\modules\module.py", line 928, in _apply
    module._apply(fn)
  File "D:\AIR-DATA\Prototype\.venv\lib\site-packages\torch\nn\modules\module.py", line 928, in _apply
    module._apply(fn)
  File "D:\AIR-DATA\Prototype\.venv\lib\site-packages\torch\nn\modules\module.py", line 928, in _apply
    module._apply(fn)
  [Previous line repeated 1 more time]
  File "D:\AIR-DATA\Prototype\.venv\lib\site-packages\torch\nn\modules\module.py", line 955, in _apply
    param_applied = fn(param)
  File "D:\AIR-DATA\Prototype\.venv\lib\site-packages\torch\nn\modules\module.py", line 1362, in convert
    raise NotImplementedError(
NotImplementedError: Cannot copy out of meta tensor; no data! Please use torch.nn.Module.to_empty() instead of torch.nn.Module.to() when moving module from meta to a different device.
2025-10-28 13:38:58,717 | INFO | MainThread | [global] 🔻 Shutting down API...
2025-10-28 13:38:58,717 | INFO | MainThread | [global] ✅ Shutdown cleanup complete.
2025-10-28 13:39:21,997 | INFO | MainThread | [global] 🚀 Starting IT Support Chatbot API...
2025-10-28 13:39:21,998 | INFO | MainThread | [global] ✅ Readiness check passed — env, dataset, and model cache OK.
2025-10-28 13:39:21,998 | INFO | MainThread | [global] 🧹 Background cleanup task started.
2025-10-28 13:39:29,782 | INFO | AnyIO worker thread | [global] 🆕 New session started: air-5b8d5ad7-2efe-4507-a6de-cd3f948290a0
2025-10-28 13:39:38,051 | INFO | MainThread | [global] [air-5b8d5ad7-2efe-4507-a6de-cd3f948290a0] USER: unable to connect to wifi
2025-10-28 13:39:38,052 | INFO | MainThread | [air-5b8d5ad7-2efe-4507-a6de-cd3f948290a0] STATE=waiting_for_query | USER='unable to connect to wifi'
2025-10-28 13:39:45,179 | INFO | MainThread | [global] [air-5b8d5ad7-2efe-4507-a6de-cd3f948290a0] BOT: I found these top categories for your issue — please reply with the number (1-3) of the best match:
1. Wi-Fi Issues
2. Certificates & DNS
3. VPN Access & Connectivity
2025-10-28 13:39:49,642 | INFO | MainThread | [global] [air-5b8d5ad7-2efe-4507-a6de-cd3f948290a0] USER: Wi-Fi Issues
2025-10-28 13:39:49,642 | INFO | MainThread | [air-5b8d5ad7-2efe-4507-a6de-cd3f948290a0] STATE=waiting_for_category | USER='Wi-Fi Issues'
2025-10-28 13:39:51,144 | INFO | MainThread | [global] [air-5b8d5ad7-2efe-4507-a6de-cd3f948290a0] BOT: Is your router turning on?
2025-10-28 13:39:56,423 | INFO | MainThread | [global] [air-5b8d5ad7-2efe-4507-a6de-cd3f948290a0] USER: yes
2025-10-28 13:39:56,423 | INFO | MainThread | [air-5b8d5ad7-2efe-4507-a6de-cd3f948290a0] STATE=waiting_q1 | USER='yes'
2025-10-28 13:39:58,303 | INFO | MainThread | [global] [air-5b8d5ad7-2efe-4507-a6de-cd3f948290a0] BOT: Is the Wi-Fi working on other devices?
2025-10-28 13:40:03,144 | INFO | MainThread | [global] [air-5b8d5ad7-2efe-4507-a6de-cd3f948290a0] USER: yes
2025-10-28 13:40:03,144 | INFO | MainThread | [air-5b8d5ad7-2efe-4507-a6de-cd3f948290a0] STATE=waiting_q2 | USER='yes'
2025-10-28 13:40:05,214 | INFO | MainThread | [global] [air-5b8d5ad7-2efe-4507-a6de-cd3f948290a0] BOT: Have you tried forgetting the network and reconnecting?
2025-10-28 13:40:11,365 | INFO | MainThread | [global] [air-5b8d5ad7-2efe-4507-a6de-cd3f948290a0] USER: yes i did
2025-10-28 13:40:11,365 | INFO | MainThread | [air-5b8d5ad7-2efe-4507-a6de-cd3f948290a0] STATE=waiting_q3 | USER='yes i did'
2025-10-28 13:40:11,365 | INFO | MainThread | [global] [air-5b8d5ad7-2efe-4507-a6de-cd3f948290a0] BOT: Please provide some more context or details about the issue, in form of text or screenshots. (optional)
2025-10-28 13:40:14,206 | INFO | MainThread | [global] [air-5b8d5ad7-2efe-4507-a6de-cd3f948290a0] USER: no
2025-10-28 13:40:14,207 | INFO | MainThread | [air-5b8d5ad7-2efe-4507-a6de-cd3f948290a0] STATE=waiting_q4 | USER='no'
2025-10-28 13:40:14,694 | INFO | MainThread | [air-5b8d5ad7-2efe-4507-a6de-cd3f948290a0] BOT: Ticket creation returned: 401 - {"errorMessages":["You do not have permission to create issues in this project."],"errors":{}}

Your issue has been processed successfully.
You can start a new chat if you'd like to raise another ticket. | NEXT_STATE: final
2025-10-28 13:40:14,694 | INFO | MainThread | [global] [air-5b8d5ad7-2efe-4507-a6de-cd3f948290a0] BOT: Ticket creation returned: 401 - {"errorMessages":["You do not have permission to create issues in this project."],"errors":{}}
2025-10-28 13:40:14,694 | INFO | MainThread | [global] [air-5b8d5ad7-2efe-4507-a6de-cd3f948290a0] ✅ Chat completed.
2025-10-28 13:40:23,831 | INFO | AnyIO worker thread | [global] 🆕 New session started: air-c16959f9-a9a5-4be8-9d0a-02d9a872a6f1
2025-10-28 13:40:23,833 | INFO | AnyIO worker thread | [global] 🆕 New session started: air-3437cf0e-36c6-4b6d-9e20-fb382e09ac35
2025-10-28 13:40:23,833 | INFO | AnyIO worker thread | [global] 🆕 New session started: air-a01f4961-81b4-4dc3-95d3-833843108dee
2025-10-28 13:40:23,834 | INFO | AnyIO worker thread | [global] 🆕 New session started: air-49061089-fc68-497b-82b9-f214145f77ff
2025-10-28 13:40:23,835 | INFO | AnyIO worker thread | [global] 🆕 New session started: air-11ee7a31-249b-4c8e-a7c4-f4f3ac554ef3
2025-10-28 13:40:23,837 | INFO | AnyIO worker thread | [global] 🆕 New session started: air-4c2223d9-4775-4a8e-9053-f7d523a5f922
2025-10-28 13:40:23,838 | INFO | AnyIO worker thread | [global] 🆕 New session started: air-b43d2cdb-f7b5-41fe-8904-058e0452ad25
2025-10-28 13:40:23,838 | INFO | AnyIO worker thread | [global] 🆕 New session started: air-d438f580-4aca-456a-bda2-a865d52e7227
2025-10-28 13:40:23,839 | INFO | AnyIO worker thread | [global] 🆕 New session started: air-1e33df21-7d6c-4a97-90a1-58ad551a5238
2025-10-28 13:40:23,842 | INFO | AnyIO worker thread | [global] 🆕 New session started: air-6416288a-a6b8-4d1d-bcdb-a243124f6d6d
2025-10-28 13:40:24,707 | INFO | ThreadPoolExecutor-1_0 | [global] Session air-5b8d5ad7-2efe-4507-a6de-cd3f948290a0 cleaned up after completion.
2025-10-28 13:40:24,912 | INFO | MainThread | [global] [air-11ee7a31-249b-4c8e-a7c4-f4f3ac554ef3] USER: email not syncing in Outlook
2025-10-28 13:40:24,912 | INFO | MainThread | [air-11ee7a31-249b-4c8e-a7c4-f4f3ac554ef3] STATE=waiting_for_query | USER='email not syncing in Outlook'
2025-10-28 13:40:24,944 | INFO | MainThread | [global] [air-6416288a-a6b8-4d1d-bcdb-a243124f6d6d] USER: unable to access shared folder
2025-10-28 13:40:24,945 | INFO | MainThread | [air-6416288a-a6b8-4d1d-bcdb-a243124f6d6d] STATE=waiting_for_query | USER='unable to access shared folder'
2025-10-28 13:40:25,117 | INFO | MainThread | [global] [air-c16959f9-a9a5-4be8-9d0a-02d9a872a6f1] USER: unable to connect to wifi
2025-10-28 13:40:25,119 | INFO | MainThread | [air-c16959f9-a9a5-4be8-9d0a-02d9a872a6f1] STATE=waiting_for_query | USER='unable to connect to wifi'
2025-10-28 13:40:25,340 | INFO | MainThread | [global] [air-4c2223d9-4775-4a8e-9053-f7d523a5f922] USER: forgot password for Jira
2025-10-28 13:40:25,341 | INFO | MainThread | [air-4c2223d9-4775-4a8e-9053-f7d523a5f922] STATE=waiting_for_query | USER='forgot password for Jira'
2025-10-28 13:40:25,435 | INFO | MainThread | [global] [air-49061089-fc68-497b-82b9-f214145f77ff] USER: laptop is running slow
2025-10-28 13:40:25,436 | INFO | MainThread | [air-49061089-fc68-497b-82b9-f214145f77ff] STATE=waiting_for_query | USER='laptop is running slow'
2025-10-28 13:40:25,531 | INFO | MainThread | [global] [air-d438f580-4aca-456a-bda2-a865d52e7227] USER: printer not detected
2025-10-28 13:40:25,531 | INFO | MainThread | [air-d438f580-4aca-456a-bda2-a865d52e7227] STATE=waiting_for_query | USER='printer not detected'
2025-10-28 13:40:25,534 | INFO | MainThread | [global] [air-b43d2cdb-f7b5-41fe-8904-058e0452ad25] USER: system not booting up
2025-10-28 13:40:25,535 | INFO | MainThread | [air-b43d2cdb-f7b5-41fe-8904-058e0452ad25] STATE=waiting_for_query | USER='system not booting up'
2025-10-28 13:40:25,560 | INFO | MainThread | [global] [air-a01f4961-81b4-4dc3-95d3-833843108dee] USER: VPN not connecting
2025-10-28 13:40:25,561 | INFO | MainThread | [air-a01f4961-81b4-4dc3-95d3-833843108dee] STATE=waiting_for_query | USER='VPN not connecting'
2025-10-28 13:40:25,672 | INFO | MainThread | [global] [air-3437cf0e-36c6-4b6d-9e20-fb382e09ac35] USER: need access for D365
2025-10-28 13:40:25,673 | INFO | MainThread | [air-3437cf0e-36c6-4b6d-9e20-fb382e09ac35] STATE=waiting_for_query | USER='need access for D365'
2025-10-28 13:40:25,908 | INFO | MainThread | [global] [air-1e33df21-7d6c-4a97-90a1-58ad551a5238] USER: Teams keeps crashing
2025-10-28 13:40:25,908 | INFO | MainThread | [air-1e33df21-7d6c-4a97-90a1-58ad551a5238] STATE=waiting_for_query | USER='Teams keeps crashing'
2025-10-28 13:40:29,011 | INFO | MainThread | [global] [air-11ee7a31-249b-4c8e-a7c4-f4f3ac554ef3] BOT: I found these top categories for your issue — please reply with the number (1-3) of the best match:
1. Email & Collaboration
2. Data Issues / Schema & Object Changes / Data Sync Failures
3. Mailbox & Group Emails
2025-10-28 13:40:29,817 | INFO | MainThread | [global] [air-6416288a-a6b8-4d1d-bcdb-a243124f6d6d] BOT: I found these top categories for your issue — please reply with the number (1-3) of the best match:
1. Storage & Keys
2. SharePoint / OneDrive
3. SharePoint / OneDrive
2025-10-28 13:40:30,347 | INFO | MainThread | [global] [air-c16959f9-a9a5-4be8-9d0a-02d9a872a6f1] BOT: I found these top categories for your issue — please reply with the number (1-3) of the best match:
1. Wi-Fi Issues
2. Certificates & DNS
3. VPN Access & Connectivity
2025-10-28 13:40:30,563 | INFO | MainThread | [global] [air-11ee7a31-249b-4c8e-a7c4-f4f3ac554ef3] USER: 2
2025-10-28 13:40:30,565 | INFO | MainThread | [air-11ee7a31-249b-4c8e-a7c4-f4f3ac554ef3] STATE=waiting_for_category | USER='2'
2025-10-28 13:40:32,154 | INFO | MainThread | [global] [air-11ee7a31-249b-4c8e-a7c4-f4f3ac554ef3] BOT: Is it syncing at all?
2025-10-28 13:40:32,156 | INFO | MainThread | [global] [air-49061089-fc68-497b-82b9-f214145f77ff] BOT: I found these top categories for your issue — please reply with the number (1-3) of the best match:
1. Laptop Issues
2. WAN / Internet
3. Network Performance
2025-10-28 13:40:32,157 | INFO | MainThread | [global] [air-d438f580-4aca-456a-bda2-a865d52e7227] BOT: I found these top categories for your issue — please reply with the number (1-3) of the best match:
1. Printer Issues
2. LAN / Port Issues
3. Laptop Issues
2025-10-28 13:40:32,158 | INFO | MainThread | [global] [air-4c2223d9-4775-4a8e-9053-f7d523a5f922] BOT: I found these top categories for your issue — please reply with the number (1-3) of the best match:
1. Authentication & MFA
2. Unauthorized Access
3. ERP Access & Permissions
2025-10-28 13:40:32,159 | INFO | MainThread | [global] [air-a01f4961-81b4-4dc3-95d3-833843108dee] BOT: I found these top categories for your issue — please reply with the number (1-3) of the best match:
1. VPN Access & Connectivity
2. VPN & Remote Access
3. Certificates & DNS
2025-10-28 13:40:32,160 | INFO | MainThread | [global] [air-3437cf0e-36c6-4b6d-9e20-fb382e09ac35] BOT: I found these top categories for your issue — please reply with the number (1-3) of the best match:
1. External System Interfaces
2. Email & Collaboration
3. Mailbox & Group Emails
2025-10-28 13:40:32,161 | INFO | MainThread | [global] [air-1e33df21-7d6c-4a97-90a1-58ad551a5238] BOT: I found these top categories for your issue — please reply with the number (1-3) of the best match:
1. Teams / Voice
2. Wi-Fi Issues
3. General Troubleshooting
2025-10-28 13:40:32,163 | INFO | MainThread | [global] [air-b43d2cdb-f7b5-41fe-8904-058e0452ad25] BOT: I found these top categories for your issue — please reply with the number (1-3) of the best match:
1. Laptop Issues
2. LAN / Port Issues
3. Asset & Backup
2025-10-28 13:40:32,164 | INFO | MainThread | [global] [air-c16959f9-a9a5-4be8-9d0a-02d9a872a6f1] USER: 2
2025-10-28 13:40:32,165 | INFO | MainThread | [air-c16959f9-a9a5-4be8-9d0a-02d9a872a6f1] STATE=waiting_for_category | USER='2'
2025-10-28 13:40:33,574 | INFO | MainThread | [global] [air-c16959f9-a9a5-4be8-9d0a-02d9a872a6f1] BOT: Is the Wi-Fi name or password correct?
2025-10-28 13:40:33,575 | INFO | MainThread | [global] [air-6416288a-a6b8-4d1d-bcdb-a243124f6d6d] USER: 2
2025-10-28 13:40:33,576 | INFO | MainThread | [air-6416288a-a6b8-4d1d-bcdb-a243124f6d6d] STATE=waiting_for_category | USER='2'
2025-10-28 13:40:35,051 | INFO | MainThread | [global] [air-6416288a-a6b8-4d1d-bcdb-a243124f6d6d] BOT: Can you access it from your device?
2025-10-28 13:40:35,055 | INFO | MainThread | [global] [air-4c2223d9-4775-4a8e-9053-f7d523a5f922] USER: 1
2025-10-28 13:40:35,056 | INFO | MainThread | [air-4c2223d9-4775-4a8e-9053-f7d523a5f922] STATE=waiting_for_category | USER='1'
2025-10-28 13:40:36,599 | INFO | MainThread | [global] [air-4c2223d9-4775-4a8e-9053-f7d523a5f922] BOT: Is it a Jira Cloud or Server instance?
2025-10-28 13:40:36,600 | INFO | MainThread | [global] [air-b43d2cdb-f7b5-41fe-8904-058e0452ad25] USER: 3
2025-10-28 13:40:36,601 | INFO | MainThread | [air-b43d2cdb-f7b5-41fe-8904-058e0452ad25] STATE=waiting_for_category | USER='3'
2025-10-28 13:40:37,971 | INFO | MainThread | [global] [air-b43d2cdb-f7b5-41fe-8904-058e0452ad25] BOT: Is it showing an error message?
2025-10-28 13:40:37,972 | INFO | MainThread | [global] [air-a01f4961-81b4-4dc3-95d3-833843108dee] USER: 2
2025-10-28 13:40:37,973 | INFO | MainThread | [air-a01f4961-81b4-4dc3-95d3-833843108dee] STATE=waiting_for_category | USER='2'
2025-10-28 13:40:39,451 | INFO | MainThread | [global] [air-a01f4961-81b4-4dc3-95d3-833843108dee] BOT: Is the VPN showing as connected?
2025-10-28 13:40:39,452 | INFO | MainThread | [global] [air-d438f580-4aca-456a-bda2-a865d52e7227] USER: 1
2025-10-28 13:40:39,453 | INFO | MainThread | [air-d438f580-4aca-456a-bda2-a865d52e7227] STATE=waiting_for_category | USER='1'
2025-10-28 13:40:40,778 | INFO | MainThread | [global] [air-d438f580-4aca-456a-bda2-a865d52e7227] BOT: Is it showing up in the list?
2025-10-28 13:40:40,779 | INFO | MainThread | [global] [air-1e33df21-7d6c-4a97-90a1-58ad551a5238] USER: 3
2025-10-28 13:40:40,780 | INFO | MainThread | [air-1e33df21-7d6c-4a97-90a1-58ad551a5238] STATE=waiting_for_category | USER='3'
2025-10-28 13:40:42,162 | INFO | MainThread | [global] [air-1e33df21-7d6c-4a97-90a1-58ad551a5238] BOT: Is it crashing on startup or during use?
2025-10-28 13:40:42,164 | INFO | MainThread | [global] [air-3437cf0e-36c6-4b6d-9e20-fb382e09ac35] USER: 1
2025-10-28 13:40:42,164 | INFO | MainThread | [air-3437cf0e-36c6-4b6d-9e20-fb382e09ac35] STATE=waiting_for_category | USER='1'
2025-10-28 13:40:43,710 | INFO | MainThread | [global] [air-3437cf0e-36c6-4b6d-9e20-fb382e09ac35] BOT: Is this for access to data or apps?
2025-10-28 13:40:43,711 | INFO | MainThread | [global] [air-11ee7a31-249b-4c8e-a7c4-f4f3ac554ef3] USER: auto_answer_1_5
2025-10-28 13:40:43,712 | INFO | MainThread | [air-11ee7a31-249b-4c8e-a7c4-f4f3ac554ef3] STATE=waiting_q1 | USER='auto_answer_1_5'
2025-10-28 13:40:45,236 | INFO | MainThread | [global] [air-11ee7a31-249b-4c8e-a7c4-f4f3ac554ef3] BOT: Is it syncing at all?
2025-10-28 13:40:45,237 | INFO | MainThread | [global] [air-49061089-fc68-497b-82b9-f214145f77ff] USER: 3
2025-10-28 13:40:45,238 | INFO | MainThread | [air-49061089-fc68-497b-82b9-f214145f77ff] STATE=waiting_for_category | USER='3'
2025-10-28 13:40:46,738 | INFO | MainThread | [global] [air-49061089-fc68-497b-82b9-f214145f77ff] BOT: Is it just the laptop, or does the desktop feel slow too?
2025-10-28 13:40:46,740 | INFO | MainThread | [global] [air-4c2223d9-4775-4a8e-9053-f7d523a5f922] USER: auto_answer_1_6
2025-10-28 13:40:46,741 | INFO | MainThread | [air-4c2223d9-4775-4a8e-9053-f7d523a5f922] STATE=waiting_q1 | USER='auto_answer_1_6'
2025-10-28 13:40:48,592 | INFO | MainThread | [global] [air-4c2223d9-4775-4a8e-9053-f7d523a5f922] BOT: Is this for one user or multiple users?
2025-10-28 13:40:48,593 | INFO | MainThread | [global] [air-b43d2cdb-f7b5-41fe-8904-058e0452ad25] USER: auto_answer_1_7
2025-10-28 13:40:48,594 | INFO | MainThread | [air-b43d2cdb-f7b5-41fe-8904-058e0452ad25] STATE=waiting_q1 | USER='auto_answer_1_7'
2025-10-28 13:40:50,200 | INFO | MainThread | [global] [air-b43d2cdb-f7b5-41fe-8904-058e0452ad25] BOT: Is it a single system or multiple systems?
2025-10-28 13:40:50,201 | INFO | MainThread | [global] [air-a01f4961-81b4-4dc3-95d3-833843108dee] USER: auto_answer_1_4
2025-10-28 13:40:50,202 | INFO | MainThread | [air-a01f4961-81b4-4dc3-95d3-833843108dee] STATE=waiting_q1 | USER='auto_answer_1_4'
2025-10-28 13:40:51,741 | INFO | MainThread | [global] [air-a01f4961-81b4-4dc3-95d3-833843108dee] BOT: Is it affecting all devices?
2025-10-28 13:40:51,743 | INFO | MainThread | [global] [air-d438f580-4aca-456a-bda2-a865d52e7227] USER: auto_answer_1_8
2025-10-28 13:40:51,743 | INFO | MainThread | [air-d438f580-4aca-456a-bda2-a865d52e7227] STATE=waiting_q1 | USER='auto_answer_1_8'
2025-10-28 13:40:53,342 | INFO | MainThread | [global] [air-d438f580-4aca-456a-bda2-a865d52e7227] BOT: Is it powered on and plugged in?
2025-10-28 13:40:53,343 | INFO | MainThread | [global] [air-6416288a-a6b8-4d1d-bcdb-a243124f6d6d] USER: auto_answer_1_10
2025-10-28 13:40:53,343 | INFO | MainThread | [air-6416288a-a6b8-4d1d-bcdb-a243124f6d6d] STATE=waiting_q1 | USER='auto_answer_1_10'
2025-10-28 13:40:54,960 | INFO | MainThread | [global] [air-6416288a-a6b8-4d1d-bcdb-a243124f6d6d] BOT: Is this affecting only your files or others?
2025-10-28 13:40:54,961 | INFO | MainThread | [global] [air-c16959f9-a9a5-4be8-9d0a-02d9a872a6f1] USER: auto_answer_1_1
2025-10-28 13:40:54,961 | INFO | MainThread | [air-c16959f9-a9a5-4be8-9d0a-02d9a872a6f1] STATE=waiting_q1 | USER='auto_answer_1_1'
2025-10-28 13:40:56,584 | INFO | MainThread | [global] [air-c16959f9-a9a5-4be8-9d0a-02d9a872a6f1] BOT: Is the device connected to the correct network?
2025-10-28 13:40:56,585 | INFO | MainThread | [global] [air-1e33df21-7d6c-4a97-90a1-58ad551a5238] USER: auto_answer_1_9
2025-10-28 13:40:56,586 | INFO | MainThread | [air-1e33df21-7d6c-4a97-90a1-58ad551a5238] STATE=waiting_q1 | USER='auto_answer_1_9'
2025-10-28 13:40:58,193 | INFO | MainThread | [global] [air-1e33df21-7d6c-4a97-90a1-58ad551a5238] BOT: Is it a specific server or multiple?
2025-10-28 13:40:58,194 | INFO | MainThread | [global] [air-3437cf0e-36c6-4b6d-9e20-fb382e09ac35] USER: auto_answer_1_2
2025-10-28 13:40:58,195 | INFO | MainThread | [air-3437cf0e-36c6-4b6d-9e20-fb382e09ac35] STATE=waiting_q1 | USER='auto_answer_1_2'
2025-10-28 13:40:59,812 | INFO | MainThread | [global] [air-3437cf0e-36c6-4b6d-9e20-fb382e09ac35] BOT: Is this for a single interface or multiple?
2025-10-28 13:40:59,816 | INFO | MainThread | [global] [air-4c2223d9-4775-4a8e-9053-f7d523a5f922] USER: auto_answer_2_6
2025-10-28 13:40:59,817 | INFO | MainThread | [air-4c2223d9-4775-4a8e-9053-f7d523a5f922] STATE=waiting_q2 | USER='auto_answer_2_6'
2025-10-28 13:41:01,942 | INFO | MainThread | [global] [air-4c2223d9-4775-4a8e-9053-f7d523a5f922] BOT: Have you tried resetting the password using the password reset link or the Jira admin console?
2025-10-28 13:41:01,944 | INFO | MainThread | [global] [air-b43d2cdb-f7b5-41fe-8904-058e0452ad25] USER: auto_answer_2_7
2025-10-28 13:41:01,944 | INFO | MainThread | [air-b43d2cdb-f7b5-41fe-8904-058e0452ad25] STATE=waiting_q2 | USER='auto_answer_2_7'
2025-10-28 13:41:03,856 | INFO | MainThread | [global] [air-b43d2cdb-f7b5-41fe-8904-058e0452ad25] BOT: Has the system attempted a power cycle or reboot recently?
2025-10-28 13:41:03,858 | INFO | MainThread | [global] [air-a01f4961-81b4-4dc3-95d3-833843108dee] USER: auto_answer_2_4
2025-10-28 13:41:03,858 | INFO | MainThread | [air-a01f4961-81b4-4dc3-95d3-833843108dee] STATE=waiting_q2 | USER='auto_answer_2_4'
2025-10-28 13:41:05,743 | INFO | MainThread | [global] [air-a01f4961-81b4-4dc3-95d3-833843108dee] BOT: Have you verified the VPN connection settings on the device?
2025-10-28 13:41:05,744 | INFO | MainThread | [global] [air-d438f580-4aca-456a-bda2-a865d52e7227] USER: auto_answer_2_8
2025-10-28 13:41:05,745 | INFO | MainThread | [air-d438f580-4aca-456a-bda2-a865d52e7227] STATE=waiting_q2 | USER='auto_answer_2_8'
2025-10-28 13:41:07,681 | INFO | MainThread | [global] [air-d438f580-4aca-456a-bda2-a865d52e7227] BOT: Have you checked the printer's network connection or IP address?
2025-10-28 13:41:07,683 | INFO | MainThread | [global] [air-6416288a-a6b8-4d1d-bcdb-a243124f6d6d] USER: auto_answer_2_10
2025-10-28 13:41:07,683 | INFO | MainThread | [air-6416288a-a6b8-4d1d-bcdb-a243124f6d6d] STATE=waiting_q2 | USER='auto_answer_2_10'
2025-10-28 13:41:09,717 | INFO | MainThread | [global] [air-6416288a-a6b8-4d1d-bcdb-a243124f6d6d] BOT: Have you tried accessing the shared folder through the web client or desktop app?
2025-10-28 13:41:09,718 | INFO | MainThread | [global] [air-c16959f9-a9a5-4be8-9d0a-02d9a872a6f1] USER: auto_answer_2_1
2025-10-28 13:41:09,719 | INFO | MainThread | [air-c16959f9-a9a5-4be8-9d0a-02d9a872a6f1] STATE=waiting_q2 | USER='auto_answer_2_1'
2025-10-28 13:41:11,592 | INFO | MainThread | [global] [air-c16959f9-a9a5-4be8-9d0a-02d9a872a6f1] BOT: Have you tried restarting the device or the router?
2025-10-28 13:41:11,593 | INFO | MainThread | [global] [air-11ee7a31-249b-4c8e-a7c4-f4f3ac554ef3] USER: auto_answer_2_5
2025-10-28 13:41:11,593 | INFO | MainThread | [air-11ee7a31-249b-4c8e-a7c4-f4f3ac554ef3] STATE=waiting_q2 | USER='auto_answer_2_5'
2025-10-28 13:41:13,575 | INFO | MainThread | [global] [air-11ee7a31-249b-4c8e-a7c4-f4f3ac554ef3] BOT: Has the email been successfully synced on any other device or account?
2025-10-28 13:41:13,576 | INFO | MainThread | [global] [air-49061089-fc68-497b-82b9-f214145f77ff] USER: auto_answer_1_3
2025-10-28 13:41:13,576 | INFO | MainThread | [air-49061089-fc68-497b-82b9-f214145f77ff] STATE=waiting_q1 | USER='auto_answer_1_3'
2025-10-28 13:41:15,436 | INFO | MainThread | [global] [air-49061089-fc68-497b-82b9-f214145f77ff] BOT: Is this affecting specific apps or the whole system?
2025-10-28 13:41:15,439 | INFO | MainThread | [global] [air-4c2223d9-4775-4a8e-9053-f7d523a5f922] USER: auto_answer_3_6
2025-10-28 13:41:15,439 | INFO | MainThread | [air-4c2223d9-4775-4a8e-9053-f7d523a5f922] STATE=waiting_q3 | USER='auto_answer_3_6'
2025-10-28 13:41:15,439 | INFO | MainThread | [global] [air-4c2223d9-4775-4a8e-9053-f7d523a5f922] BOT: Please provide some more context or details about the issue, in form of text or screenshots. (optional)
2025-10-28 13:41:15,440 | INFO | MainThread | [global] [air-b43d2cdb-f7b5-41fe-8904-058e0452ad25] USER: auto_answer_3_7
2025-10-28 13:41:15,440 | INFO | MainThread | [air-b43d2cdb-f7b5-41fe-8904-058e0452ad25] STATE=waiting_q3 | USER='auto_answer_3_7'
2025-10-28 13:41:15,441 | INFO | MainThread | [global] [air-b43d2cdb-f7b5-41fe-8904-058e0452ad25] BOT: Please provide some more context or details about the issue, in form of text or screenshots. (optional)
2025-10-28 13:41:15,442 | INFO | MainThread | [global] [air-a01f4961-81b4-4dc3-95d3-833843108dee] USER: auto_answer_3_4
2025-10-28 13:41:15,442 | INFO | MainThread | [air-a01f4961-81b4-4dc3-95d3-833843108dee] STATE=waiting_q3 | USER='auto_answer_3_4'
2025-10-28 13:41:15,442 | INFO | MainThread | [global] [air-a01f4961-81b4-4dc3-95d3-833843108dee] BOT: Please provide some more context or details about the issue, in form of text or screenshots. (optional)
2025-10-28 13:41:15,443 | INFO | MainThread | [global] [air-d438f580-4aca-456a-bda2-a865d52e7227] USER: auto_answer_3_8
2025-10-28 13:41:15,443 | INFO | MainThread | [air-d438f580-4aca-456a-bda2-a865d52e7227] STATE=waiting_q3 | USER='auto_answer_3_8'
2025-10-28 13:41:15,443 | INFO | MainThread | [global] [air-d438f580-4aca-456a-bda2-a865d52e7227] BOT: Please provide some more context or details about the issue, in form of text or screenshots. (optional)
2025-10-28 13:41:15,445 | INFO | MainThread | [global] [air-6416288a-a6b8-4d1d-bcdb-a243124f6d6d] USER: auto_answer_3_10
2025-10-28 13:41:15,445 | INFO | MainThread | [air-6416288a-a6b8-4d1d-bcdb-a243124f6d6d] STATE=waiting_q3 | USER='auto_answer_3_10'
2025-10-28 13:41:15,445 | INFO | MainThread | [global] [air-6416288a-a6b8-4d1d-bcdb-a243124f6d6d] BOT: Please provide some more context or details about the issue, in form of text or screenshots. (optional)
2025-10-28 13:41:15,446 | INFO | MainThread | [global] [air-c16959f9-a9a5-4be8-9d0a-02d9a872a6f1] USER: auto_answer_3_1
2025-10-28 13:41:15,447 | INFO | MainThread | [air-c16959f9-a9a5-4be8-9d0a-02d9a872a6f1] STATE=waiting_q3 | USER='auto_answer_3_1'
2025-10-28 13:41:15,447 | INFO | MainThread | [global] [air-c16959f9-a9a5-4be8-9d0a-02d9a872a6f1] BOT: Please provide some more context or details about the issue, in form of text or screenshots. (optional)
2025-10-28 13:41:15,448 | INFO | MainThread | [global] [air-1e33df21-7d6c-4a97-90a1-58ad551a5238] USER: auto_answer_2_9
2025-10-28 13:41:15,449 | INFO | MainThread | [air-1e33df21-7d6c-4a97-90a1-58ad551a5238] STATE=waiting_q2 | USER='auto_answer_2_9'
2025-10-28 13:41:17,320 | INFO | MainThread | [global] [air-1e33df21-7d6c-4a97-90a1-58ad551a5238] BOT: Have you tried restarting Teams or clearing the cache?
2025-10-28 13:41:17,321 | INFO | MainThread | [global] [air-3437cf0e-36c6-4b6d-9e20-fb382e09ac35] USER: auto_answer_2_2
2025-10-28 13:41:17,321 | INFO | MainThread | [air-3437cf0e-36c6-4b6d-9e20-fb382e09ac35] STATE=waiting_q2 | USER='auto_answer_2_2'
2025-10-28 13:41:19,595 | INFO | MainThread | [global] [air-3437cf0e-36c6-4b6d-9e20-fb382e09ac35] BOT: Have you verified the specific D365 environment (e.g., production, sandbox) and the required permissions?
2025-10-28 13:41:19,596 | INFO | MainThread | [global] [air-11ee7a31-249b-4c8e-a7c4-f4f3ac554ef3] USER: auto_answer_3_5
2025-10-28 13:41:19,597 | INFO | MainThread | [air-11ee7a31-249b-4c8e-a7c4-f4f3ac554ef3] STATE=waiting_q3 | USER='auto_answer_3_5'
2025-10-28 13:41:19,597 | INFO | MainThread | [global] [air-11ee7a31-249b-4c8e-a7c4-f4f3ac554ef3] BOT: Please provide some more context or details about the issue, in form of text or screenshots. (optional)
2025-10-28 13:41:19,600 | INFO | MainThread | [global] [air-4c2223d9-4775-4a8e-9053-f7d523a5f922] USER: auto_answer_4_6
2025-10-28 13:41:19,600 | INFO | MainThread | [air-4c2223d9-4775-4a8e-9053-f7d523a5f922] STATE=waiting_q4 | USER='auto_answer_4_6'
2025-10-28 13:41:19,601 | INFO | MainThread | [global] [air-b43d2cdb-f7b5-41fe-8904-058e0452ad25] USER: auto_answer_4_7
2025-10-28 13:41:19,602 | INFO | MainThread | [air-b43d2cdb-f7b5-41fe-8904-058e0452ad25] STATE=waiting_q4 | USER='auto_answer_4_7'
2025-10-28 13:41:19,603 | INFO | MainThread | [global] [air-a01f4961-81b4-4dc3-95d3-833843108dee] USER: auto_answer_4_4
2025-10-28 13:41:19,604 | INFO | MainThread | [air-a01f4961-81b4-4dc3-95d3-833843108dee] STATE=waiting_q4 | USER='auto_answer_4_4'
2025-10-28 13:41:19,605 | INFO | MainThread | [global] [air-d438f580-4aca-456a-bda2-a865d52e7227] USER: auto_answer_4_8
2025-10-28 13:41:19,607 | INFO | MainThread | [air-d438f580-4aca-456a-bda2-a865d52e7227] STATE=waiting_q4 | USER='auto_answer_4_8'
2025-10-28 13:41:19,608 | INFO | MainThread | [global] [air-6416288a-a6b8-4d1d-bcdb-a243124f6d6d] USER: auto_answer_4_10
2025-10-28 13:41:19,612 | INFO | MainThread | [air-6416288a-a6b8-4d1d-bcdb-a243124f6d6d] STATE=waiting_q4 | USER='auto_answer_4_10'
2025-10-28 13:41:19,614 | INFO | MainThread | [global] [air-c16959f9-a9a5-4be8-9d0a-02d9a872a6f1] USER: auto_answer_4_1
2025-10-28 13:41:19,616 | INFO | MainThread | [air-c16959f9-a9a5-4be8-9d0a-02d9a872a6f1] STATE=waiting_q4 | USER='auto_answer_4_1'
2025-10-28 13:41:19,616 | INFO | MainThread | [global] [air-1e33df21-7d6c-4a97-90a1-58ad551a5238] USER: auto_answer_3_9
2025-10-28 13:41:19,621 | INFO | MainThread | [air-1e33df21-7d6c-4a97-90a1-58ad551a5238] STATE=waiting_q3 | USER='auto_answer_3_9'
2025-10-28 13:41:19,622 | INFO | MainThread | [global] [air-1e33df21-7d6c-4a97-90a1-58ad551a5238] BOT: Please provide some more context or details about the issue, in form of text or screenshots. (optional)
2025-10-28 13:41:19,626 | INFO | MainThread | [global] [air-49061089-fc68-497b-82b9-f214145f77ff] USER: auto_answer_2_3
2025-10-28 13:41:19,629 | INFO | MainThread | [air-49061089-fc68-497b-82b9-f214145f77ff] STATE=waiting_q2 | USER='auto_answer_2_3'
2025-10-28 13:41:21,597 | INFO | MainThread | [global] [air-49061089-fc68-497b-82b9-f214145f77ff] BOT: Have you checked the task manager or any performance monitoring tools recently?
2025-10-28 13:41:21,600 | INFO | MainThread | [global] [air-1e33df21-7d6c-4a97-90a1-58ad551a5238] USER: auto_answer_4_9
2025-10-28 13:41:21,602 | INFO | MainThread | [air-1e33df21-7d6c-4a97-90a1-58ad551a5238] STATE=waiting_q4 | USER='auto_answer_4_9'
2025-10-28 13:41:21,604 | INFO | MainThread | [global] [air-3437cf0e-36c6-4b6d-9e20-fb382e09ac35] USER: auto_answer_3_2
2025-10-28 13:41:21,605 | INFO | MainThread | [air-3437cf0e-36c6-4b6d-9e20-fb382e09ac35] STATE=waiting_q3 | USER='auto_answer_3_2'
2025-10-28 13:41:21,607 | INFO | MainThread | [global] [air-3437cf0e-36c6-4b6d-9e20-fb382e09ac35] BOT: Please provide some more context or details about the issue, in form of text or screenshots. (optional)
2025-10-28 13:41:21,616 | INFO | MainThread | [global] [air-11ee7a31-249b-4c8e-a7c4-f4f3ac554ef3] USER: auto_answer_4_5
2025-10-28 13:41:21,620 | INFO | MainThread | [air-11ee7a31-249b-4c8e-a7c4-f4f3ac554ef3] STATE=waiting_q4 | USER='auto_answer_4_5'
2025-10-28 13:41:22,302 | INFO | MainThread | [air-a01f4961-81b4-4dc3-95d3-833843108dee] BOT: Ticket creation returned: 401 - {"errorMessages":["You do not have permission to create issues in this project."],"errors":{}}

Your issue has been processed successfully.
You can start a new chat if you'd like to raise another ticket. | NEXT_STATE: final
2025-10-28 13:41:22,302 | INFO | MainThread | [global] [air-a01f4961-81b4-4dc3-95d3-833843108dee] BOT: Ticket creation returned: 401 - {"errorMessages":["You do not have permission to create issues in this project."],"errors":{}}
2025-10-28 13:41:22,302 | INFO | MainThread | [global] [air-a01f4961-81b4-4dc3-95d3-833843108dee] ✅ Chat completed.
2025-10-28 13:41:22,543 | INFO | MainThread | [air-b43d2cdb-f7b5-41fe-8904-058e0452ad25] BOT: Ticket creation returned: 401 - {"errorMessages":["You do not have permission to create issues in this project."],"errors":{}}

Your issue has been processed successfully.
You can start a new chat if you'd like to raise another ticket. | NEXT_STATE: final
2025-10-28 13:41:22,543 | INFO | MainThread | [global] [air-b43d2cdb-f7b5-41fe-8904-058e0452ad25] BOT: Ticket creation returned: 401 - {"errorMessages":["You do not have permission to create issues in this project."],"errors":{}}
2025-10-28 13:41:22,543 | INFO | MainThread | [global] [air-b43d2cdb-f7b5-41fe-8904-058e0452ad25] ✅ Chat completed.
2025-10-28 13:41:22,547 | INFO | MainThread | [air-d438f580-4aca-456a-bda2-a865d52e7227] BOT: Ticket creation returned: 401 - {"errorMessages":["You do not have permission to create issues in this project."],"errors":{}}

Your issue has been processed successfully.
You can start a new chat if you'd like to raise another ticket. | NEXT_STATE: final
2025-10-28 13:41:22,547 | INFO | MainThread | [global] [air-d438f580-4aca-456a-bda2-a865d52e7227] BOT: Ticket creation returned: 401 - {"errorMessages":["You do not have permission to create issues in this project."],"errors":{}}
2025-10-28 13:41:22,547 | INFO | MainThread | [global] [air-d438f580-4aca-456a-bda2-a865d52e7227] ✅ Chat completed.
2025-10-28 13:41:22,553 | INFO | MainThread | [air-6416288a-a6b8-4d1d-bcdb-a243124f6d6d] BOT: Ticket creation returned: 401 - {"errorMessages":["You do not have permission to create issues in this project."],"errors":{}}

Your issue has been processed successfully.
You can start a new chat if you'd like to raise another ticket. | NEXT_STATE: final
2025-10-28 13:41:22,553 | INFO | MainThread | [global] [air-6416288a-a6b8-4d1d-bcdb-a243124f6d6d] BOT: Ticket creation returned: 401 - {"errorMessages":["You do not have permission to create issues in this project."],"errors":{}}
2025-10-28 13:41:22,553 | INFO | MainThread | [global] [air-6416288a-a6b8-4d1d-bcdb-a243124f6d6d] ✅ Chat completed.
2025-10-28 13:41:22,600 | INFO | MainThread | [air-c16959f9-a9a5-4be8-9d0a-02d9a872a6f1] BOT: Ticket creation returned: 401 - {"errorMessages":["You do not have permission to create issues in this project."],"errors":{}}

Your issue has been processed successfully.
You can start a new chat if you'd like to raise another ticket. | NEXT_STATE: final
2025-10-28 13:41:22,601 | INFO | MainThread | [global] [air-c16959f9-a9a5-4be8-9d0a-02d9a872a6f1] BOT: Ticket creation returned: 401 - {"errorMessages":["You do not have permission to create issues in this project."],"errors":{}}
2025-10-28 13:41:22,601 | INFO | MainThread | [global] [air-c16959f9-a9a5-4be8-9d0a-02d9a872a6f1] ✅ Chat completed.
2025-10-28 13:41:22,628 | INFO | MainThread | [air-1e33df21-7d6c-4a97-90a1-58ad551a5238] BOT: Ticket creation returned: 401 - {"errorMessages":["You do not have permission to create issues in this project."],"errors":{}}

Your issue has been processed successfully.
You can start a new chat if you'd like to raise another ticket. | NEXT_STATE: final
2025-10-28 13:41:22,628 | INFO | MainThread | [global] [air-1e33df21-7d6c-4a97-90a1-58ad551a5238] BOT: Ticket creation returned: 401 - {"errorMessages":["You do not have permission to create issues in this project."],"errors":{}}
2025-10-28 13:41:22,628 | INFO | MainThread | [global] [air-1e33df21-7d6c-4a97-90a1-58ad551a5238] ✅ Chat completed.
2025-10-28 13:41:22,662 | INFO | MainThread | [air-11ee7a31-249b-4c8e-a7c4-f4f3ac554ef3] BOT: Ticket creation returned: 401 - {"errorMessages":["You do not have permission to create issues in this project."],"errors":{}}

Your issue has been processed successfully.
You can start a new chat if you'd like to raise another ticket. | NEXT_STATE: final
2025-10-28 13:41:22,662 | INFO | MainThread | [global] [air-11ee7a31-249b-4c8e-a7c4-f4f3ac554ef3] BOT: Ticket creation returned: 401 - {"errorMessages":["You do not have permission to create issues in this project."],"errors":{}}
2025-10-28 13:41:22,662 | INFO | MainThread | [global] [air-11ee7a31-249b-4c8e-a7c4-f4f3ac554ef3] ✅ Chat completed.
2025-10-28 13:41:22,672 | INFO | MainThread | [air-4c2223d9-4775-4a8e-9053-f7d523a5f922] BOT: Ticket creation returned: 401 - {"errorMessages":["You do not have permission to create issues in this project."],"errors":{}}

Your issue has been processed successfully.
You can start a new chat if you'd like to raise another ticket. | NEXT_STATE: final
2025-10-28 13:41:22,672 | INFO | MainThread | [global] [air-4c2223d9-4775-4a8e-9053-f7d523a5f922] BOT: Ticket creation returned: 401 - {"errorMessages":["You do not have permission to create issues in this project."],"errors":{}}
2025-10-28 13:41:22,672 | INFO | MainThread | [global] [air-4c2223d9-4775-4a8e-9053-f7d523a5f922] ✅ Chat completed.
2025-10-28 13:41:22,707 | INFO | MainThread | [global] [air-49061089-fc68-497b-82b9-f214145f77ff] USER: auto_answer_3_3
2025-10-28 13:41:22,707 | INFO | MainThread | [air-49061089-fc68-497b-82b9-f214145f77ff] STATE=waiting_q3 | USER='auto_answer_3_3'
2025-10-28 13:41:22,708 | INFO | MainThread | [global] [air-49061089-fc68-497b-82b9-f214145f77ff] BOT: Please provide some more context or details about the issue, in form of text or screenshots. (optional)
2025-10-28 13:41:23,374 | INFO | MainThread | [global] [air-3437cf0e-36c6-4b6d-9e20-fb382e09ac35] USER: auto_answer_4_2
2025-10-28 13:41:23,375 | INFO | MainThread | [air-3437cf0e-36c6-4b6d-9e20-fb382e09ac35] STATE=waiting_q4 | USER='auto_answer_4_2'
2025-10-28 13:41:23,899 | INFO | MainThread | [global] [air-49061089-fc68-497b-82b9-f214145f77ff] USER: auto_answer_4_3
2025-10-28 13:41:23,899 | INFO | MainThread | [air-49061089-fc68-497b-82b9-f214145f77ff] STATE=waiting_q4 | USER='auto_answer_4_3'
2025-10-28 13:41:24,281 | INFO | MainThread | [air-3437cf0e-36c6-4b6d-9e20-fb382e09ac35] BOT: Ticket creation returned: 401 - {"errorMessages":["You do not have permission to create issues in this project."],"errors":{}}

Your issue has been processed successfully.
You can start a new chat if you'd like to raise another ticket. | NEXT_STATE: final
2025-10-28 13:41:24,281 | INFO | MainThread | [global] [air-3437cf0e-36c6-4b6d-9e20-fb382e09ac35] BOT: Ticket creation returned: 401 - {"errorMessages":["You do not have permission to create issues in this project."],"errors":{}}
2025-10-28 13:41:24,281 | INFO | MainThread | [global] [air-3437cf0e-36c6-4b6d-9e20-fb382e09ac35] ✅ Chat completed.
2025-10-28 13:41:24,744 | INFO | MainThread | [air-49061089-fc68-497b-82b9-f214145f77ff] BOT: Ticket creation returned: 401 - {"errorMessages":["You do not have permission to create issues in this project."],"errors":{}}

Your issue has been processed successfully.
You can start a new chat if you'd like to raise another ticket. | NEXT_STATE: final
2025-10-28 13:41:24,745 | INFO | MainThread | [global] [air-49061089-fc68-497b-82b9-f214145f77ff] BOT: Ticket creation returned: 401 - {"errorMessages":["You do not have permission to create issues in this project."],"errors":{}}
2025-10-28 13:41:24,745 | INFO | MainThread | [global] [air-49061089-fc68-497b-82b9-f214145f77ff] ✅ Chat completed.
2025-10-28 13:41:32,317 | INFO | ThreadPoolExecutor-1_0 | [global] Session air-a01f4961-81b4-4dc3-95d3-833843108dee cleaned up after completion.
2025-10-28 13:41:32,557 | INFO | ThreadPoolExecutor-1_2 | [global] Session air-d438f580-4aca-456a-bda2-a865d52e7227 cleaned up after completion.
2025-10-28 13:41:32,557 | INFO | ThreadPoolExecutor-1_1 | [global] Session air-b43d2cdb-f7b5-41fe-8904-058e0452ad25 cleaned up after completion.
2025-10-28 13:41:32,557 | INFO | ThreadPoolExecutor-1_3 | [global] Session air-6416288a-a6b8-4d1d-bcdb-a243124f6d6d cleaned up after completion.
2025-10-28 13:41:32,604 | INFO | ThreadPoolExecutor-1_4 | [global] Session air-c16959f9-a9a5-4be8-9d0a-02d9a872a6f1 cleaned up after completion.
2025-10-28 13:41:32,636 | INFO | ThreadPoolExecutor-1_5 | [global] Session air-1e33df21-7d6c-4a97-90a1-58ad551a5238 cleaned up after completion.
2025-10-28 13:41:32,668 | INFO | ThreadPoolExecutor-1_6 | [global] Session air-11ee7a31-249b-4c8e-a7c4-f4f3ac554ef3 cleaned up after completion.
2025-10-28 13:41:32,684 | INFO | ThreadPoolExecutor-1_7 | [global] Session air-4c2223d9-4775-4a8e-9053-f7d523a5f922 cleaned up after completion.
2025-10-28 13:41:34,294 | INFO | ThreadPoolExecutor-1_8 | [global] Session air-3437cf0e-36c6-4b6d-9e20-fb382e09ac35 cleaned up after completion.
2025-10-28 13:41:34,756 | INFO | ThreadPoolExecutor-1_9 | [global] Session air-49061089-fc68-497b-82b9-f214145f77ff cleaned up after completion.
2025-10-28 15:10:31,095 | INFO | MainThread | [global] 🔻 Shutting down API...
2025-10-28 15:10:31,095 | INFO | MainThread | [global] ✅ Shutdown cleanup complete.
2025-10-28 15:10:40,558 | INFO | MainThread | [global] 🚀 Starting IT Support Chatbot API...
2025-10-28 15:10:40,561 | INFO | MainThread | [global] ✅ Readiness check passed — env, dataset, and model cache OK.
2025-10-28 15:10:40,561 | INFO | MainThread | [global] 🧹 Background cleanup task started.
2025-10-28 15:18:19,644 | ERROR | AnyIO worker thread | [global] ❌ Session init failed: Cannot copy out of meta tensor; no data! Please use torch.nn.Module.to_empty() instead of torch.nn.Module.to() when moving module from meta to a different device.
Traceback (most recent call last):
  File "D:\AIR-DATA\Prototype\api_server.py", line 127, in start_chat
    logic = ChatLogic()
  File "D:\AIR-DATA\Prototype\src\logic.py", line 90, in __init__
    self.model = self._get_sentence_model()
  File "D:\AIR-DATA\Prototype\src\logic.py", line 102, in _get_sentence_model
    cls._sentence_model = cls._load_or_cache_model()
  File "D:\AIR-DATA\Prototype\src\logic.py", line 119, in _load_or_cache_model
    return SentenceTransformer('all-MiniLM-L6-v2')
  File "D:\AIR-DATA\Prototype\.venv\lib\site-packages\sentence_transformers\SentenceTransformer.py", line 367, in __init__
    self.to(device)
  File "D:\AIR-DATA\Prototype\.venv\lib\site-packages\torch\nn\modules\module.py", line 1369, in to
    return self._apply(convert)
  File "D:\AIR-DATA\Prototype\.venv\lib\site-packages\torch\nn\modules\module.py", line 928, in _apply
    module._apply(fn)
  File "D:\AIR-DATA\Prototype\.venv\lib\site-packages\torch\nn\modules\module.py", line 928, in _apply
    module._apply(fn)
  File "D:\AIR-DATA\Prototype\.venv\lib\site-packages\torch\nn\modules\module.py", line 928, in _apply
    module._apply(fn)
  [Previous line repeated 1 more time]
  File "D:\AIR-DATA\Prototype\.venv\lib\site-packages\torch\nn\modules\module.py", line 955, in _apply
    param_applied = fn(param)
  File "D:\AIR-DATA\Prototype\.venv\lib\site-packages\torch\nn\modules\module.py", line 1362, in convert
    raise NotImplementedError(
NotImplementedError: Cannot copy out of meta tensor; no data! Please use torch.nn.Module.to_empty() instead of torch.nn.Module.to() when moving module from meta to a different device.
2025-10-28 15:18:19,654 | ERROR | AnyIO worker thread | [global] ❌ Session init failed: Cannot copy out of meta tensor; no data! Please use torch.nn.Module.to_empty() instead of torch.nn.Module.to() when moving module from meta to a different device.
Traceback (most recent call last):
  File "D:\AIR-DATA\Prototype\api_server.py", line 127, in start_chat
    logic = ChatLogic()
  File "D:\AIR-DATA\Prototype\src\logic.py", line 90, in __init__
    self.model = self._get_sentence_model()
  File "D:\AIR-DATA\Prototype\src\logic.py", line 102, in _get_sentence_model
    cls._sentence_model = cls._load_or_cache_model()
  File "D:\AIR-DATA\Prototype\src\logic.py", line 119, in _load_or_cache_model
    return SentenceTransformer('all-MiniLM-L6-v2')
  File "D:\AIR-DATA\Prototype\.venv\lib\site-packages\sentence_transformers\SentenceTransformer.py", line 367, in __init__
    self.to(device)
  File "D:\AIR-DATA\Prototype\.venv\lib\site-packages\torch\nn\modules\module.py", line 1369, in to
    return self._apply(convert)
  File "D:\AIR-DATA\Prototype\.venv\lib\site-packages\torch\nn\modules\module.py", line 928, in _apply
    module._apply(fn)
  File "D:\AIR-DATA\Prototype\.venv\lib\site-packages\torch\nn\modules\module.py", line 928, in _apply
    module._apply(fn)
  File "D:\AIR-DATA\Prototype\.venv\lib\site-packages\torch\nn\modules\module.py", line 928, in _apply
    module._apply(fn)
  [Previous line repeated 1 more time]
  File "D:\AIR-DATA\Prototype\.venv\lib\site-packages\torch\nn\modules\module.py", line 955, in _apply
    param_applied = fn(param)
  File "D:\AIR-DATA\Prototype\.venv\lib\site-packages\torch\nn\modules\module.py", line 1362, in convert
    raise NotImplementedError(
NotImplementedError: Cannot copy out of meta tensor; no data! Please use torch.nn.Module.to_empty() instead of torch.nn.Module.to() when moving module from meta to a different device.
2025-10-28 15:18:19,900 | ERROR | AnyIO worker thread | [global] ❌ Session init failed: Cannot copy out of meta tensor; no data! Please use torch.nn.Module.to_empty() instead of torch.nn.Module.to() when moving module from meta to a different device.
Traceback (most recent call last):
  File "D:\AIR-DATA\Prototype\api_server.py", line 127, in start_chat
    logic = ChatLogic()
  File "D:\AIR-DATA\Prototype\src\logic.py", line 90, in __init__
    self.model = self._get_sentence_model()
  File "D:\AIR-DATA\Prototype\src\logic.py", line 102, in _get_sentence_model
    cls._sentence_model = cls._load_or_cache_model()
  File "D:\AIR-DATA\Prototype\src\logic.py", line 119, in _load_or_cache_model
    return SentenceTransformer('all-MiniLM-L6-v2')
  File "D:\AIR-DATA\Prototype\.venv\lib\site-packages\sentence_transformers\SentenceTransformer.py", line 367, in __init__
    self.to(device)
  File "D:\AIR-DATA\Prototype\.venv\lib\site-packages\torch\nn\modules\module.py", line 1369, in to
    return self._apply(convert)
  File "D:\AIR-DATA\Prototype\.venv\lib\site-packages\torch\nn\modules\module.py", line 928, in _apply
    module._apply(fn)
  File "D:\AIR-DATA\Prototype\.venv\lib\site-packages\torch\nn\modules\module.py", line 928, in _apply
    module._apply(fn)
  File "D:\AIR-DATA\Prototype\.venv\lib\site-packages\torch\nn\modules\module.py", line 928, in _apply
    module._apply(fn)
  [Previous line repeated 1 more time]
  File "D:\AIR-DATA\Prototype\.venv\lib\site-packages\torch\nn\modules\module.py", line 955, in _apply
    param_applied = fn(param)
  File "D:\AIR-DATA\Prototype\.venv\lib\site-packages\torch\nn\modules\module.py", line 1362, in convert
    raise NotImplementedError(
NotImplementedError: Cannot copy out of meta tensor; no data! Please use torch.nn.Module.to_empty() instead of torch.nn.Module.to() when moving module from meta to a different device.
2025-10-28 15:18:19,992 | ERROR | AnyIO worker thread | [global] ❌ Session init failed: Cannot copy out of meta tensor; no data! Please use torch.nn.Module.to_empty() instead of torch.nn.Module.to() when moving module from meta to a different device.
Traceback (most recent call last):
  File "D:\AIR-DATA\Prototype\api_server.py", line 127, in start_chat
    logic = ChatLogic()
  File "D:\AIR-DATA\Prototype\src\logic.py", line 90, in __init__
    self.model = self._get_sentence_model()
  File "D:\AIR-DATA\Prototype\src\logic.py", line 102, in _get_sentence_model
    cls._sentence_model = cls._load_or_cache_model()
  File "D:\AIR-DATA\Prototype\src\logic.py", line 119, in _load_or_cache_model
    return SentenceTransformer('all-MiniLM-L6-v2')
  File "D:\AIR-DATA\Prototype\.venv\lib\site-packages\sentence_transformers\SentenceTransformer.py", line 367, in __init__
    self.to(device)
  File "D:\AIR-DATA\Prototype\.venv\lib\site-packages\torch\nn\modules\module.py", line 1369, in to
    return self._apply(convert)
  File "D:\AIR-DATA\Prototype\.venv\lib\site-packages\torch\nn\modules\module.py", line 928, in _apply
    module._apply(fn)
  File "D:\AIR-DATA\Prototype\.venv\lib\site-packages\torch\nn\modules\module.py", line 928, in _apply
    module._apply(fn)
  File "D:\AIR-DATA\Prototype\.venv\lib\site-packages\torch\nn\modules\module.py", line 928, in _apply
    module._apply(fn)
  [Previous line repeated 1 more time]
  File "D:\AIR-DATA\Prototype\.venv\lib\site-packages\torch\nn\modules\module.py", line 955, in _apply
    param_applied = fn(param)
  File "D:\AIR-DATA\Prototype\.venv\lib\site-packages\torch\nn\modules\module.py", line 1362, in convert
    raise NotImplementedError(
NotImplementedError: Cannot copy out of meta tensor; no data! Please use torch.nn.Module.to_empty() instead of torch.nn.Module.to() when moving module from meta to a different device.
2025-10-28 15:18:20,036 | ERROR | AnyIO worker thread | [global] ❌ Session init failed: Cannot copy out of meta tensor; no data! Please use torch.nn.Module.to_empty() instead of torch.nn.Module.to() when moving module from meta to a different device.
Traceback (most recent call last):
  File "D:\AIR-DATA\Prototype\api_server.py", line 127, in start_chat
    logic = ChatLogic()
  File "D:\AIR-DATA\Prototype\src\logic.py", line 90, in __init__
    self.model = self._get_sentence_model()
  File "D:\AIR-DATA\Prototype\src\logic.py", line 102, in _get_sentence_model
    cls._sentence_model = cls._load_or_cache_model()
  File "D:\AIR-DATA\Prototype\src\logic.py", line 119, in _load_or_cache_model
    return SentenceTransformer('all-MiniLM-L6-v2')
  File "D:\AIR-DATA\Prototype\.venv\lib\site-packages\sentence_transformers\SentenceTransformer.py", line 367, in __init__
    self.to(device)
  File "D:\AIR-DATA\Prototype\.venv\lib\site-packages\torch\nn\modules\module.py", line 1369, in to
    return self._apply(convert)
  File "D:\AIR-DATA\Prototype\.venv\lib\site-packages\torch\nn\modules\module.py", line 928, in _apply
    module._apply(fn)
  File "D:\AIR-DATA\Prototype\.venv\lib\site-packages\torch\nn\modules\module.py", line 928, in _apply
    module._apply(fn)
  File "D:\AIR-DATA\Prototype\.venv\lib\site-packages\torch\nn\modules\module.py", line 928, in _apply
    module._apply(fn)
  [Previous line repeated 1 more time]
  File "D:\AIR-DATA\Prototype\.venv\lib\site-packages\torch\nn\modules\module.py", line 955, in _apply
    param_applied = fn(param)
  File "D:\AIR-DATA\Prototype\.venv\lib\site-packages\torch\nn\modules\module.py", line 1362, in convert
    raise NotImplementedError(
NotImplementedError: Cannot copy out of meta tensor; no data! Please use torch.nn.Module.to_empty() instead of torch.nn.Module.to() when moving module from meta to a different device.
2025-10-28 15:18:20,316 | ERROR | AnyIO worker thread | [global] ❌ Session init failed: Cannot copy out of meta tensor; no data! Please use torch.nn.Module.to_empty() instead of torch.nn.Module.to() when moving module from meta to a different device.
Traceback (most recent call last):
  File "D:\AIR-DATA\Prototype\api_server.py", line 127, in start_chat
    logic = ChatLogic()
  File "D:\AIR-DATA\Prototype\src\logic.py", line 90, in __init__
    self.model = self._get_sentence_model()
  File "D:\AIR-DATA\Prototype\src\logic.py", line 102, in _get_sentence_model
    cls._sentence_model = cls._load_or_cache_model()
  File "D:\AIR-DATA\Prototype\src\logic.py", line 119, in _load_or_cache_model
    return SentenceTransformer('all-MiniLM-L6-v2')
  File "D:\AIR-DATA\Prototype\.venv\lib\site-packages\sentence_transformers\SentenceTransformer.py", line 367, in __init__
    self.to(device)
  File "D:\AIR-DATA\Prototype\.venv\lib\site-packages\torch\nn\modules\module.py", line 1369, in to
    return self._apply(convert)
  File "D:\AIR-DATA\Prototype\.venv\lib\site-packages\torch\nn\modules\module.py", line 928, in _apply
    module._apply(fn)
  File "D:\AIR-DATA\Prototype\.venv\lib\site-packages\torch\nn\modules\module.py", line 928, in _apply
    module._apply(fn)
  File "D:\AIR-DATA\Prototype\.venv\lib\site-packages\torch\nn\modules\module.py", line 928, in _apply
    module._apply(fn)
  [Previous line repeated 1 more time]
  File "D:\AIR-DATA\Prototype\.venv\lib\site-packages\torch\nn\modules\module.py", line 955, in _apply
    param_applied = fn(param)
  File "D:\AIR-DATA\Prototype\.venv\lib\site-packages\torch\nn\modules\module.py", line 1362, in convert
    raise NotImplementedError(
NotImplementedError: Cannot copy out of meta tensor; no data! Please use torch.nn.Module.to_empty() instead of torch.nn.Module.to() when moving module from meta to a different device.
2025-10-28 15:18:20,316 | ERROR | AnyIO worker thread | [global] ❌ Session init failed: Cannot copy out of meta tensor; no data! Please use torch.nn.Module.to_empty() instead of torch.nn.Module.to() when moving module from meta to a different device.
Traceback (most recent call last):
  File "D:\AIR-DATA\Prototype\api_server.py", line 127, in start_chat
    logic = ChatLogic()
  File "D:\AIR-DATA\Prototype\src\logic.py", line 90, in __init__
    self.model = self._get_sentence_model()
  File "D:\AIR-DATA\Prototype\src\logic.py", line 102, in _get_sentence_model
    cls._sentence_model = cls._load_or_cache_model()
  File "D:\AIR-DATA\Prototype\src\logic.py", line 119, in _load_or_cache_model
    return SentenceTransformer('all-MiniLM-L6-v2')
  File "D:\AIR-DATA\Prototype\.venv\lib\site-packages\sentence_transformers\SentenceTransformer.py", line 367, in __init__
    self.to(device)
  File "D:\AIR-DATA\Prototype\.venv\lib\site-packages\torch\nn\modules\module.py", line 1369, in to
    return self._apply(convert)
  File "D:\AIR-DATA\Prototype\.venv\lib\site-packages\torch\nn\modules\module.py", line 928, in _apply
    module._apply(fn)
  File "D:\AIR-DATA\Prototype\.venv\lib\site-packages\torch\nn\modules\module.py", line 928, in _apply
    module._apply(fn)
  File "D:\AIR-DATA\Prototype\.venv\lib\site-packages\torch\nn\modules\module.py", line 928, in _apply
    module._apply(fn)
  [Previous line repeated 1 more time]
  File "D:\AIR-DATA\Prototype\.venv\lib\site-packages\torch\nn\modules\module.py", line 955, in _apply
    param_applied = fn(param)
  File "D:\AIR-DATA\Prototype\.venv\lib\site-packages\torch\nn\modules\module.py", line 1362, in convert
    raise NotImplementedError(
NotImplementedError: Cannot copy out of meta tensor; no data! Please use torch.nn.Module.to_empty() instead of torch.nn.Module.to() when moving module from meta to a different device.
2025-10-28 15:18:20,724 | ERROR | AnyIO worker thread | [global] ❌ Session init failed: Cannot copy out of meta tensor; no data! Please use torch.nn.Module.to_empty() instead of torch.nn.Module.to() when moving module from meta to a different device.
Traceback (most recent call last):
  File "D:\AIR-DATA\Prototype\api_server.py", line 127, in start_chat
    logic = ChatLogic()
  File "D:\AIR-DATA\Prototype\src\logic.py", line 90, in __init__
    self.model = self._get_sentence_model()
  File "D:\AIR-DATA\Prototype\src\logic.py", line 102, in _get_sentence_model
    cls._sentence_model = cls._load_or_cache_model()
  File "D:\AIR-DATA\Prototype\src\logic.py", line 119, in _load_or_cache_model
    return SentenceTransformer('all-MiniLM-L6-v2')
  File "D:\AIR-DATA\Prototype\.venv\lib\site-packages\sentence_transformers\SentenceTransformer.py", line 367, in __init__
    self.to(device)
  File "D:\AIR-DATA\Prototype\.venv\lib\site-packages\torch\nn\modules\module.py", line 1369, in to
    return self._apply(convert)
  File "D:\AIR-DATA\Prototype\.venv\lib\site-packages\torch\nn\modules\module.py", line 928, in _apply
    module._apply(fn)
  File "D:\AIR-DATA\Prototype\.venv\lib\site-packages\torch\nn\modules\module.py", line 928, in _apply
    module._apply(fn)
  File "D:\AIR-DATA\Prototype\.venv\lib\site-packages\torch\nn\modules\module.py", line 928, in _apply
    module._apply(fn)
  [Previous line repeated 1 more time]
  File "D:\AIR-DATA\Prototype\.venv\lib\site-packages\torch\nn\modules\module.py", line 955, in _apply
    param_applied = fn(param)
  File "D:\AIR-DATA\Prototype\.venv\lib\site-packages\torch\nn\modules\module.py", line 1362, in convert
    raise NotImplementedError(
NotImplementedError: Cannot copy out of meta tensor; no data! Please use torch.nn.Module.to_empty() instead of torch.nn.Module.to() when moving module from meta to a different device.
2025-10-28 15:18:20,724 | ERROR | AnyIO worker thread | [global] ❌ Session init failed: Cannot copy out of meta tensor; no data! Please use torch.nn.Module.to_empty() instead of torch.nn.Module.to() when moving module from meta to a different device.
Traceback (most recent call last):
  File "D:\AIR-DATA\Prototype\api_server.py", line 127, in start_chat
    logic = ChatLogic()
  File "D:\AIR-DATA\Prototype\src\logic.py", line 90, in __init__
    self.model = self._get_sentence_model()
  File "D:\AIR-DATA\Prototype\src\logic.py", line 102, in _get_sentence_model
    cls._sentence_model = cls._load_or_cache_model()
  File "D:\AIR-DATA\Prototype\src\logic.py", line 119, in _load_or_cache_model
    return SentenceTransformer('all-MiniLM-L6-v2')
  File "D:\AIR-DATA\Prototype\.venv\lib\site-packages\sentence_transformers\SentenceTransformer.py", line 367, in __init__
    self.to(device)
  File "D:\AIR-DATA\Prototype\.venv\lib\site-packages\torch\nn\modules\module.py", line 1369, in to
    return self._apply(convert)
  File "D:\AIR-DATA\Prototype\.venv\lib\site-packages\torch\nn\modules\module.py", line 928, in _apply
    module._apply(fn)
  File "D:\AIR-DATA\Prototype\.venv\lib\site-packages\torch\nn\modules\module.py", line 928, in _apply
    module._apply(fn)
  File "D:\AIR-DATA\Prototype\.venv\lib\site-packages\torch\nn\modules\module.py", line 928, in _apply
    module._apply(fn)
  [Previous line repeated 1 more time]
  File "D:\AIR-DATA\Prototype\.venv\lib\site-packages\torch\nn\modules\module.py", line 955, in _apply
    param_applied = fn(param)
  File "D:\AIR-DATA\Prototype\.venv\lib\site-packages\torch\nn\modules\module.py", line 1362, in convert
    raise NotImplementedError(
NotImplementedError: Cannot copy out of meta tensor; no data! Please use torch.nn.Module.to_empty() instead of torch.nn.Module.to() when moving module from meta to a different device.
2025-10-28 15:18:20,776 | ERROR | AnyIO worker thread | [global] ❌ Session init failed: Cannot copy out of meta tensor; no data! Please use torch.nn.Module.to_empty() instead of torch.nn.Module.to() when moving module from meta to a different device.
Traceback (most recent call last):
  File "D:\AIR-DATA\Prototype\api_server.py", line 127, in start_chat
    logic = ChatLogic()
  File "D:\AIR-DATA\Prototype\src\logic.py", line 90, in __init__
    self.model = self._get_sentence_model()
  File "D:\AIR-DATA\Prototype\src\logic.py", line 102, in _get_sentence_model
    cls._sentence_model = cls._load_or_cache_model()
  File "D:\AIR-DATA\Prototype\src\logic.py", line 119, in _load_or_cache_model
    return SentenceTransformer('all-MiniLM-L6-v2')
  File "D:\AIR-DATA\Prototype\.venv\lib\site-packages\sentence_transformers\SentenceTransformer.py", line 367, in __init__
    self.to(device)
  File "D:\AIR-DATA\Prototype\.venv\lib\site-packages\torch\nn\modules\module.py", line 1369, in to
    return self._apply(convert)
  File "D:\AIR-DATA\Prototype\.venv\lib\site-packages\torch\nn\modules\module.py", line 928, in _apply
    module._apply(fn)
  File "D:\AIR-DATA\Prototype\.venv\lib\site-packages\torch\nn\modules\module.py", line 928, in _apply
    module._apply(fn)
  File "D:\AIR-DATA\Prototype\.venv\lib\site-packages\torch\nn\modules\module.py", line 928, in _apply
    module._apply(fn)
  [Previous line repeated 1 more time]
  File "D:\AIR-DATA\Prototype\.venv\lib\site-packages\torch\nn\modules\module.py", line 955, in _apply
    param_applied = fn(param)
  File "D:\AIR-DATA\Prototype\.venv\lib\site-packages\torch\nn\modules\module.py", line 1362, in convert
    raise NotImplementedError(
NotImplementedError: Cannot copy out of meta tensor; no data! Please use torch.nn.Module.to_empty() instead of torch.nn.Module.to() when moving module from meta to a different device.
2025-10-28 15:18:56,945 | ERROR | AnyIO worker thread | [global] ❌ Session init failed: Cannot copy out of meta tensor; no data! Please use torch.nn.Module.to_empty() instead of torch.nn.Module.to() when moving module from meta to a different device.
Traceback (most recent call last):
  File "D:\AIR-DATA\Prototype\api_server.py", line 127, in start_chat
    logic = ChatLogic()
  File "D:\AIR-DATA\Prototype\src\logic.py", line 90, in __init__
    self.model = self._get_sentence_model()
  File "D:\AIR-DATA\Prototype\src\logic.py", line 102, in _get_sentence_model
    cls._sentence_model = cls._load_or_cache_model()
  File "D:\AIR-DATA\Prototype\src\logic.py", line 119, in _load_or_cache_model
    return SentenceTransformer('all-MiniLM-L6-v2')
  File "D:\AIR-DATA\Prototype\.venv\lib\site-packages\sentence_transformers\SentenceTransformer.py", line 367, in __init__
    self.to(device)
  File "D:\AIR-DATA\Prototype\.venv\lib\site-packages\torch\nn\modules\module.py", line 1369, in to
    return self._apply(convert)
  File "D:\AIR-DATA\Prototype\.venv\lib\site-packages\torch\nn\modules\module.py", line 928, in _apply
    module._apply(fn)
  File "D:\AIR-DATA\Prototype\.venv\lib\site-packages\torch\nn\modules\module.py", line 928, in _apply
    module._apply(fn)
  File "D:\AIR-DATA\Prototype\.venv\lib\site-packages\torch\nn\modules\module.py", line 928, in _apply
    module._apply(fn)
  [Previous line repeated 1 more time]
  File "D:\AIR-DATA\Prototype\.venv\lib\site-packages\torch\nn\modules\module.py", line 955, in _apply
    param_applied = fn(param)
  File "D:\AIR-DATA\Prototype\.venv\lib\site-packages\torch\nn\modules\module.py", line 1362, in convert
    raise NotImplementedError(
NotImplementedError: Cannot copy out of meta tensor; no data! Please use torch.nn.Module.to_empty() instead of torch.nn.Module.to() when moving module from meta to a different device.
2025-10-28 15:18:57,789 | ERROR | AnyIO worker thread | [global] ❌ Session init failed: Cannot copy out of meta tensor; no data! Please use torch.nn.Module.to_empty() instead of torch.nn.Module.to() when moving module from meta to a different device.
Traceback (most recent call last):
  File "D:\AIR-DATA\Prototype\api_server.py", line 127, in start_chat
    logic = ChatLogic()
  File "D:\AIR-DATA\Prototype\src\logic.py", line 90, in __init__
    self.model = self._get_sentence_model()
  File "D:\AIR-DATA\Prototype\src\logic.py", line 102, in _get_sentence_model
    cls._sentence_model = cls._load_or_cache_model()
  File "D:\AIR-DATA\Prototype\src\logic.py", line 119, in _load_or_cache_model
    return SentenceTransformer('all-MiniLM-L6-v2')
  File "D:\AIR-DATA\Prototype\.venv\lib\site-packages\sentence_transformers\SentenceTransformer.py", line 367, in __init__
    self.to(device)
  File "D:\AIR-DATA\Prototype\.venv\lib\site-packages\torch\nn\modules\module.py", line 1369, in to
    return self._apply(convert)
  File "D:\AIR-DATA\Prototype\.venv\lib\site-packages\torch\nn\modules\module.py", line 928, in _apply
    module._apply(fn)
  File "D:\AIR-DATA\Prototype\.venv\lib\site-packages\torch\nn\modules\module.py", line 928, in _apply
    module._apply(fn)
  File "D:\AIR-DATA\Prototype\.venv\lib\site-packages\torch\nn\modules\module.py", line 928, in _apply
    module._apply(fn)
  [Previous line repeated 1 more time]
  File "D:\AIR-DATA\Prototype\.venv\lib\site-packages\torch\nn\modules\module.py", line 955, in _apply
    param_applied = fn(param)
  File "D:\AIR-DATA\Prototype\.venv\lib\site-packages\torch\nn\modules\module.py", line 1362, in convert
    raise NotImplementedError(
NotImplementedError: Cannot copy out of meta tensor; no data! Please use torch.nn.Module.to_empty() instead of torch.nn.Module.to() when moving module from meta to a different device.
2025-10-28 15:18:58,703 | ERROR | AnyIO worker thread | [global] ❌ Session init failed: Cannot copy out of meta tensor; no data! Please use torch.nn.Module.to_empty() instead of torch.nn.Module.to() when moving module from meta to a different device.
Traceback (most recent call last):
  File "D:\AIR-DATA\Prototype\api_server.py", line 127, in start_chat
    logic = ChatLogic()
  File "D:\AIR-DATA\Prototype\src\logic.py", line 90, in __init__
    self.model = self._get_sentence_model()
  File "D:\AIR-DATA\Prototype\src\logic.py", line 102, in _get_sentence_model
    cls._sentence_model = cls._load_or_cache_model()
  File "D:\AIR-DATA\Prototype\src\logic.py", line 119, in _load_or_cache_model
    return SentenceTransformer('all-MiniLM-L6-v2')
  File "D:\AIR-DATA\Prototype\.venv\lib\site-packages\sentence_transformers\SentenceTransformer.py", line 367, in __init__
    self.to(device)
  File "D:\AIR-DATA\Prototype\.venv\lib\site-packages\torch\nn\modules\module.py", line 1369, in to
    return self._apply(convert)
  File "D:\AIR-DATA\Prototype\.venv\lib\site-packages\torch\nn\modules\module.py", line 928, in _apply
    module._apply(fn)
  File "D:\AIR-DATA\Prototype\.venv\lib\site-packages\torch\nn\modules\module.py", line 928, in _apply
    module._apply(fn)
  File "D:\AIR-DATA\Prototype\.venv\lib\site-packages\torch\nn\modules\module.py", line 928, in _apply
    module._apply(fn)
  [Previous line repeated 1 more time]
  File "D:\AIR-DATA\Prototype\.venv\lib\site-packages\torch\nn\modules\module.py", line 955, in _apply
    param_applied = fn(param)
  File "D:\AIR-DATA\Prototype\.venv\lib\site-packages\torch\nn\modules\module.py", line 1362, in convert
    raise NotImplementedError(
NotImplementedError: Cannot copy out of meta tensor; no data! Please use torch.nn.Module.to_empty() instead of torch.nn.Module.to() when moving module from meta to a different device.
2025-10-28 15:18:58,894 | ERROR | AnyIO worker thread | [global] ❌ Session init failed: Cannot copy out of meta tensor; no data! Please use torch.nn.Module.to_empty() instead of torch.nn.Module.to() when moving module from meta to a different device.
Traceback (most recent call last):
  File "D:\AIR-DATA\Prototype\api_server.py", line 127, in start_chat
    logic = ChatLogic()
  File "D:\AIR-DATA\Prototype\src\logic.py", line 90, in __init__
    self.model = self._get_sentence_model()
  File "D:\AIR-DATA\Prototype\src\logic.py", line 102, in _get_sentence_model
    cls._sentence_model = cls._load_or_cache_model()
  File "D:\AIR-DATA\Prototype\src\logic.py", line 119, in _load_or_cache_model
    return SentenceTransformer('all-MiniLM-L6-v2')
  File "D:\AIR-DATA\Prototype\.venv\lib\site-packages\sentence_transformers\SentenceTransformer.py", line 367, in __init__
    self.to(device)
  File "D:\AIR-DATA\Prototype\.venv\lib\site-packages\torch\nn\modules\module.py", line 1369, in to
    return self._apply(convert)
  File "D:\AIR-DATA\Prototype\.venv\lib\site-packages\torch\nn\modules\module.py", line 928, in _apply
    module._apply(fn)
  File "D:\AIR-DATA\Prototype\.venv\lib\site-packages\torch\nn\modules\module.py", line 928, in _apply
    module._apply(fn)
  File "D:\AIR-DATA\Prototype\.venv\lib\site-packages\torch\nn\modules\module.py", line 928, in _apply
    module._apply(fn)
  [Previous line repeated 1 more time]
  File "D:\AIR-DATA\Prototype\.venv\lib\site-packages\torch\nn\modules\module.py", line 955, in _apply
    param_applied = fn(param)
  File "D:\AIR-DATA\Prototype\.venv\lib\site-packages\torch\nn\modules\module.py", line 1362, in convert
    raise NotImplementedError(
NotImplementedError: Cannot copy out of meta tensor; no data! Please use torch.nn.Module.to_empty() instead of torch.nn.Module.to() when moving module from meta to a different device.
2025-10-28 15:18:59,094 | ERROR | AnyIO worker thread | [global] ❌ Session init failed: Cannot copy out of meta tensor; no data! Please use torch.nn.Module.to_empty() instead of torch.nn.Module.to() when moving module from meta to a different device.
Traceback (most recent call last):
  File "D:\AIR-DATA\Prototype\api_server.py", line 127, in start_chat
    logic = ChatLogic()
  File "D:\AIR-DATA\Prototype\src\logic.py", line 90, in __init__
    self.model = self._get_sentence_model()
  File "D:\AIR-DATA\Prototype\src\logic.py", line 102, in _get_sentence_model
    cls._sentence_model = cls._load_or_cache_model()
  File "D:\AIR-DATA\Prototype\src\logic.py", line 119, in _load_or_cache_model
    return SentenceTransformer('all-MiniLM-L6-v2')
  File "D:\AIR-DATA\Prototype\.venv\lib\site-packages\sentence_transformers\SentenceTransformer.py", line 367, in __init__
    self.to(device)
  File "D:\AIR-DATA\Prototype\.venv\lib\site-packages\torch\nn\modules\module.py", line 1369, in to
    return self._apply(convert)
  File "D:\AIR-DATA\Prototype\.venv\lib\site-packages\torch\nn\modules\module.py", line 928, in _apply
    module._apply(fn)
  File "D:\AIR-DATA\Prototype\.venv\lib\site-packages\torch\nn\modules\module.py", line 928, in _apply
    module._apply(fn)
  File "D:\AIR-DATA\Prototype\.venv\lib\site-packages\torch\nn\modules\module.py", line 928, in _apply
    module._apply(fn)
  [Previous line repeated 1 more time]
  File "D:\AIR-DATA\Prototype\.venv\lib\site-packages\torch\nn\modules\module.py", line 955, in _apply
    param_applied = fn(param)
  File "D:\AIR-DATA\Prototype\.venv\lib\site-packages\torch\nn\modules\module.py", line 1362, in convert
    raise NotImplementedError(
NotImplementedError: Cannot copy out of meta tensor; no data! Please use torch.nn.Module.to_empty() instead of torch.nn.Module.to() when moving module from meta to a different device.
2025-10-28 15:18:59,158 | ERROR | AnyIO worker thread | [global] ❌ Session init failed: Cannot copy out of meta tensor; no data! Please use torch.nn.Module.to_empty() instead of torch.nn.Module.to() when moving module from meta to a different device.
Traceback (most recent call last):
  File "D:\AIR-DATA\Prototype\api_server.py", line 127, in start_chat
    logic = ChatLogic()
  File "D:\AIR-DATA\Prototype\src\logic.py", line 90, in __init__
    self.model = self._get_sentence_model()
  File "D:\AIR-DATA\Prototype\src\logic.py", line 102, in _get_sentence_model
    cls._sentence_model = cls._load_or_cache_model()
  File "D:\AIR-DATA\Prototype\src\logic.py", line 119, in _load_or_cache_model
    return SentenceTransformer('all-MiniLM-L6-v2')
  File "D:\AIR-DATA\Prototype\.venv\lib\site-packages\sentence_transformers\SentenceTransformer.py", line 367, in __init__
    self.to(device)
  File "D:\AIR-DATA\Prototype\.venv\lib\site-packages\torch\nn\modules\module.py", line 1369, in to
    return self._apply(convert)
  File "D:\AIR-DATA\Prototype\.venv\lib\site-packages\torch\nn\modules\module.py", line 928, in _apply
    module._apply(fn)
  File "D:\AIR-DATA\Prototype\.venv\lib\site-packages\torch\nn\modules\module.py", line 928, in _apply
    module._apply(fn)
  File "D:\AIR-DATA\Prototype\.venv\lib\site-packages\torch\nn\modules\module.py", line 928, in _apply
    module._apply(fn)
  [Previous line repeated 1 more time]
  File "D:\AIR-DATA\Prototype\.venv\lib\site-packages\torch\nn\modules\module.py", line 955, in _apply
    param_applied = fn(param)
  File "D:\AIR-DATA\Prototype\.venv\lib\site-packages\torch\nn\modules\module.py", line 1362, in convert
    raise NotImplementedError(
NotImplementedError: Cannot copy out of meta tensor; no data! Please use torch.nn.Module.to_empty() instead of torch.nn.Module.to() when moving module from meta to a different device.
2025-10-28 15:18:59,158 | ERROR | AnyIO worker thread | [global] ❌ Session init failed: Cannot copy out of meta tensor; no data! Please use torch.nn.Module.to_empty() instead of torch.nn.Module.to() when moving module from meta to a different device.
Traceback (most recent call last):
  File "D:\AIR-DATA\Prototype\api_server.py", line 127, in start_chat
    logic = ChatLogic()
  File "D:\AIR-DATA\Prototype\src\logic.py", line 90, in __init__
    self.model = self._get_sentence_model()
  File "D:\AIR-DATA\Prototype\src\logic.py", line 102, in _get_sentence_model
    cls._sentence_model = cls._load_or_cache_model()
  File "D:\AIR-DATA\Prototype\src\logic.py", line 119, in _load_or_cache_model
    return SentenceTransformer('all-MiniLM-L6-v2')
  File "D:\AIR-DATA\Prototype\.venv\lib\site-packages\sentence_transformers\SentenceTransformer.py", line 367, in __init__
    self.to(device)
  File "D:\AIR-DATA\Prototype\.venv\lib\site-packages\torch\nn\modules\module.py", line 1369, in to
    return self._apply(convert)
  File "D:\AIR-DATA\Prototype\.venv\lib\site-packages\torch\nn\modules\module.py", line 928, in _apply
    module._apply(fn)
  File "D:\AIR-DATA\Prototype\.venv\lib\site-packages\torch\nn\modules\module.py", line 928, in _apply
    module._apply(fn)
  File "D:\AIR-DATA\Prototype\.venv\lib\site-packages\torch\nn\modules\module.py", line 928, in _apply
    module._apply(fn)
  [Previous line repeated 1 more time]
  File "D:\AIR-DATA\Prototype\.venv\lib\site-packages\torch\nn\modules\module.py", line 955, in _apply
    param_applied = fn(param)
  File "D:\AIR-DATA\Prototype\.venv\lib\site-packages\torch\nn\modules\module.py", line 1362, in convert
    raise NotImplementedError(
NotImplementedError: Cannot copy out of meta tensor; no data! Please use torch.nn.Module.to_empty() instead of torch.nn.Module.to() when moving module from meta to a different device.
2025-10-28 15:18:59,247 | ERROR | AnyIO worker thread | [global] ❌ Session init failed: Cannot copy out of meta tensor; no data! Please use torch.nn.Module.to_empty() instead of torch.nn.Module.to() when moving module from meta to a different device.
Traceback (most recent call last):
  File "D:\AIR-DATA\Prototype\api_server.py", line 127, in start_chat
    logic = ChatLogic()
  File "D:\AIR-DATA\Prototype\src\logic.py", line 90, in __init__
    self.model = self._get_sentence_model()
  File "D:\AIR-DATA\Prototype\src\logic.py", line 102, in _get_sentence_model
    cls._sentence_model = cls._load_or_cache_model()
  File "D:\AIR-DATA\Prototype\src\logic.py", line 119, in _load_or_cache_model
    return SentenceTransformer('all-MiniLM-L6-v2')
  File "D:\AIR-DATA\Prototype\.venv\lib\site-packages\sentence_transformers\SentenceTransformer.py", line 367, in __init__
    self.to(device)
  File "D:\AIR-DATA\Prototype\.venv\lib\site-packages\torch\nn\modules\module.py", line 1369, in to
    return self._apply(convert)
  File "D:\AIR-DATA\Prototype\.venv\lib\site-packages\torch\nn\modules\module.py", line 928, in _apply
    module._apply(fn)
  File "D:\AIR-DATA\Prototype\.venv\lib\site-packages\torch\nn\modules\module.py", line 928, in _apply
    module._apply(fn)
  File "D:\AIR-DATA\Prototype\.venv\lib\site-packages\torch\nn\modules\module.py", line 928, in _apply
    module._apply(fn)
  [Previous line repeated 1 more time]
  File "D:\AIR-DATA\Prototype\.venv\lib\site-packages\torch\nn\modules\module.py", line 955, in _apply
    param_applied = fn(param)
  File "D:\AIR-DATA\Prototype\.venv\lib\site-packages\torch\nn\modules\module.py", line 1362, in convert
    raise NotImplementedError(
NotImplementedError: Cannot copy out of meta tensor; no data! Please use torch.nn.Module.to_empty() instead of torch.nn.Module.to() when moving module from meta to a different device.
2025-10-28 15:18:59,431 | ERROR | AnyIO worker thread | [global] ❌ Session init failed: Cannot copy out of meta tensor; no data! Please use torch.nn.Module.to_empty() instead of torch.nn.Module.to() when moving module from meta to a different device.
Traceback (most recent call last):
  File "D:\AIR-DATA\Prototype\api_server.py", line 127, in start_chat
    logic = ChatLogic()
  File "D:\AIR-DATA\Prototype\src\logic.py", line 90, in __init__
    self.model = self._get_sentence_model()
  File "D:\AIR-DATA\Prototype\src\logic.py", line 102, in _get_sentence_model
    cls._sentence_model = cls._load_or_cache_model()
  File "D:\AIR-DATA\Prototype\src\logic.py", line 119, in _load_or_cache_model
    return SentenceTransformer('all-MiniLM-L6-v2')
  File "D:\AIR-DATA\Prototype\.venv\lib\site-packages\sentence_transformers\SentenceTransformer.py", line 367, in __init__
    self.to(device)
  File "D:\AIR-DATA\Prototype\.venv\lib\site-packages\torch\nn\modules\module.py", line 1369, in to
    return self._apply(convert)
  File "D:\AIR-DATA\Prototype\.venv\lib\site-packages\torch\nn\modules\module.py", line 928, in _apply
    module._apply(fn)
  File "D:\AIR-DATA\Prototype\.venv\lib\site-packages\torch\nn\modules\module.py", line 928, in _apply
    module._apply(fn)
  File "D:\AIR-DATA\Prototype\.venv\lib\site-packages\torch\nn\modules\module.py", line 928, in _apply
    module._apply(fn)
  [Previous line repeated 1 more time]
  File "D:\AIR-DATA\Prototype\.venv\lib\site-packages\torch\nn\modules\module.py", line 955, in _apply
    param_applied = fn(param)
  File "D:\AIR-DATA\Prototype\.venv\lib\site-packages\torch\nn\modules\module.py", line 1362, in convert
    raise NotImplementedError(
NotImplementedError: Cannot copy out of meta tensor; no data! Please use torch.nn.Module.to_empty() instead of torch.nn.Module.to() when moving module from meta to a different device.
2025-10-28 15:18:59,520 | ERROR | AnyIO worker thread | [global] ❌ Session init failed: Cannot copy out of meta tensor; no data! Please use torch.nn.Module.to_empty() instead of torch.nn.Module.to() when moving module from meta to a different device.
Traceback (most recent call last):
  File "D:\AIR-DATA\Prototype\api_server.py", line 127, in start_chat
    logic = ChatLogic()
  File "D:\AIR-DATA\Prototype\src\logic.py", line 90, in __init__
    self.model = self._get_sentence_model()
  File "D:\AIR-DATA\Prototype\src\logic.py", line 102, in _get_sentence_model
    cls._sentence_model = cls._load_or_cache_model()
  File "D:\AIR-DATA\Prototype\src\logic.py", line 119, in _load_or_cache_model
    return SentenceTransformer('all-MiniLM-L6-v2')
  File "D:\AIR-DATA\Prototype\.venv\lib\site-packages\sentence_transformers\SentenceTransformer.py", line 367, in __init__
    self.to(device)
  File "D:\AIR-DATA\Prototype\.venv\lib\site-packages\torch\nn\modules\module.py", line 1369, in to
    return self._apply(convert)
  File "D:\AIR-DATA\Prototype\.venv\lib\site-packages\torch\nn\modules\module.py", line 928, in _apply
    module._apply(fn)
  File "D:\AIR-DATA\Prototype\.venv\lib\site-packages\torch\nn\modules\module.py", line 928, in _apply
    module._apply(fn)
  File "D:\AIR-DATA\Prototype\.venv\lib\site-packages\torch\nn\modules\module.py", line 928, in _apply
    module._apply(fn)
  [Previous line repeated 1 more time]
  File "D:\AIR-DATA\Prototype\.venv\lib\site-packages\torch\nn\modules\module.py", line 955, in _apply
    param_applied = fn(param)
  File "D:\AIR-DATA\Prototype\.venv\lib\site-packages\torch\nn\modules\module.py", line 1362, in convert
    raise NotImplementedError(
NotImplementedError: Cannot copy out of meta tensor; no data! Please use torch.nn.Module.to_empty() instead of torch.nn.Module.to() when moving module from meta to a different device.
2025-10-28 15:19:05,978 | INFO | MainThread | [global] 🔻 Shutting down API...
2025-10-28 15:19:05,979 | INFO | MainThread | [global] ✅ Shutdown cleanup complete.
2025-10-28 16:24:22,627 | INFO | MainThread | [global] 🚀 Starting IT Support Chatbot API...
2025-10-28 16:24:22,628 | INFO | MainThread | [global] ✅ Readiness check passed — env, dataset, and model cache OK.
2025-10-28 16:24:22,628 | INFO | MainThread | [global] 🧹 Background cleanup task started.
2025-10-28 16:26:36,182 | ERROR | AnyIO worker thread | [global] ❌ Session init failed: Cannot copy out of meta tensor; no data! Please use torch.nn.Module.to_empty() instead of torch.nn.Module.to() when moving module from meta to a different device.
Traceback (most recent call last):
  File "D:\AIR-DATA\Prototype\api_server.py", line 127, in start_chat
    logic = ChatLogic()
  File "D:\AIR-DATA\Prototype\src\logic.py", line 90, in __init__
    self.model = self._get_sentence_model()
  File "D:\AIR-DATA\Prototype\src\logic.py", line 102, in _get_sentence_model
    cls._sentence_model = cls._load_or_cache_model()
  File "D:\AIR-DATA\Prototype\src\logic.py", line 119, in _load_or_cache_model
    return SentenceTransformer('all-MiniLM-L6-v2')
  File "D:\AIR-DATA\Prototype\.venv\lib\site-packages\sentence_transformers\SentenceTransformer.py", line 367, in __init__
    self.to(device)
  File "D:\AIR-DATA\Prototype\.venv\lib\site-packages\torch\nn\modules\module.py", line 1369, in to
    return self._apply(convert)
  File "D:\AIR-DATA\Prototype\.venv\lib\site-packages\torch\nn\modules\module.py", line 928, in _apply
    module._apply(fn)
  File "D:\AIR-DATA\Prototype\.venv\lib\site-packages\torch\nn\modules\module.py", line 928, in _apply
    module._apply(fn)
  File "D:\AIR-DATA\Prototype\.venv\lib\site-packages\torch\nn\modules\module.py", line 928, in _apply
    module._apply(fn)
  [Previous line repeated 1 more time]
  File "D:\AIR-DATA\Prototype\.venv\lib\site-packages\torch\nn\modules\module.py", line 955, in _apply
    param_applied = fn(param)
  File "D:\AIR-DATA\Prototype\.venv\lib\site-packages\torch\nn\modules\module.py", line 1362, in convert
    raise NotImplementedError(
NotImplementedError: Cannot copy out of meta tensor; no data! Please use torch.nn.Module.to_empty() instead of torch.nn.Module.to() when moving module from meta to a different device.
2025-10-28 16:26:36,223 | ERROR | AnyIO worker thread | [global] ❌ Session init failed: Cannot copy out of meta tensor; no data! Please use torch.nn.Module.to_empty() instead of torch.nn.Module.to() when moving module from meta to a different device.
Traceback (most recent call last):
  File "D:\AIR-DATA\Prototype\api_server.py", line 127, in start_chat
    logic = ChatLogic()
  File "D:\AIR-DATA\Prototype\src\logic.py", line 90, in __init__
    self.model = self._get_sentence_model()
  File "D:\AIR-DATA\Prototype\src\logic.py", line 102, in _get_sentence_model
    cls._sentence_model = cls._load_or_cache_model()
  File "D:\AIR-DATA\Prototype\src\logic.py", line 119, in _load_or_cache_model
    return SentenceTransformer('all-MiniLM-L6-v2')
  File "D:\AIR-DATA\Prototype\.venv\lib\site-packages\sentence_transformers\SentenceTransformer.py", line 367, in __init__
    self.to(device)
  File "D:\AIR-DATA\Prototype\.venv\lib\site-packages\torch\nn\modules\module.py", line 1369, in to
    return self._apply(convert)
  File "D:\AIR-DATA\Prototype\.venv\lib\site-packages\torch\nn\modules\module.py", line 928, in _apply
    module._apply(fn)
  File "D:\AIR-DATA\Prototype\.venv\lib\site-packages\torch\nn\modules\module.py", line 928, in _apply
    module._apply(fn)
  File "D:\AIR-DATA\Prototype\.venv\lib\site-packages\torch\nn\modules\module.py", line 928, in _apply
    module._apply(fn)
  [Previous line repeated 1 more time]
  File "D:\AIR-DATA\Prototype\.venv\lib\site-packages\torch\nn\modules\module.py", line 955, in _apply
    param_applied = fn(param)
  File "D:\AIR-DATA\Prototype\.venv\lib\site-packages\torch\nn\modules\module.py", line 1362, in convert
    raise NotImplementedError(
NotImplementedError: Cannot copy out of meta tensor; no data! Please use torch.nn.Module.to_empty() instead of torch.nn.Module.to() when moving module from meta to a different device.
2025-10-28 16:26:36,225 | ERROR | AnyIO worker thread | [global] ❌ Session init failed: Cannot copy out of meta tensor; no data! Please use torch.nn.Module.to_empty() instead of torch.nn.Module.to() when moving module from meta to a different device.
Traceback (most recent call last):
  File "D:\AIR-DATA\Prototype\api_server.py", line 127, in start_chat
    logic = ChatLogic()
  File "D:\AIR-DATA\Prototype\src\logic.py", line 90, in __init__
    self.model = self._get_sentence_model()
  File "D:\AIR-DATA\Prototype\src\logic.py", line 102, in _get_sentence_model
    cls._sentence_model = cls._load_or_cache_model()
  File "D:\AIR-DATA\Prototype\src\logic.py", line 119, in _load_or_cache_model
    return SentenceTransformer('all-MiniLM-L6-v2')
  File "D:\AIR-DATA\Prototype\.venv\lib\site-packages\sentence_transformers\SentenceTransformer.py", line 367, in __init__
    self.to(device)
  File "D:\AIR-DATA\Prototype\.venv\lib\site-packages\torch\nn\modules\module.py", line 1369, in to
    return self._apply(convert)
  File "D:\AIR-DATA\Prototype\.venv\lib\site-packages\torch\nn\modules\module.py", line 928, in _apply
    module._apply(fn)
  File "D:\AIR-DATA\Prototype\.venv\lib\site-packages\torch\nn\modules\module.py", line 928, in _apply
    module._apply(fn)
  File "D:\AIR-DATA\Prototype\.venv\lib\site-packages\torch\nn\modules\module.py", line 928, in _apply
    module._apply(fn)
  [Previous line repeated 1 more time]
  File "D:\AIR-DATA\Prototype\.venv\lib\site-packages\torch\nn\modules\module.py", line 955, in _apply
    param_applied = fn(param)
  File "D:\AIR-DATA\Prototype\.venv\lib\site-packages\torch\nn\modules\module.py", line 1362, in convert
    raise NotImplementedError(
NotImplementedError: Cannot copy out of meta tensor; no data! Please use torch.nn.Module.to_empty() instead of torch.nn.Module.to() when moving module from meta to a different device.
2025-10-28 16:26:36,227 | ERROR | AnyIO worker thread | [global] ❌ Session init failed: Cannot copy out of meta tensor; no data! Please use torch.nn.Module.to_empty() instead of torch.nn.Module.to() when moving module from meta to a different device.
Traceback (most recent call last):
  File "D:\AIR-DATA\Prototype\api_server.py", line 127, in start_chat
    logic = ChatLogic()
  File "D:\AIR-DATA\Prototype\src\logic.py", line 90, in __init__
    self.model = self._get_sentence_model()
  File "D:\AIR-DATA\Prototype\src\logic.py", line 102, in _get_sentence_model
    cls._sentence_model = cls._load_or_cache_model()
  File "D:\AIR-DATA\Prototype\src\logic.py", line 119, in _load_or_cache_model
    return SentenceTransformer('all-MiniLM-L6-v2')
  File "D:\AIR-DATA\Prototype\.venv\lib\site-packages\sentence_transformers\SentenceTransformer.py", line 367, in __init__
    self.to(device)
  File "D:\AIR-DATA\Prototype\.venv\lib\site-packages\torch\nn\modules\module.py", line 1369, in to
    return self._apply(convert)
  File "D:\AIR-DATA\Prototype\.venv\lib\site-packages\torch\nn\modules\module.py", line 928, in _apply
    module._apply(fn)
  File "D:\AIR-DATA\Prototype\.venv\lib\site-packages\torch\nn\modules\module.py", line 928, in _apply
    module._apply(fn)
  File "D:\AIR-DATA\Prototype\.venv\lib\site-packages\torch\nn\modules\module.py", line 928, in _apply
    module._apply(fn)
  [Previous line repeated 1 more time]
  File "D:\AIR-DATA\Prototype\.venv\lib\site-packages\torch\nn\modules\module.py", line 955, in _apply
    param_applied = fn(param)
  File "D:\AIR-DATA\Prototype\.venv\lib\site-packages\torch\nn\modules\module.py", line 1362, in convert
    raise NotImplementedError(
NotImplementedError: Cannot copy out of meta tensor; no data! Please use torch.nn.Module.to_empty() instead of torch.nn.Module.to() when moving module from meta to a different device.
2025-10-28 16:26:36,228 | ERROR | AnyIO worker thread | [global] ❌ Session init failed: Cannot copy out of meta tensor; no data! Please use torch.nn.Module.to_empty() instead of torch.nn.Module.to() when moving module from meta to a different device.
Traceback (most recent call last):
  File "D:\AIR-DATA\Prototype\api_server.py", line 127, in start_chat
    logic = ChatLogic()
  File "D:\AIR-DATA\Prototype\src\logic.py", line 90, in __init__
    self.model = self._get_sentence_model()
  File "D:\AIR-DATA\Prototype\src\logic.py", line 102, in _get_sentence_model
    cls._sentence_model = cls._load_or_cache_model()
  File "D:\AIR-DATA\Prototype\src\logic.py", line 119, in _load_or_cache_model
    return SentenceTransformer('all-MiniLM-L6-v2')
  File "D:\AIR-DATA\Prototype\.venv\lib\site-packages\sentence_transformers\SentenceTransformer.py", line 367, in __init__
    self.to(device)
  File "D:\AIR-DATA\Prototype\.venv\lib\site-packages\torch\nn\modules\module.py", line 1369, in to
    return self._apply(convert)
  File "D:\AIR-DATA\Prototype\.venv\lib\site-packages\torch\nn\modules\module.py", line 928, in _apply
    module._apply(fn)
  File "D:\AIR-DATA\Prototype\.venv\lib\site-packages\torch\nn\modules\module.py", line 928, in _apply
    module._apply(fn)
  File "D:\AIR-DATA\Prototype\.venv\lib\site-packages\torch\nn\modules\module.py", line 928, in _apply
    module._apply(fn)
  [Previous line repeated 1 more time]
  File "D:\AIR-DATA\Prototype\.venv\lib\site-packages\torch\nn\modules\module.py", line 955, in _apply
    param_applied = fn(param)
  File "D:\AIR-DATA\Prototype\.venv\lib\site-packages\torch\nn\modules\module.py", line 1362, in convert
    raise NotImplementedError(
NotImplementedError: Cannot copy out of meta tensor; no data! Please use torch.nn.Module.to_empty() instead of torch.nn.Module.to() when moving module from meta to a different device.
2025-10-28 16:26:36,384 | ERROR | AnyIO worker thread | [global] ❌ Session init failed: Cannot copy out of meta tensor; no data! Please use torch.nn.Module.to_empty() instead of torch.nn.Module.to() when moving module from meta to a different device.
Traceback (most recent call last):
  File "D:\AIR-DATA\Prototype\api_server.py", line 127, in start_chat
    logic = ChatLogic()
  File "D:\AIR-DATA\Prototype\src\logic.py", line 90, in __init__
    self.model = self._get_sentence_model()
  File "D:\AIR-DATA\Prototype\src\logic.py", line 102, in _get_sentence_model
    cls._sentence_model = cls._load_or_cache_model()
  File "D:\AIR-DATA\Prototype\src\logic.py", line 119, in _load_or_cache_model
    return SentenceTransformer('all-MiniLM-L6-v2')
  File "D:\AIR-DATA\Prototype\.venv\lib\site-packages\sentence_transformers\SentenceTransformer.py", line 367, in __init__
    self.to(device)
  File "D:\AIR-DATA\Prototype\.venv\lib\site-packages\torch\nn\modules\module.py", line 1369, in to
    return self._apply(convert)
  File "D:\AIR-DATA\Prototype\.venv\lib\site-packages\torch\nn\modules\module.py", line 928, in _apply
    module._apply(fn)
  File "D:\AIR-DATA\Prototype\.venv\lib\site-packages\torch\nn\modules\module.py", line 928, in _apply
    module._apply(fn)
  File "D:\AIR-DATA\Prototype\.venv\lib\site-packages\torch\nn\modules\module.py", line 928, in _apply
    module._apply(fn)
  [Previous line repeated 1 more time]
  File "D:\AIR-DATA\Prototype\.venv\lib\site-packages\torch\nn\modules\module.py", line 955, in _apply
    param_applied = fn(param)
  File "D:\AIR-DATA\Prototype\.venv\lib\site-packages\torch\nn\modules\module.py", line 1362, in convert
    raise NotImplementedError(
NotImplementedError: Cannot copy out of meta tensor; no data! Please use torch.nn.Module.to_empty() instead of torch.nn.Module.to() when moving module from meta to a different device.
2025-10-28 16:26:36,424 | ERROR | AnyIO worker thread | [global] ❌ Session init failed: Cannot copy out of meta tensor; no data! Please use torch.nn.Module.to_empty() instead of torch.nn.Module.to() when moving module from meta to a different device.
Traceback (most recent call last):
  File "D:\AIR-DATA\Prototype\api_server.py", line 127, in start_chat
    logic = ChatLogic()
  File "D:\AIR-DATA\Prototype\src\logic.py", line 90, in __init__
    self.model = self._get_sentence_model()
  File "D:\AIR-DATA\Prototype\src\logic.py", line 102, in _get_sentence_model
    cls._sentence_model = cls._load_or_cache_model()
  File "D:\AIR-DATA\Prototype\src\logic.py", line 119, in _load_or_cache_model
    return SentenceTransformer('all-MiniLM-L6-v2')
  File "D:\AIR-DATA\Prototype\.venv\lib\site-packages\sentence_transformers\SentenceTransformer.py", line 367, in __init__
    self.to(device)
  File "D:\AIR-DATA\Prototype\.venv\lib\site-packages\torch\nn\modules\module.py", line 1369, in to
    return self._apply(convert)
  File "D:\AIR-DATA\Prototype\.venv\lib\site-packages\torch\nn\modules\module.py", line 928, in _apply
    module._apply(fn)
  File "D:\AIR-DATA\Prototype\.venv\lib\site-packages\torch\nn\modules\module.py", line 928, in _apply
    module._apply(fn)
  File "D:\AIR-DATA\Prototype\.venv\lib\site-packages\torch\nn\modules\module.py", line 928, in _apply
    module._apply(fn)
  [Previous line repeated 1 more time]
  File "D:\AIR-DATA\Prototype\.venv\lib\site-packages\torch\nn\modules\module.py", line 955, in _apply
    param_applied = fn(param)
  File "D:\AIR-DATA\Prototype\.venv\lib\site-packages\torch\nn\modules\module.py", line 1362, in convert
    raise NotImplementedError(
NotImplementedError: Cannot copy out of meta tensor; no data! Please use torch.nn.Module.to_empty() instead of torch.nn.Module.to() when moving module from meta to a different device.
2025-10-28 16:26:36,424 | ERROR | AnyIO worker thread | [global] ❌ Session init failed: Cannot copy out of meta tensor; no data! Please use torch.nn.Module.to_empty() instead of torch.nn.Module.to() when moving module from meta to a different device.
Traceback (most recent call last):
  File "D:\AIR-DATA\Prototype\api_server.py", line 127, in start_chat
    logic = ChatLogic()
  File "D:\AIR-DATA\Prototype\src\logic.py", line 90, in __init__
    self.model = self._get_sentence_model()
  File "D:\AIR-DATA\Prototype\src\logic.py", line 102, in _get_sentence_model
    cls._sentence_model = cls._load_or_cache_model()
  File "D:\AIR-DATA\Prototype\src\logic.py", line 119, in _load_or_cache_model
    return SentenceTransformer('all-MiniLM-L6-v2')
  File "D:\AIR-DATA\Prototype\.venv\lib\site-packages\sentence_transformers\SentenceTransformer.py", line 367, in __init__
    self.to(device)
  File "D:\AIR-DATA\Prototype\.venv\lib\site-packages\torch\nn\modules\module.py", line 1369, in to
    return self._apply(convert)
  File "D:\AIR-DATA\Prototype\.venv\lib\site-packages\torch\nn\modules\module.py", line 928, in _apply
    module._apply(fn)
  File "D:\AIR-DATA\Prototype\.venv\lib\site-packages\torch\nn\modules\module.py", line 928, in _apply
    module._apply(fn)
  File "D:\AIR-DATA\Prototype\.venv\lib\site-packages\torch\nn\modules\module.py", line 928, in _apply
    module._apply(fn)
  [Previous line repeated 1 more time]
  File "D:\AIR-DATA\Prototype\.venv\lib\site-packages\torch\nn\modules\module.py", line 955, in _apply
    param_applied = fn(param)
  File "D:\AIR-DATA\Prototype\.venv\lib\site-packages\torch\nn\modules\module.py", line 1362, in convert
    raise NotImplementedError(
NotImplementedError: Cannot copy out of meta tensor; no data! Please use torch.nn.Module.to_empty() instead of torch.nn.Module.to() when moving module from meta to a different device.
2025-10-28 16:26:36,425 | ERROR | AnyIO worker thread | [global] ❌ Session init failed: Cannot copy out of meta tensor; no data! Please use torch.nn.Module.to_empty() instead of torch.nn.Module.to() when moving module from meta to a different device.
Traceback (most recent call last):
  File "D:\AIR-DATA\Prototype\api_server.py", line 127, in start_chat
    logic = ChatLogic()
  File "D:\AIR-DATA\Prototype\src\logic.py", line 90, in __init__
    self.model = self._get_sentence_model()
  File "D:\AIR-DATA\Prototype\src\logic.py", line 102, in _get_sentence_model
    cls._sentence_model = cls._load_or_cache_model()
  File "D:\AIR-DATA\Prototype\src\logic.py", line 119, in _load_or_cache_model
    return SentenceTransformer('all-MiniLM-L6-v2')
  File "D:\AIR-DATA\Prototype\.venv\lib\site-packages\sentence_transformers\SentenceTransformer.py", line 367, in __init__
    self.to(device)
  File "D:\AIR-DATA\Prototype\.venv\lib\site-packages\torch\nn\modules\module.py", line 1369, in to
    return self._apply(convert)
  File "D:\AIR-DATA\Prototype\.venv\lib\site-packages\torch\nn\modules\module.py", line 928, in _apply
    module._apply(fn)
  File "D:\AIR-DATA\Prototype\.venv\lib\site-packages\torch\nn\modules\module.py", line 928, in _apply
    module._apply(fn)
  File "D:\AIR-DATA\Prototype\.venv\lib\site-packages\torch\nn\modules\module.py", line 928, in _apply
    module._apply(fn)
  [Previous line repeated 1 more time]
  File "D:\AIR-DATA\Prototype\.venv\lib\site-packages\torch\nn\modules\module.py", line 955, in _apply
    param_applied = fn(param)
  File "D:\AIR-DATA\Prototype\.venv\lib\site-packages\torch\nn\modules\module.py", line 1362, in convert
    raise NotImplementedError(
NotImplementedError: Cannot copy out of meta tensor; no data! Please use torch.nn.Module.to_empty() instead of torch.nn.Module.to() when moving module from meta to a different device.
2025-10-28 16:26:36,426 | ERROR | AnyIO worker thread | [global] ❌ Session init failed: Cannot copy out of meta tensor; no data! Please use torch.nn.Module.to_empty() instead of torch.nn.Module.to() when moving module from meta to a different device.
Traceback (most recent call last):
  File "D:\AIR-DATA\Prototype\api_server.py", line 127, in start_chat
    logic = ChatLogic()
  File "D:\AIR-DATA\Prototype\src\logic.py", line 90, in __init__
    self.model = self._get_sentence_model()
  File "D:\AIR-DATA\Prototype\src\logic.py", line 102, in _get_sentence_model
    cls._sentence_model = cls._load_or_cache_model()
  File "D:\AIR-DATA\Prototype\src\logic.py", line 119, in _load_or_cache_model
    return SentenceTransformer('all-MiniLM-L6-v2')
  File "D:\AIR-DATA\Prototype\.venv\lib\site-packages\sentence_transformers\SentenceTransformer.py", line 367, in __init__
    self.to(device)
  File "D:\AIR-DATA\Prototype\.venv\lib\site-packages\torch\nn\modules\module.py", line 1369, in to
    return self._apply(convert)
  File "D:\AIR-DATA\Prototype\.venv\lib\site-packages\torch\nn\modules\module.py", line 928, in _apply
    module._apply(fn)
  File "D:\AIR-DATA\Prototype\.venv\lib\site-packages\torch\nn\modules\module.py", line 928, in _apply
    module._apply(fn)
  File "D:\AIR-DATA\Prototype\.venv\lib\site-packages\torch\nn\modules\module.py", line 928, in _apply
    module._apply(fn)
  [Previous line repeated 1 more time]
  File "D:\AIR-DATA\Prototype\.venv\lib\site-packages\torch\nn\modules\module.py", line 955, in _apply
    param_applied = fn(param)
  File "D:\AIR-DATA\Prototype\.venv\lib\site-packages\torch\nn\modules\module.py", line 1362, in convert
    raise NotImplementedError(
NotImplementedError: Cannot copy out of meta tensor; no data! Please use torch.nn.Module.to_empty() instead of torch.nn.Module.to() when moving module from meta to a different device.
2025-10-28 16:27:12,030 | INFO | MainThread | [global] 🚀 Starting IT Support Chatbot API...
2025-10-28 16:27:12,033 | INFO | MainThread | [global] ✅ Readiness check passed — env, dataset, and model cache OK.
2025-10-28 16:27:12,033 | INFO | MainThread | [global] 🧹 Background cleanup task started.
2025-10-28 16:27:28,571 | INFO | AnyIO worker thread | [global] ✅ Readiness check passed — env, dataset, and model cache OK.
2025-10-28 16:27:54,304 | ERROR | AnyIO worker thread | [global] ❌ Session init failed: Cannot copy out of meta tensor; no data! Please use torch.nn.Module.to_empty() instead of torch.nn.Module.to() when moving module from meta to a different device.
Traceback (most recent call last):
  File "D:\AIR-DATA\Prototype\api_server.py", line 127, in start_chat
    logic = ChatLogic()
  File "D:\AIR-DATA\Prototype\src\logic.py", line 90, in __init__
    self.model = self._get_sentence_model()
  File "D:\AIR-DATA\Prototype\src\logic.py", line 102, in _get_sentence_model
    cls._sentence_model = cls._load_or_cache_model()
  File "D:\AIR-DATA\Prototype\src\logic.py", line 119, in _load_or_cache_model
    return SentenceTransformer('all-MiniLM-L6-v2')
  File "D:\AIR-DATA\Prototype\.venv\lib\site-packages\sentence_transformers\SentenceTransformer.py", line 367, in __init__
    self.to(device)
  File "D:\AIR-DATA\Prototype\.venv\lib\site-packages\torch\nn\modules\module.py", line 1369, in to
    return self._apply(convert)
  File "D:\AIR-DATA\Prototype\.venv\lib\site-packages\torch\nn\modules\module.py", line 928, in _apply
    module._apply(fn)
  File "D:\AIR-DATA\Prototype\.venv\lib\site-packages\torch\nn\modules\module.py", line 928, in _apply
    module._apply(fn)
  File "D:\AIR-DATA\Prototype\.venv\lib\site-packages\torch\nn\modules\module.py", line 928, in _apply
    module._apply(fn)
  [Previous line repeated 1 more time]
  File "D:\AIR-DATA\Prototype\.venv\lib\site-packages\torch\nn\modules\module.py", line 955, in _apply
    param_applied = fn(param)
  File "D:\AIR-DATA\Prototype\.venv\lib\site-packages\torch\nn\modules\module.py", line 1362, in convert
    raise NotImplementedError(
NotImplementedError: Cannot copy out of meta tensor; no data! Please use torch.nn.Module.to_empty() instead of torch.nn.Module.to() when moving module from meta to a different device.
2025-10-28 16:27:54,315 | ERROR | AnyIO worker thread | [global] ❌ Session init failed: Cannot copy out of meta tensor; no data! Please use torch.nn.Module.to_empty() instead of torch.nn.Module.to() when moving module from meta to a different device.
Traceback (most recent call last):
  File "D:\AIR-DATA\Prototype\api_server.py", line 127, in start_chat
    logic = ChatLogic()
  File "D:\AIR-DATA\Prototype\src\logic.py", line 90, in __init__
    self.model = self._get_sentence_model()
  File "D:\AIR-DATA\Prototype\src\logic.py", line 102, in _get_sentence_model
    cls._sentence_model = cls._load_or_cache_model()
  File "D:\AIR-DATA\Prototype\src\logic.py", line 119, in _load_or_cache_model
    return SentenceTransformer('all-MiniLM-L6-v2')
  File "D:\AIR-DATA\Prototype\.venv\lib\site-packages\sentence_transformers\SentenceTransformer.py", line 367, in __init__
    self.to(device)
  File "D:\AIR-DATA\Prototype\.venv\lib\site-packages\torch\nn\modules\module.py", line 1369, in to
    return self._apply(convert)
  File "D:\AIR-DATA\Prototype\.venv\lib\site-packages\torch\nn\modules\module.py", line 928, in _apply
    module._apply(fn)
  File "D:\AIR-DATA\Prototype\.venv\lib\site-packages\torch\nn\modules\module.py", line 928, in _apply
    module._apply(fn)
  File "D:\AIR-DATA\Prototype\.venv\lib\site-packages\torch\nn\modules\module.py", line 928, in _apply
    module._apply(fn)
  [Previous line repeated 1 more time]
  File "D:\AIR-DATA\Prototype\.venv\lib\site-packages\torch\nn\modules\module.py", line 955, in _apply
    param_applied = fn(param)
  File "D:\AIR-DATA\Prototype\.venv\lib\site-packages\torch\nn\modules\module.py", line 1362, in convert
    raise NotImplementedError(
NotImplementedError: Cannot copy out of meta tensor; no data! Please use torch.nn.Module.to_empty() instead of torch.nn.Module.to() when moving module from meta to a different device.
2025-10-28 16:27:54,315 | ERROR | AnyIO worker thread | [global] ❌ Session init failed: Cannot copy out of meta tensor; no data! Please use torch.nn.Module.to_empty() instead of torch.nn.Module.to() when moving module from meta to a different device.
Traceback (most recent call last):
  File "D:\AIR-DATA\Prototype\api_server.py", line 127, in start_chat
    logic = ChatLogic()
  File "D:\AIR-DATA\Prototype\src\logic.py", line 90, in __init__
    self.model = self._get_sentence_model()
  File "D:\AIR-DATA\Prototype\src\logic.py", line 102, in _get_sentence_model
    cls._sentence_model = cls._load_or_cache_model()
  File "D:\AIR-DATA\Prototype\src\logic.py", line 119, in _load_or_cache_model
    return SentenceTransformer('all-MiniLM-L6-v2')
  File "D:\AIR-DATA\Prototype\.venv\lib\site-packages\sentence_transformers\SentenceTransformer.py", line 367, in __init__
    self.to(device)
  File "D:\AIR-DATA\Prototype\.venv\lib\site-packages\torch\nn\modules\module.py", line 1369, in to
    return self._apply(convert)
  File "D:\AIR-DATA\Prototype\.venv\lib\site-packages\torch\nn\modules\module.py", line 928, in _apply
    module._apply(fn)
  File "D:\AIR-DATA\Prototype\.venv\lib\site-packages\torch\nn\modules\module.py", line 928, in _apply
    module._apply(fn)
  File "D:\AIR-DATA\Prototype\.venv\lib\site-packages\torch\nn\modules\module.py", line 928, in _apply
    module._apply(fn)
  [Previous line repeated 1 more time]
  File "D:\AIR-DATA\Prototype\.venv\lib\site-packages\torch\nn\modules\module.py", line 955, in _apply
    param_applied = fn(param)
  File "D:\AIR-DATA\Prototype\.venv\lib\site-packages\torch\nn\modules\module.py", line 1362, in convert
    raise NotImplementedError(
NotImplementedError: Cannot copy out of meta tensor; no data! Please use torch.nn.Module.to_empty() instead of torch.nn.Module.to() when moving module from meta to a different device.
2025-10-28 16:27:54,316 | ERROR | AnyIO worker thread | [global] ❌ Session init failed: Cannot copy out of meta tensor; no data! Please use torch.nn.Module.to_empty() instead of torch.nn.Module.to() when moving module from meta to a different device.
Traceback (most recent call last):
  File "D:\AIR-DATA\Prototype\api_server.py", line 127, in start_chat
    logic = ChatLogic()
  File "D:\AIR-DATA\Prototype\src\logic.py", line 90, in __init__
    self.model = self._get_sentence_model()
  File "D:\AIR-DATA\Prototype\src\logic.py", line 102, in _get_sentence_model
    cls._sentence_model = cls._load_or_cache_model()
  File "D:\AIR-DATA\Prototype\src\logic.py", line 119, in _load_or_cache_model
    return SentenceTransformer('all-MiniLM-L6-v2')
  File "D:\AIR-DATA\Prototype\.venv\lib\site-packages\sentence_transformers\SentenceTransformer.py", line 367, in __init__
    self.to(device)
  File "D:\AIR-DATA\Prototype\.venv\lib\site-packages\torch\nn\modules\module.py", line 1369, in to
    return self._apply(convert)
  File "D:\AIR-DATA\Prototype\.venv\lib\site-packages\torch\nn\modules\module.py", line 928, in _apply
    module._apply(fn)
  File "D:\AIR-DATA\Prototype\.venv\lib\site-packages\torch\nn\modules\module.py", line 928, in _apply
    module._apply(fn)
  File "D:\AIR-DATA\Prototype\.venv\lib\site-packages\torch\nn\modules\module.py", line 928, in _apply
    module._apply(fn)
  [Previous line repeated 1 more time]
  File "D:\AIR-DATA\Prototype\.venv\lib\site-packages\torch\nn\modules\module.py", line 955, in _apply
    param_applied = fn(param)
  File "D:\AIR-DATA\Prototype\.venv\lib\site-packages\torch\nn\modules\module.py", line 1362, in convert
    raise NotImplementedError(
NotImplementedError: Cannot copy out of meta tensor; no data! Please use torch.nn.Module.to_empty() instead of torch.nn.Module.to() when moving module from meta to a different device.
2025-10-28 16:27:54,421 | ERROR | AnyIO worker thread | [global] ❌ Session init failed: Cannot copy out of meta tensor; no data! Please use torch.nn.Module.to_empty() instead of torch.nn.Module.to() when moving module from meta to a different device.
Traceback (most recent call last):
  File "D:\AIR-DATA\Prototype\api_server.py", line 127, in start_chat
    logic = ChatLogic()
  File "D:\AIR-DATA\Prototype\src\logic.py", line 90, in __init__
    self.model = self._get_sentence_model()
  File "D:\AIR-DATA\Prototype\src\logic.py", line 102, in _get_sentence_model
    cls._sentence_model = cls._load_or_cache_model()
  File "D:\AIR-DATA\Prototype\src\logic.py", line 119, in _load_or_cache_model
    return SentenceTransformer('all-MiniLM-L6-v2')
  File "D:\AIR-DATA\Prototype\.venv\lib\site-packages\sentence_transformers\SentenceTransformer.py", line 367, in __init__
    self.to(device)
  File "D:\AIR-DATA\Prototype\.venv\lib\site-packages\torch\nn\modules\module.py", line 1369, in to
    return self._apply(convert)
  File "D:\AIR-DATA\Prototype\.venv\lib\site-packages\torch\nn\modules\module.py", line 928, in _apply
    module._apply(fn)
  File "D:\AIR-DATA\Prototype\.venv\lib\site-packages\torch\nn\modules\module.py", line 928, in _apply
    module._apply(fn)
  File "D:\AIR-DATA\Prototype\.venv\lib\site-packages\torch\nn\modules\module.py", line 928, in _apply
    module._apply(fn)
  [Previous line repeated 1 more time]
  File "D:\AIR-DATA\Prototype\.venv\lib\site-packages\torch\nn\modules\module.py", line 955, in _apply
    param_applied = fn(param)
  File "D:\AIR-DATA\Prototype\.venv\lib\site-packages\torch\nn\modules\module.py", line 1362, in convert
    raise NotImplementedError(
NotImplementedError: Cannot copy out of meta tensor; no data! Please use torch.nn.Module.to_empty() instead of torch.nn.Module.to() when moving module from meta to a different device.
2025-10-28 16:27:54,546 | ERROR | AnyIO worker thread | [global] ❌ Session init failed: Cannot copy out of meta tensor; no data! Please use torch.nn.Module.to_empty() instead of torch.nn.Module.to() when moving module from meta to a different device.
Traceback (most recent call last):
  File "D:\AIR-DATA\Prototype\api_server.py", line 127, in start_chat
    logic = ChatLogic()
  File "D:\AIR-DATA\Prototype\src\logic.py", line 90, in __init__
    self.model = self._get_sentence_model()
  File "D:\AIR-DATA\Prototype\src\logic.py", line 102, in _get_sentence_model
    cls._sentence_model = cls._load_or_cache_model()
  File "D:\AIR-DATA\Prototype\src\logic.py", line 119, in _load_or_cache_model
    return SentenceTransformer('all-MiniLM-L6-v2')
  File "D:\AIR-DATA\Prototype\.venv\lib\site-packages\sentence_transformers\SentenceTransformer.py", line 367, in __init__
    self.to(device)
  File "D:\AIR-DATA\Prototype\.venv\lib\site-packages\torch\nn\modules\module.py", line 1369, in to
    return self._apply(convert)
  File "D:\AIR-DATA\Prototype\.venv\lib\site-packages\torch\nn\modules\module.py", line 928, in _apply
    module._apply(fn)
  File "D:\AIR-DATA\Prototype\.venv\lib\site-packages\torch\nn\modules\module.py", line 928, in _apply
    module._apply(fn)
  File "D:\AIR-DATA\Prototype\.venv\lib\site-packages\torch\nn\modules\module.py", line 928, in _apply
    module._apply(fn)
  [Previous line repeated 1 more time]
  File "D:\AIR-DATA\Prototype\.venv\lib\site-packages\torch\nn\modules\module.py", line 955, in _apply
    param_applied = fn(param)
  File "D:\AIR-DATA\Prototype\.venv\lib\site-packages\torch\nn\modules\module.py", line 1362, in convert
    raise NotImplementedError(
NotImplementedError: Cannot copy out of meta tensor; no data! Please use torch.nn.Module.to_empty() instead of torch.nn.Module.to() when moving module from meta to a different device.
2025-10-28 16:27:54,551 | ERROR | AnyIO worker thread | [global] ❌ Session init failed: Cannot copy out of meta tensor; no data! Please use torch.nn.Module.to_empty() instead of torch.nn.Module.to() when moving module from meta to a different device.
Traceback (most recent call last):
  File "D:\AIR-DATA\Prototype\api_server.py", line 127, in start_chat
    logic = ChatLogic()
  File "D:\AIR-DATA\Prototype\src\logic.py", line 90, in __init__
    self.model = self._get_sentence_model()
  File "D:\AIR-DATA\Prototype\src\logic.py", line 102, in _get_sentence_model
    cls._sentence_model = cls._load_or_cache_model()
  File "D:\AIR-DATA\Prototype\src\logic.py", line 119, in _load_or_cache_model
    return SentenceTransformer('all-MiniLM-L6-v2')
  File "D:\AIR-DATA\Prototype\.venv\lib\site-packages\sentence_transformers\SentenceTransformer.py", line 367, in __init__
    self.to(device)
  File "D:\AIR-DATA\Prototype\.venv\lib\site-packages\torch\nn\modules\module.py", line 1369, in to
    return self._apply(convert)
  File "D:\AIR-DATA\Prototype\.venv\lib\site-packages\torch\nn\modules\module.py", line 928, in _apply
    module._apply(fn)
  File "D:\AIR-DATA\Prototype\.venv\lib\site-packages\torch\nn\modules\module.py", line 928, in _apply
    module._apply(fn)
  File "D:\AIR-DATA\Prototype\.venv\lib\site-packages\torch\nn\modules\module.py", line 928, in _apply
    module._apply(fn)
  [Previous line repeated 1 more time]
  File "D:\AIR-DATA\Prototype\.venv\lib\site-packages\torch\nn\modules\module.py", line 955, in _apply
    param_applied = fn(param)
  File "D:\AIR-DATA\Prototype\.venv\lib\site-packages\torch\nn\modules\module.py", line 1362, in convert
    raise NotImplementedError(
NotImplementedError: Cannot copy out of meta tensor; no data! Please use torch.nn.Module.to_empty() instead of torch.nn.Module.to() when moving module from meta to a different device.
2025-10-28 16:27:54,552 | ERROR | AnyIO worker thread | [global] ❌ Session init failed: Cannot copy out of meta tensor; no data! Please use torch.nn.Module.to_empty() instead of torch.nn.Module.to() when moving module from meta to a different device.
Traceback (most recent call last):
  File "D:\AIR-DATA\Prototype\api_server.py", line 127, in start_chat
    logic = ChatLogic()
  File "D:\AIR-DATA\Prototype\src\logic.py", line 90, in __init__
    self.model = self._get_sentence_model()
  File "D:\AIR-DATA\Prototype\src\logic.py", line 102, in _get_sentence_model
    cls._sentence_model = cls._load_or_cache_model()
  File "D:\AIR-DATA\Prototype\src\logic.py", line 119, in _load_or_cache_model
    return SentenceTransformer('all-MiniLM-L6-v2')
  File "D:\AIR-DATA\Prototype\.venv\lib\site-packages\sentence_transformers\SentenceTransformer.py", line 367, in __init__
    self.to(device)
  File "D:\AIR-DATA\Prototype\.venv\lib\site-packages\torch\nn\modules\module.py", line 1369, in to
    return self._apply(convert)
  File "D:\AIR-DATA\Prototype\.venv\lib\site-packages\torch\nn\modules\module.py", line 928, in _apply
    module._apply(fn)
  File "D:\AIR-DATA\Prototype\.venv\lib\site-packages\torch\nn\modules\module.py", line 928, in _apply
    module._apply(fn)
  File "D:\AIR-DATA\Prototype\.venv\lib\site-packages\torch\nn\modules\module.py", line 928, in _apply
    module._apply(fn)
  [Previous line repeated 1 more time]
  File "D:\AIR-DATA\Prototype\.venv\lib\site-packages\torch\nn\modules\module.py", line 955, in _apply
    param_applied = fn(param)
  File "D:\AIR-DATA\Prototype\.venv\lib\site-packages\torch\nn\modules\module.py", line 1362, in convert
    raise NotImplementedError(
NotImplementedError: Cannot copy out of meta tensor; no data! Please use torch.nn.Module.to_empty() instead of torch.nn.Module.to() when moving module from meta to a different device.
2025-10-28 16:27:54,648 | ERROR | AnyIO worker thread | [global] ❌ Session init failed: Cannot copy out of meta tensor; no data! Please use torch.nn.Module.to_empty() instead of torch.nn.Module.to() when moving module from meta to a different device.
Traceback (most recent call last):
  File "D:\AIR-DATA\Prototype\api_server.py", line 127, in start_chat
    logic = ChatLogic()
  File "D:\AIR-DATA\Prototype\src\logic.py", line 90, in __init__
    self.model = self._get_sentence_model()
  File "D:\AIR-DATA\Prototype\src\logic.py", line 102, in _get_sentence_model
    cls._sentence_model = cls._load_or_cache_model()
  File "D:\AIR-DATA\Prototype\src\logic.py", line 119, in _load_or_cache_model
    return SentenceTransformer('all-MiniLM-L6-v2')
  File "D:\AIR-DATA\Prototype\.venv\lib\site-packages\sentence_transformers\SentenceTransformer.py", line 367, in __init__
    self.to(device)
  File "D:\AIR-DATA\Prototype\.venv\lib\site-packages\torch\nn\modules\module.py", line 1369, in to
    return self._apply(convert)
  File "D:\AIR-DATA\Prototype\.venv\lib\site-packages\torch\nn\modules\module.py", line 928, in _apply
    module._apply(fn)
  File "D:\AIR-DATA\Prototype\.venv\lib\site-packages\torch\nn\modules\module.py", line 928, in _apply
    module._apply(fn)
  File "D:\AIR-DATA\Prototype\.venv\lib\site-packages\torch\nn\modules\module.py", line 928, in _apply
    module._apply(fn)
  [Previous line repeated 1 more time]
  File "D:\AIR-DATA\Prototype\.venv\lib\site-packages\torch\nn\modules\module.py", line 955, in _apply
    param_applied = fn(param)
  File "D:\AIR-DATA\Prototype\.venv\lib\site-packages\torch\nn\modules\module.py", line 1362, in convert
    raise NotImplementedError(
NotImplementedError: Cannot copy out of meta tensor; no data! Please use torch.nn.Module.to_empty() instead of torch.nn.Module.to() when moving module from meta to a different device.
2025-10-28 16:27:54,814 | ERROR | AnyIO worker thread | [global] ❌ Session init failed: Cannot copy out of meta tensor; no data! Please use torch.nn.Module.to_empty() instead of torch.nn.Module.to() when moving module from meta to a different device.
Traceback (most recent call last):
  File "D:\AIR-DATA\Prototype\api_server.py", line 127, in start_chat
    logic = ChatLogic()
  File "D:\AIR-DATA\Prototype\src\logic.py", line 90, in __init__
    self.model = self._get_sentence_model()
  File "D:\AIR-DATA\Prototype\src\logic.py", line 102, in _get_sentence_model
    cls._sentence_model = cls._load_or_cache_model()
  File "D:\AIR-DATA\Prototype\src\logic.py", line 119, in _load_or_cache_model
    return SentenceTransformer('all-MiniLM-L6-v2')
  File "D:\AIR-DATA\Prototype\.venv\lib\site-packages\sentence_transformers\SentenceTransformer.py", line 367, in __init__
    self.to(device)
  File "D:\AIR-DATA\Prototype\.venv\lib\site-packages\torch\nn\modules\module.py", line 1369, in to
    return self._apply(convert)
  File "D:\AIR-DATA\Prototype\.venv\lib\site-packages\torch\nn\modules\module.py", line 928, in _apply
    module._apply(fn)
  File "D:\AIR-DATA\Prototype\.venv\lib\site-packages\torch\nn\modules\module.py", line 928, in _apply
    module._apply(fn)
  File "D:\AIR-DATA\Prototype\.venv\lib\site-packages\torch\nn\modules\module.py", line 928, in _apply
    module._apply(fn)
  [Previous line repeated 1 more time]
  File "D:\AIR-DATA\Prototype\.venv\lib\site-packages\torch\nn\modules\module.py", line 955, in _apply
    param_applied = fn(param)
  File "D:\AIR-DATA\Prototype\.venv\lib\site-packages\torch\nn\modules\module.py", line 1362, in convert
    raise NotImplementedError(
NotImplementedError: Cannot copy out of meta tensor; no data! Please use torch.nn.Module.to_empty() instead of torch.nn.Module.to() when moving module from meta to a different device.
2025-10-28 16:28:36,047 | INFO | MainThread | [global] 🔻 Shutting down API...
2025-10-28 16:28:36,047 | INFO | MainThread | [global] ✅ Shutdown cleanup complete.
2025-10-28 16:28:46,091 | INFO | MainThread | [global] 🚀 Starting IT Support Chatbot API...
2025-10-28 16:28:46,093 | INFO | MainThread | [global] ✅ Readiness check passed — env, dataset, and model cache OK.
2025-10-28 16:28:46,093 | INFO | MainThread | [global] 🧹 Background cleanup task started.
2025-10-28 16:29:00,970 | ERROR | AnyIO worker thread | [global] ❌ Session init failed: Cannot copy out of meta tensor; no data! Please use torch.nn.Module.to_empty() instead of torch.nn.Module.to() when moving module from meta to a different device.
Traceback (most recent call last):
  File "D:\AIR-DATA\Prototype\api_server.py", line 127, in start_chat
    logic = ChatLogic()
  File "D:\AIR-DATA\Prototype\src\logic.py", line 90, in __init__
    self.model = self._get_sentence_model()
  File "D:\AIR-DATA\Prototype\src\logic.py", line 102, in _get_sentence_model
    cls._sentence_model = cls._load_or_cache_model()
  File "D:\AIR-DATA\Prototype\src\logic.py", line 119, in _load_or_cache_model
    return SentenceTransformer('all-MiniLM-L6-v2')
  File "D:\AIR-DATA\Prototype\.venv\lib\site-packages\sentence_transformers\SentenceTransformer.py", line 367, in __init__
    self.to(device)
  File "D:\AIR-DATA\Prototype\.venv\lib\site-packages\torch\nn\modules\module.py", line 1369, in to
    return self._apply(convert)
  File "D:\AIR-DATA\Prototype\.venv\lib\site-packages\torch\nn\modules\module.py", line 928, in _apply
    module._apply(fn)
  File "D:\AIR-DATA\Prototype\.venv\lib\site-packages\torch\nn\modules\module.py", line 928, in _apply
    module._apply(fn)
  File "D:\AIR-DATA\Prototype\.venv\lib\site-packages\torch\nn\modules\module.py", line 928, in _apply
    module._apply(fn)
  [Previous line repeated 1 more time]
  File "D:\AIR-DATA\Prototype\.venv\lib\site-packages\torch\nn\modules\module.py", line 955, in _apply
    param_applied = fn(param)
  File "D:\AIR-DATA\Prototype\.venv\lib\site-packages\torch\nn\modules\module.py", line 1362, in convert
    raise NotImplementedError(
NotImplementedError: Cannot copy out of meta tensor; no data! Please use torch.nn.Module.to_empty() instead of torch.nn.Module.to() when moving module from meta to a different device.
2025-10-28 16:29:01,007 | ERROR | AnyIO worker thread | [global] ❌ Session init failed: Cannot copy out of meta tensor; no data! Please use torch.nn.Module.to_empty() instead of torch.nn.Module.to() when moving module from meta to a different device.
Traceback (most recent call last):
  File "D:\AIR-DATA\Prototype\api_server.py", line 127, in start_chat
    logic = ChatLogic()
  File "D:\AIR-DATA\Prototype\src\logic.py", line 90, in __init__
    self.model = self._get_sentence_model()
  File "D:\AIR-DATA\Prototype\src\logic.py", line 102, in _get_sentence_model
    cls._sentence_model = cls._load_or_cache_model()
  File "D:\AIR-DATA\Prototype\src\logic.py", line 119, in _load_or_cache_model
    return SentenceTransformer('all-MiniLM-L6-v2')
  File "D:\AIR-DATA\Prototype\.venv\lib\site-packages\sentence_transformers\SentenceTransformer.py", line 367, in __init__
    self.to(device)
  File "D:\AIR-DATA\Prototype\.venv\lib\site-packages\torch\nn\modules\module.py", line 1369, in to
    return self._apply(convert)
  File "D:\AIR-DATA\Prototype\.venv\lib\site-packages\torch\nn\modules\module.py", line 928, in _apply
    module._apply(fn)
  File "D:\AIR-DATA\Prototype\.venv\lib\site-packages\torch\nn\modules\module.py", line 928, in _apply
    module._apply(fn)
  File "D:\AIR-DATA\Prototype\.venv\lib\site-packages\torch\nn\modules\module.py", line 928, in _apply
    module._apply(fn)
  [Previous line repeated 1 more time]
  File "D:\AIR-DATA\Prototype\.venv\lib\site-packages\torch\nn\modules\module.py", line 955, in _apply
    param_applied = fn(param)
  File "D:\AIR-DATA\Prototype\.venv\lib\site-packages\torch\nn\modules\module.py", line 1362, in convert
    raise NotImplementedError(
NotImplementedError: Cannot copy out of meta tensor; no data! Please use torch.nn.Module.to_empty() instead of torch.nn.Module.to() when moving module from meta to a different device.
2025-10-28 16:29:01,126 | ERROR | AnyIO worker thread | [global] ❌ Session init failed: Cannot copy out of meta tensor; no data! Please use torch.nn.Module.to_empty() instead of torch.nn.Module.to() when moving module from meta to a different device.
Traceback (most recent call last):
  File "D:\AIR-DATA\Prototype\api_server.py", line 127, in start_chat
    logic = ChatLogic()
  File "D:\AIR-DATA\Prototype\src\logic.py", line 90, in __init__
    self.model = self._get_sentence_model()
  File "D:\AIR-DATA\Prototype\src\logic.py", line 102, in _get_sentence_model
    cls._sentence_model = cls._load_or_cache_model()
  File "D:\AIR-DATA\Prototype\src\logic.py", line 119, in _load_or_cache_model
    return SentenceTransformer('all-MiniLM-L6-v2')
  File "D:\AIR-DATA\Prototype\.venv\lib\site-packages\sentence_transformers\SentenceTransformer.py", line 367, in __init__
    self.to(device)
  File "D:\AIR-DATA\Prototype\.venv\lib\site-packages\torch\nn\modules\module.py", line 1369, in to
    return self._apply(convert)
  File "D:\AIR-DATA\Prototype\.venv\lib\site-packages\torch\nn\modules\module.py", line 928, in _apply
    module._apply(fn)
  File "D:\AIR-DATA\Prototype\.venv\lib\site-packages\torch\nn\modules\module.py", line 928, in _apply
    module._apply(fn)
  File "D:\AIR-DATA\Prototype\.venv\lib\site-packages\torch\nn\modules\module.py", line 928, in _apply
    module._apply(fn)
  [Previous line repeated 1 more time]
  File "D:\AIR-DATA\Prototype\.venv\lib\site-packages\torch\nn\modules\module.py", line 955, in _apply
    param_applied = fn(param)
  File "D:\AIR-DATA\Prototype\.venv\lib\site-packages\torch\nn\modules\module.py", line 1362, in convert
    raise NotImplementedError(
NotImplementedError: Cannot copy out of meta tensor; no data! Please use torch.nn.Module.to_empty() instead of torch.nn.Module.to() when moving module from meta to a different device.
2025-10-28 16:29:01,218 | ERROR | AnyIO worker thread | [global] ❌ Session init failed: Cannot copy out of meta tensor; no data! Please use torch.nn.Module.to_empty() instead of torch.nn.Module.to() when moving module from meta to a different device.
Traceback (most recent call last):
  File "D:\AIR-DATA\Prototype\api_server.py", line 127, in start_chat
    logic = ChatLogic()
  File "D:\AIR-DATA\Prototype\src\logic.py", line 90, in __init__
    self.model = self._get_sentence_model()
  File "D:\AIR-DATA\Prototype\src\logic.py", line 102, in _get_sentence_model
    cls._sentence_model = cls._load_or_cache_model()
  File "D:\AIR-DATA\Prototype\src\logic.py", line 119, in _load_or_cache_model
    return SentenceTransformer('all-MiniLM-L6-v2')
  File "D:\AIR-DATA\Prototype\.venv\lib\site-packages\sentence_transformers\SentenceTransformer.py", line 367, in __init__
    self.to(device)
  File "D:\AIR-DATA\Prototype\.venv\lib\site-packages\torch\nn\modules\module.py", line 1369, in to
    return self._apply(convert)
  File "D:\AIR-DATA\Prototype\.venv\lib\site-packages\torch\nn\modules\module.py", line 928, in _apply
    module._apply(fn)
  File "D:\AIR-DATA\Prototype\.venv\lib\site-packages\torch\nn\modules\module.py", line 928, in _apply
    module._apply(fn)
  File "D:\AIR-DATA\Prototype\.venv\lib\site-packages\torch\nn\modules\module.py", line 928, in _apply
    module._apply(fn)
  [Previous line repeated 1 more time]
  File "D:\AIR-DATA\Prototype\.venv\lib\site-packages\torch\nn\modules\module.py", line 955, in _apply
    param_applied = fn(param)
  File "D:\AIR-DATA\Prototype\.venv\lib\site-packages\torch\nn\modules\module.py", line 1362, in convert
    raise NotImplementedError(
NotImplementedError: Cannot copy out of meta tensor; no data! Please use torch.nn.Module.to_empty() instead of torch.nn.Module.to() when moving module from meta to a different device.
2025-10-28 16:29:01,779 | ERROR | AnyIO worker thread | [global] ❌ Session init failed: Cannot copy out of meta tensor; no data! Please use torch.nn.Module.to_empty() instead of torch.nn.Module.to() when moving module from meta to a different device.
Traceback (most recent call last):
  File "D:\AIR-DATA\Prototype\api_server.py", line 127, in start_chat
    logic = ChatLogic()
  File "D:\AIR-DATA\Prototype\src\logic.py", line 90, in __init__
    self.model = self._get_sentence_model()
  File "D:\AIR-DATA\Prototype\src\logic.py", line 102, in _get_sentence_model
    cls._sentence_model = cls._load_or_cache_model()
  File "D:\AIR-DATA\Prototype\src\logic.py", line 119, in _load_or_cache_model
    return SentenceTransformer('all-MiniLM-L6-v2')
  File "D:\AIR-DATA\Prototype\.venv\lib\site-packages\sentence_transformers\SentenceTransformer.py", line 367, in __init__
    self.to(device)
  File "D:\AIR-DATA\Prototype\.venv\lib\site-packages\torch\nn\modules\module.py", line 1369, in to
    return self._apply(convert)
  File "D:\AIR-DATA\Prototype\.venv\lib\site-packages\torch\nn\modules\module.py", line 928, in _apply
    module._apply(fn)
  File "D:\AIR-DATA\Prototype\.venv\lib\site-packages\torch\nn\modules\module.py", line 928, in _apply
    module._apply(fn)
  File "D:\AIR-DATA\Prototype\.venv\lib\site-packages\torch\nn\modules\module.py", line 928, in _apply
    module._apply(fn)
  [Previous line repeated 1 more time]
  File "D:\AIR-DATA\Prototype\.venv\lib\site-packages\torch\nn\modules\module.py", line 955, in _apply
    param_applied = fn(param)
  File "D:\AIR-DATA\Prototype\.venv\lib\site-packages\torch\nn\modules\module.py", line 1362, in convert
    raise NotImplementedError(
NotImplementedError: Cannot copy out of meta tensor; no data! Please use torch.nn.Module.to_empty() instead of torch.nn.Module.to() when moving module from meta to a different device.
2025-10-28 16:29:01,807 | ERROR | AnyIO worker thread | [global] ❌ Session init failed: Cannot copy out of meta tensor; no data! Please use torch.nn.Module.to_empty() instead of torch.nn.Module.to() when moving module from meta to a different device.
Traceback (most recent call last):
  File "D:\AIR-DATA\Prototype\api_server.py", line 127, in start_chat
    logic = ChatLogic()
  File "D:\AIR-DATA\Prototype\src\logic.py", line 90, in __init__
    self.model = self._get_sentence_model()
  File "D:\AIR-DATA\Prototype\src\logic.py", line 102, in _get_sentence_model
    cls._sentence_model = cls._load_or_cache_model()
  File "D:\AIR-DATA\Prototype\src\logic.py", line 119, in _load_or_cache_model
    return SentenceTransformer('all-MiniLM-L6-v2')
  File "D:\AIR-DATA\Prototype\.venv\lib\site-packages\sentence_transformers\SentenceTransformer.py", line 367, in __init__
    self.to(device)
  File "D:\AIR-DATA\Prototype\.venv\lib\site-packages\torch\nn\modules\module.py", line 1369, in to
    return self._apply(convert)
  File "D:\AIR-DATA\Prototype\.venv\lib\site-packages\torch\nn\modules\module.py", line 928, in _apply
    module._apply(fn)
  File "D:\AIR-DATA\Prototype\.venv\lib\site-packages\torch\nn\modules\module.py", line 928, in _apply
    module._apply(fn)
  File "D:\AIR-DATA\Prototype\.venv\lib\site-packages\torch\nn\modules\module.py", line 928, in _apply
    module._apply(fn)
  [Previous line repeated 1 more time]
  File "D:\AIR-DATA\Prototype\.venv\lib\site-packages\torch\nn\modules\module.py", line 955, in _apply
    param_applied = fn(param)
  File "D:\AIR-DATA\Prototype\.venv\lib\site-packages\torch\nn\modules\module.py", line 1362, in convert
    raise NotImplementedError(
NotImplementedError: Cannot copy out of meta tensor; no data! Please use torch.nn.Module.to_empty() instead of torch.nn.Module.to() when moving module from meta to a different device.
2025-10-28 16:29:01,849 | ERROR | AnyIO worker thread | [global] ❌ Session init failed: Cannot copy out of meta tensor; no data! Please use torch.nn.Module.to_empty() instead of torch.nn.Module.to() when moving module from meta to a different device.
Traceback (most recent call last):
  File "D:\AIR-DATA\Prototype\api_server.py", line 127, in start_chat
    logic = ChatLogic()
  File "D:\AIR-DATA\Prototype\src\logic.py", line 90, in __init__
    self.model = self._get_sentence_model()
  File "D:\AIR-DATA\Prototype\src\logic.py", line 102, in _get_sentence_model
    cls._sentence_model = cls._load_or_cache_model()
  File "D:\AIR-DATA\Prototype\src\logic.py", line 119, in _load_or_cache_model
    return SentenceTransformer('all-MiniLM-L6-v2')
  File "D:\AIR-DATA\Prototype\.venv\lib\site-packages\sentence_transformers\SentenceTransformer.py", line 367, in __init__
    self.to(device)
  File "D:\AIR-DATA\Prototype\.venv\lib\site-packages\torch\nn\modules\module.py", line 1369, in to
    return self._apply(convert)
  File "D:\AIR-DATA\Prototype\.venv\lib\site-packages\torch\nn\modules\module.py", line 928, in _apply
    module._apply(fn)
  File "D:\AIR-DATA\Prototype\.venv\lib\site-packages\torch\nn\modules\module.py", line 928, in _apply
    module._apply(fn)
  File "D:\AIR-DATA\Prototype\.venv\lib\site-packages\torch\nn\modules\module.py", line 928, in _apply
    module._apply(fn)
  [Previous line repeated 1 more time]
  File "D:\AIR-DATA\Prototype\.venv\lib\site-packages\torch\nn\modules\module.py", line 955, in _apply
    param_applied = fn(param)
  File "D:\AIR-DATA\Prototype\.venv\lib\site-packages\torch\nn\modules\module.py", line 1362, in convert
    raise NotImplementedError(
NotImplementedError: Cannot copy out of meta tensor; no data! Please use torch.nn.Module.to_empty() instead of torch.nn.Module.to() when moving module from meta to a different device.
2025-10-28 16:29:01,965 | ERROR | AnyIO worker thread | [global] ❌ Session init failed: Cannot copy out of meta tensor; no data! Please use torch.nn.Module.to_empty() instead of torch.nn.Module.to() when moving module from meta to a different device.
Traceback (most recent call last):
  File "D:\AIR-DATA\Prototype\api_server.py", line 127, in start_chat
    logic = ChatLogic()
  File "D:\AIR-DATA\Prototype\src\logic.py", line 90, in __init__
    self.model = self._get_sentence_model()
  File "D:\AIR-DATA\Prototype\src\logic.py", line 102, in _get_sentence_model
    cls._sentence_model = cls._load_or_cache_model()
  File "D:\AIR-DATA\Prototype\src\logic.py", line 119, in _load_or_cache_model
    return SentenceTransformer('all-MiniLM-L6-v2')
  File "D:\AIR-DATA\Prototype\.venv\lib\site-packages\sentence_transformers\SentenceTransformer.py", line 367, in __init__
    self.to(device)
  File "D:\AIR-DATA\Prototype\.venv\lib\site-packages\torch\nn\modules\module.py", line 1369, in to
    return self._apply(convert)
  File "D:\AIR-DATA\Prototype\.venv\lib\site-packages\torch\nn\modules\module.py", line 928, in _apply
    module._apply(fn)
  File "D:\AIR-DATA\Prototype\.venv\lib\site-packages\torch\nn\modules\module.py", line 928, in _apply
    module._apply(fn)
  File "D:\AIR-DATA\Prototype\.venv\lib\site-packages\torch\nn\modules\module.py", line 928, in _apply
    module._apply(fn)
  [Previous line repeated 1 more time]
  File "D:\AIR-DATA\Prototype\.venv\lib\site-packages\torch\nn\modules\module.py", line 955, in _apply
    param_applied = fn(param)
  File "D:\AIR-DATA\Prototype\.venv\lib\site-packages\torch\nn\modules\module.py", line 1362, in convert
    raise NotImplementedError(
NotImplementedError: Cannot copy out of meta tensor; no data! Please use torch.nn.Module.to_empty() instead of torch.nn.Module.to() when moving module from meta to a different device.
2025-10-28 16:29:01,966 | ERROR | AnyIO worker thread | [global] ❌ Session init failed: Cannot copy out of meta tensor; no data! Please use torch.nn.Module.to_empty() instead of torch.nn.Module.to() when moving module from meta to a different device.
Traceback (most recent call last):
  File "D:\AIR-DATA\Prototype\api_server.py", line 127, in start_chat
    logic = ChatLogic()
  File "D:\AIR-DATA\Prototype\src\logic.py", line 90, in __init__
    self.model = self._get_sentence_model()
  File "D:\AIR-DATA\Prototype\src\logic.py", line 102, in _get_sentence_model
    cls._sentence_model = cls._load_or_cache_model()
  File "D:\AIR-DATA\Prototype\src\logic.py", line 119, in _load_or_cache_model
    return SentenceTransformer('all-MiniLM-L6-v2')
  File "D:\AIR-DATA\Prototype\.venv\lib\site-packages\sentence_transformers\SentenceTransformer.py", line 367, in __init__
    self.to(device)
  File "D:\AIR-DATA\Prototype\.venv\lib\site-packages\torch\nn\modules\module.py", line 1369, in to
    return self._apply(convert)
  File "D:\AIR-DATA\Prototype\.venv\lib\site-packages\torch\nn\modules\module.py", line 928, in _apply
    module._apply(fn)
  File "D:\AIR-DATA\Prototype\.venv\lib\site-packages\torch\nn\modules\module.py", line 928, in _apply
    module._apply(fn)
  File "D:\AIR-DATA\Prototype\.venv\lib\site-packages\torch\nn\modules\module.py", line 928, in _apply
    module._apply(fn)
  [Previous line repeated 1 more time]
  File "D:\AIR-DATA\Prototype\.venv\lib\site-packages\torch\nn\modules\module.py", line 955, in _apply
    param_applied = fn(param)
  File "D:\AIR-DATA\Prototype\.venv\lib\site-packages\torch\nn\modules\module.py", line 1362, in convert
    raise NotImplementedError(
NotImplementedError: Cannot copy out of meta tensor; no data! Please use torch.nn.Module.to_empty() instead of torch.nn.Module.to() when moving module from meta to a different device.
2025-10-28 16:29:02,381 | ERROR | AnyIO worker thread | [global] ❌ Session init failed: Cannot copy out of meta tensor; no data! Please use torch.nn.Module.to_empty() instead of torch.nn.Module.to() when moving module from meta to a different device.
Traceback (most recent call last):
  File "D:\AIR-DATA\Prototype\api_server.py", line 127, in start_chat
    logic = ChatLogic()
  File "D:\AIR-DATA\Prototype\src\logic.py", line 90, in __init__
    self.model = self._get_sentence_model()
  File "D:\AIR-DATA\Prototype\src\logic.py", line 102, in _get_sentence_model
    cls._sentence_model = cls._load_or_cache_model()
  File "D:\AIR-DATA\Prototype\src\logic.py", line 119, in _load_or_cache_model
    return SentenceTransformer('all-MiniLM-L6-v2')
  File "D:\AIR-DATA\Prototype\.venv\lib\site-packages\sentence_transformers\SentenceTransformer.py", line 367, in __init__
    self.to(device)
  File "D:\AIR-DATA\Prototype\.venv\lib\site-packages\torch\nn\modules\module.py", line 1369, in to
    return self._apply(convert)
  File "D:\AIR-DATA\Prototype\.venv\lib\site-packages\torch\nn\modules\module.py", line 928, in _apply
    module._apply(fn)
  File "D:\AIR-DATA\Prototype\.venv\lib\site-packages\torch\nn\modules\module.py", line 928, in _apply
    module._apply(fn)
  File "D:\AIR-DATA\Prototype\.venv\lib\site-packages\torch\nn\modules\module.py", line 928, in _apply
    module._apply(fn)
  [Previous line repeated 1 more time]
  File "D:\AIR-DATA\Prototype\.venv\lib\site-packages\torch\nn\modules\module.py", line 955, in _apply
    param_applied = fn(param)
  File "D:\AIR-DATA\Prototype\.venv\lib\site-packages\torch\nn\modules\module.py", line 1362, in convert
    raise NotImplementedError(
NotImplementedError: Cannot copy out of meta tensor; no data! Please use torch.nn.Module.to_empty() instead of torch.nn.Module.to() when moving module from meta to a different device.
2025-10-28 16:30:37,659 | INFO | MainThread | [global] 🔻 Shutting down API...
2025-10-28 16:30:37,660 | INFO | MainThread | [global] ✅ Shutdown cleanup complete.
2025-10-28 16:30:46,564 | INFO | MainThread | [global] 🚀 Starting IT Support Chatbot API...
2025-10-28 16:30:46,565 | INFO | MainThread | [global] ✅ Readiness check passed — env, dataset, and model cache OK.
2025-10-28 16:30:46,566 | INFO | MainThread | [global] 🧹 Background cleanup task started.
2025-10-28 16:32:10,270 | INFO | AnyIO worker thread | [global] 🆕 New session started: air-d4fa6173-9b81-40db-95aa-6545fc8bbbfd
2025-10-28 16:32:41,313 | INFO | MainThread | [global] [air-d4fa6173-9b81-40db-95aa-6545fc8bbbfd] USER: unable to access wifi
2025-10-28 16:32:41,314 | INFO | MainThread | [air-d4fa6173-9b81-40db-95aa-6545fc8bbbfd] STATE=waiting_for_query | USER='unable to access wifi'
2025-10-28 16:32:58,178 | INFO | MainThread | [global] [air-d4fa6173-9b81-40db-95aa-6545fc8bbbfd] BOT: I found these top categories for your issue — please reply with the number (1-3) of the best match:
1. Wi-Fi Issues
2. VPN & Remote Access
3. Firewall & Security Rules
2025-10-28 16:33:04,454 | INFO | MainThread | [global] [air-d4fa6173-9b81-40db-95aa-6545fc8bbbfd] USER: Wi-Fi Issues
2025-10-28 16:33:04,454 | INFO | MainThread | [air-d4fa6173-9b81-40db-95aa-6545fc8bbbfd] STATE=waiting_for_category | USER='Wi-Fi Issues'
2025-10-28 16:33:06,873 | INFO | MainThread | [global] [air-d4fa6173-9b81-40db-95aa-6545fc8bbbfd] BOT: Is your device connected to the network?
2025-10-28 16:33:11,808 | INFO | MainThread | [global] [air-d4fa6173-9b81-40db-95aa-6545fc8bbbfd] USER: yes
2025-10-28 16:33:11,809 | INFO | MainThread | [air-d4fa6173-9b81-40db-95aa-6545fc8bbbfd] STATE=waiting_q1 | USER='yes'
2025-10-28 16:33:13,934 | INFO | MainThread | [global] [air-d4fa6173-9b81-40db-95aa-6545fc8bbbfd] BOT: Is the Wi-Fi working on other devices?
2025-10-28 16:33:20,627 | INFO | MainThread | [global] [air-d4fa6173-9b81-40db-95aa-6545fc8bbbfd] USER: yes it is
2025-10-28 16:33:20,627 | INFO | MainThread | [air-d4fa6173-9b81-40db-95aa-6545fc8bbbfd] STATE=waiting_q2 | USER='yes it is'
2025-10-28 16:33:23,429 | INFO | MainThread | [global] [air-d4fa6173-9b81-40db-95aa-6545fc8bbbfd] BOT: Has your device lost connection after a specific event, like rebooting or turning off the router?
2025-10-28 16:33:30,632 | INFO | MainThread | [global] [air-d4fa6173-9b81-40db-95aa-6545fc8bbbfd] USER: yes i did
2025-10-28 16:33:30,632 | INFO | MainThread | [air-d4fa6173-9b81-40db-95aa-6545fc8bbbfd] STATE=waiting_q3 | USER='yes i did'
2025-10-28 16:33:30,632 | INFO | MainThread | [global] [air-d4fa6173-9b81-40db-95aa-6545fc8bbbfd] BOT: Please provide some more context or details about the issue, in form of text or screenshots. (optional)
2025-10-28 16:33:45,123 | INFO | MainThread | [global] [air-d4fa6173-9b81-40db-95aa-6545fc8bbbfd] USER: nothing
2025-10-28 16:33:45,123 | INFO | MainThread | [air-d4fa6173-9b81-40db-95aa-6545fc8bbbfd] STATE=waiting_q4 | USER='nothing'
2025-10-28 16:33:45,951 | INFO | MainThread | [air-d4fa6173-9b81-40db-95aa-6545fc8bbbfd] BOT: Ticket creation returned: 401 - {"errorMessages":["You do not have permission to create issues in this project."],"errors":{}}

Your issue has been processed successfully.
You can start a new chat if you'd like to raise another ticket. | NEXT_STATE: final
2025-10-28 16:33:45,952 | INFO | MainThread | [global] [air-d4fa6173-9b81-40db-95aa-6545fc8bbbfd] BOT: Ticket creation returned: 401 - {"errorMessages":["You do not have permission to create issues in this project."],"errors":{}}
2025-10-28 16:33:45,952 | INFO | MainThread | [global] [air-d4fa6173-9b81-40db-95aa-6545fc8bbbfd] ✅ Chat completed.
2025-10-28 16:33:52,866 | INFO | AnyIO worker thread | [global] 🆕 New session started: air-affd756d-08a3-4c03-9719-1eb271aa87b1
2025-10-28 16:33:55,963 | INFO | ThreadPoolExecutor-1_0 | [global] Session air-d4fa6173-9b81-40db-95aa-6545fc8bbbfd cleaned up after completion.
2025-10-28 16:34:07,296 | INFO | MainThread | [global] 🔻 Shutting down API...
2025-10-28 16:34:07,573 | INFO | MainThread | [global] ✅ Shutdown cleanup complete.
2025-10-28 16:34:17,065 | INFO | MainThread | [global] 🚀 Starting IT Support Chatbot API...
2025-10-28 16:34:17,067 | INFO | MainThread | [global] ✅ Readiness check passed — env, dataset, and model cache OK.
2025-10-28 16:34:17,067 | INFO | MainThread | [global] 🧹 Background cleanup task started.
2025-10-28 16:34:50,348 | INFO | MainThread | [global] 🔻 Shutting down API...
2025-10-28 16:34:50,348 | INFO | MainThread | [global] ✅ Shutdown cleanup complete.
2025-10-28 16:34:59,198 | INFO | MainThread | [global] 🚀 Starting IT Support Chatbot API...
2025-10-28 16:34:59,200 | INFO | MainThread | [global] ✅ Readiness check passed — env, dataset, and model cache OK.
2025-10-28 16:34:59,200 | INFO | MainThread | [global] 🧹 Background cleanup task started.
2025-10-28 16:35:17,899 | INFO | MainThread | [global] 🔻 Shutting down API...
2025-10-28 16:35:17,900 | INFO | MainThread | [global] ✅ Shutdown cleanup complete.
2025-10-28 16:35:27,470 | INFO | MainThread | [global] 🚀 Starting IT Support Chatbot API...
2025-10-28 16:35:27,472 | INFO | MainThread | [global] ✅ Readiness check passed — env, dataset, and model cache OK.
2025-10-28 16:35:27,472 | INFO | MainThread | [global] 🧹 Background cleanup task started.
2025-10-28 16:35:29,556 | INFO | MainThread | [global] 🔻 Shutting down API...
2025-10-28 16:35:29,556 | INFO | MainThread | [global] ✅ Shutdown cleanup complete.
2025-10-28 16:35:38,940 | INFO | MainThread | [global] 🚀 Starting IT Support Chatbot API...
2025-10-28 16:35:38,942 | INFO | MainThread | [global] ✅ Readiness check passed — env, dataset, and model cache OK.
2025-10-28 16:35:38,942 | INFO | MainThread | [global] 🧹 Background cleanup task started.
2025-10-28 16:37:53,537 | INFO | MainThread | [global] 🔻 Shutting down API...
2025-10-28 16:37:53,537 | INFO | MainThread | [global] ✅ Shutdown cleanup complete.
2025-10-28 16:38:03,160 | INFO | MainThread | [global] 🚀 Starting IT Support Chatbot API...
2025-10-28 16:38:03,161 | INFO | MainThread | [global] ✅ Readiness check passed — env, dataset, and model cache OK.
2025-10-28 16:38:03,161 | INFO | MainThread | [global] 🧠 Preloading SentenceTransformer model asynchronously...
2025-10-28 16:38:45,665 | INFO | MainThread | [global] 🚀 Starting IT Support Chatbot API...
2025-10-28 16:38:45,666 | INFO | MainThread | [global] ✅ Readiness check passed — env, dataset, and model cache OK.
2025-10-28 16:38:45,667 | INFO | MainThread | [global] 🧠 Preloading SentenceTransformer model asynchronously...
2025-10-28 16:40:06,896 | INFO | MainThread | [global] 🚀 Starting IT Support Chatbot API...
2025-10-28 16:40:06,898 | INFO | MainThread | [global] ✅ Readiness check passed — env, dataset, and model cache OK.
2025-10-28 16:40:06,898 | INFO | MainThread | [global] 🧠 Preloading SentenceTransformer model asynchronously...
2025-10-28 16:40:07,499 | INFO | MainThread | [global] ✅ Model loaded and cached successfully.
2025-10-28 16:40:07,499 | INFO | MainThread | [global] 🧹 Background cleanup task started.
2025-10-28 16:40:23,565 | INFO | MainThread | [global] 🆕 New session started: air-3604d941-11bc-40ff-8190-7ee5178c2914
2025-10-28 16:40:23,567 | INFO | MainThread | [global] 🆕 New session started: air-6a6d6fd7-0f10-491d-903e-622f119d2c6f
2025-10-28 16:40:23,568 | INFO | MainThread | [global] 🆕 New session started: air-f64484f8-cd6d-492d-84a6-1dd239d86de1
2025-10-28 16:40:23,570 | INFO | MainThread | [global] 🆕 New session started: air-0f5b84ca-58fe-4919-a641-51b191dae312
2025-10-28 16:40:23,571 | INFO | MainThread | [global] 🆕 New session started: air-a6f240fa-3cc1-412e-9c5f-8bac6057a697
2025-10-28 16:40:23,573 | INFO | MainThread | [global] 🆕 New session started: air-9c5a36a9-8313-4697-a45c-a5f868f4f6e9
2025-10-28 16:40:23,574 | INFO | MainThread | [global] 🆕 New session started: air-79e41107-2260-436d-aee5-1f1b2d60a7d8
2025-10-28 16:40:23,575 | INFO | MainThread | [global] 🆕 New session started: air-272fb1e4-f055-445b-ad0d-6ec9c88b7bdf
2025-10-28 16:40:23,576 | INFO | MainThread | [global] 🆕 New session started: air-00a7e8fa-50bb-4033-833c-bf955b3ae49f
2025-10-28 16:40:23,577 | INFO | MainThread | [global] 🆕 New session started: air-98951a4a-7f86-42a9-b8df-cb82e4c3e07d
2025-10-28 16:40:24,559 | INFO | MainThread | [global] [air-f64484f8-cd6d-492d-84a6-1dd239d86de1] USER: email not syncing in Outlook
2025-10-28 16:40:24,560 | INFO | MainThread | [air-f64484f8-cd6d-492d-84a6-1dd239d86de1] STATE=waiting_for_query | USER='email not syncing in Outlook'
2025-10-28 16:40:24,560 | INFO | MainThread | [global] [air-79e41107-2260-436d-aee5-1f1b2d60a7d8] USER: Teams keeps crashing
2025-10-28 16:40:24,560 | INFO | MainThread | [air-79e41107-2260-436d-aee5-1f1b2d60a7d8] STATE=waiting_for_query | USER='Teams keeps crashing'
2025-10-28 16:40:24,593 | INFO | MainThread | [global] [air-a6f240fa-3cc1-412e-9c5f-8bac6057a697] USER: VPN not connecting
2025-10-28 16:40:24,594 | INFO | MainThread | [air-a6f240fa-3cc1-412e-9c5f-8bac6057a697] STATE=waiting_for_query | USER='VPN not connecting'
2025-10-28 16:40:24,796 | INFO | MainThread | [global] [air-3604d941-11bc-40ff-8190-7ee5178c2914] USER: unable to connect to wifi
2025-10-28 16:40:24,797 | INFO | MainThread | [air-3604d941-11bc-40ff-8190-7ee5178c2914] STATE=waiting_for_query | USER='unable to connect to wifi'
2025-10-28 16:40:24,935 | INFO | MainThread | [global] [air-00a7e8fa-50bb-4033-833c-bf955b3ae49f] USER: system not booting up
2025-10-28 16:40:24,936 | INFO | MainThread | [air-00a7e8fa-50bb-4033-833c-bf955b3ae49f] STATE=waiting_for_query | USER='system not booting up'
2025-10-28 16:40:24,982 | INFO | MainThread | [global] [air-272fb1e4-f055-445b-ad0d-6ec9c88b7bdf] USER: unable to access shared folder
2025-10-28 16:40:24,983 | INFO | MainThread | [air-272fb1e4-f055-445b-ad0d-6ec9c88b7bdf] STATE=waiting_for_query | USER='unable to access shared folder'
2025-10-28 16:40:25,029 | INFO | MainThread | [global] [air-6a6d6fd7-0f10-491d-903e-622f119d2c6f] USER: laptop is running slow
2025-10-28 16:40:25,030 | INFO | MainThread | [air-6a6d6fd7-0f10-491d-903e-622f119d2c6f] STATE=waiting_for_query | USER='laptop is running slow'
2025-10-28 16:40:25,074 | INFO | MainThread | [global] [air-9c5a36a9-8313-4697-a45c-a5f868f4f6e9] USER: forgot password for Jira
2025-10-28 16:40:25,075 | INFO | MainThread | [air-9c5a36a9-8313-4697-a45c-a5f868f4f6e9] STATE=waiting_for_query | USER='forgot password for Jira'
2025-10-28 16:40:25,234 | INFO | MainThread | [global] [air-98951a4a-7f86-42a9-b8df-cb82e4c3e07d] USER: printer not detected
2025-10-28 16:40:25,235 | INFO | MainThread | [air-98951a4a-7f86-42a9-b8df-cb82e4c3e07d] STATE=waiting_for_query | USER='printer not detected'
2025-10-28 16:40:25,401 | INFO | MainThread | [global] [air-0f5b84ca-58fe-4919-a641-51b191dae312] USER: need access for D365
2025-10-28 16:40:25,403 | INFO | MainThread | [air-0f5b84ca-58fe-4919-a641-51b191dae312] STATE=waiting_for_query | USER='need access for D365'
2025-10-28 16:40:30,476 | INFO | MainThread | [global] [air-6a6d6fd7-0f10-491d-903e-622f119d2c6f] BOT: I found these top categories for your issue — please reply with the number (1-3) of the best match:
1. Laptop Issues
2. WAN / Internet
3. Network Performance
2025-10-28 16:40:31,543 | INFO | MainThread | [global] [air-272fb1e4-f055-445b-ad0d-6ec9c88b7bdf] BOT: I found these top categories for your issue — please reply with the number (1-3) of the best match:
1. Storage & Keys
2. SharePoint / OneDrive
3. SharePoint / OneDrive
2025-10-28 16:40:32,049 | INFO | MainThread | [global] [air-6a6d6fd7-0f10-491d-903e-622f119d2c6f] USER: 3
2025-10-28 16:40:32,049 | INFO | MainThread | [air-6a6d6fd7-0f10-491d-903e-622f119d2c6f] STATE=waiting_for_category | USER='3'
2025-10-28 16:40:34,020 | INFO | MainThread | [global] [air-6a6d6fd7-0f10-491d-903e-622f119d2c6f] BOT: Is it just the laptop, or does it happen on other devices too?
2025-10-28 16:40:34,021 | INFO | MainThread | [global] [air-3604d941-11bc-40ff-8190-7ee5178c2914] BOT: I found these top categories for your issue — please reply with the number (1-3) of the best match:
1. Wi-Fi Issues
2. Certificates & DNS
3. VPN Access & Connectivity
2025-10-28 16:40:34,022 | INFO | MainThread | [global] [air-00a7e8fa-50bb-4033-833c-bf955b3ae49f] BOT: I found these top categories for your issue — please reply with the number (1-3) of the best match:
1. Laptop Issues
2. LAN / Port Issues
3. Asset & Backup
2025-10-28 16:40:34,023 | INFO | MainThread | [global] [air-98951a4a-7f86-42a9-b8df-cb82e4c3e07d] BOT: I found these top categories for your issue — please reply with the number (1-3) of the best match:
1. Printer Issues
2. LAN / Port Issues
3. Laptop Issues
2025-10-28 16:40:34,024 | INFO | MainThread | [global] [air-a6f240fa-3cc1-412e-9c5f-8bac6057a697] BOT: I found these top categories for your issue — please reply with the number (1-3) of the best match:
1. VPN Access & Connectivity
2. VPN & Remote Access
3. Certificates & DNS
2025-10-28 16:40:34,025 | INFO | MainThread | [global] [air-9c5a36a9-8313-4697-a45c-a5f868f4f6e9] BOT: I found these top categories for your issue — please reply with the number (1-3) of the best match:
1. Authentication & MFA
2. Unauthorized Access
3. ERP Access & Permissions
2025-10-28 16:40:34,026 | INFO | MainThread | [global] [air-79e41107-2260-436d-aee5-1f1b2d60a7d8] BOT: I found these top categories for your issue — please reply with the number (1-3) of the best match:
1. Teams / Voice
2. Wi-Fi Issues
3. General Troubleshooting
2025-10-28 16:40:34,027 | INFO | MainThread | [global] [air-f64484f8-cd6d-492d-84a6-1dd239d86de1] BOT: I found these top categories for your issue — please reply with the number (1-3) of the best match:
1. Email & Collaboration
2. Data Issues / Schema & Object Changes / Data Sync Failures
3. Mailbox & Group Emails
2025-10-28 16:40:34,028 | INFO | MainThread | [global] [air-0f5b84ca-58fe-4919-a641-51b191dae312] BOT: I found these top categories for your issue — please reply with the number (1-3) of the best match:
1. External System Interfaces
2. Email & Collaboration
3. Mailbox & Group Emails
2025-10-28 16:40:34,029 | INFO | MainThread | [global] [air-272fb1e4-f055-445b-ad0d-6ec9c88b7bdf] USER: 1
2025-10-28 16:40:34,030 | INFO | MainThread | [air-272fb1e4-f055-445b-ad0d-6ec9c88b7bdf] STATE=waiting_for_category | USER='1'
2025-10-28 16:40:35,852 | INFO | MainThread | [global] [air-272fb1e4-f055-445b-ad0d-6ec9c88b7bdf] BOT: Do you have access to the folder?
2025-10-28 16:40:35,855 | INFO | MainThread | [global] [air-3604d941-11bc-40ff-8190-7ee5178c2914] USER: 1
2025-10-28 16:40:35,856 | INFO | MainThread | [air-3604d941-11bc-40ff-8190-7ee5178c2914] STATE=waiting_for_category | USER='1'
2025-10-28 16:40:37,668 | INFO | MainThread | [global] [air-3604d941-11bc-40ff-8190-7ee5178c2914] BOT: Is your device showing a Wi-Fi signal?
2025-10-28 16:40:37,670 | INFO | MainThread | [global] [air-9c5a36a9-8313-4697-a45c-a5f868f4f6e9] USER: 1
2025-10-28 16:40:37,670 | INFO | MainThread | [air-9c5a36a9-8313-4697-a45c-a5f868f4f6e9] STATE=waiting_for_category | USER='1'
2025-10-28 16:40:39,469 | INFO | MainThread | [global] [air-9c5a36a9-8313-4697-a45c-a5f868f4f6e9] BOT: Is it a Jira instance or Jira Software?
2025-10-28 16:40:39,471 | INFO | MainThread | [global] [air-a6f240fa-3cc1-412e-9c5f-8bac6057a697] USER: 2
2025-10-28 16:40:39,471 | INFO | MainThread | [air-a6f240fa-3cc1-412e-9c5f-8bac6057a697] STATE=waiting_for_category | USER='2'
2025-10-28 16:40:41,168 | INFO | MainThread | [global] [air-a6f240fa-3cc1-412e-9c5f-8bac6057a697] BOT: Is it connecting to the right server?
2025-10-28 16:40:41,169 | INFO | MainThread | [global] [air-6a6d6fd7-0f10-491d-903e-622f119d2c6f] USER: auto_answer_1_3
2025-10-28 16:40:41,170 | INFO | MainThread | [air-6a6d6fd7-0f10-491d-903e-622f119d2c6f] STATE=waiting_q1 | USER='auto_answer_1_3'
2025-10-28 16:40:43,582 | INFO | MainThread | [global] [air-6a6d6fd7-0f10-491d-903e-622f119d2c6f] BOT: Is this affecting specific apps or the entire system?
2025-10-28 16:40:43,584 | INFO | MainThread | [global] [air-00a7e8fa-50bb-4033-833c-bf955b3ae49f] USER: 1
2025-10-28 16:40:43,585 | INFO | MainThread | [air-00a7e8fa-50bb-4033-833c-bf955b3ae49f] STATE=waiting_for_category | USER='1'
2025-10-28 16:40:45,227 | INFO | MainThread | [global] [air-00a7e8fa-50bb-4033-833c-bf955b3ae49f] BOT: Is the power button working?
2025-10-28 16:40:45,229 | INFO | MainThread | [global] [air-0f5b84ca-58fe-4919-a641-51b191dae312] USER: 3
2025-10-28 16:40:45,229 | INFO | MainThread | [air-0f5b84ca-58fe-4919-a641-51b191dae312] STATE=waiting_for_category | USER='3'
2025-10-28 16:40:47,174 | INFO | MainThread | [global] [air-0f5b84ca-58fe-4919-a641-51b191dae312] BOT: Do you need D365 app access or data view access?
2025-10-28 16:40:47,180 | INFO | MainThread | [global] [air-3604d941-11bc-40ff-8190-7ee5178c2914] USER: auto_answer_1_1
2025-10-28 16:40:47,180 | INFO | MainThread | [air-3604d941-11bc-40ff-8190-7ee5178c2914] STATE=waiting_q1 | USER='auto_answer_1_1'
2025-10-28 16:40:49,555 | INFO | MainThread | [global] [air-3604d941-11bc-40ff-8190-7ee5178c2914] BOT: Is it a single device or multiple devices?
2025-10-28 16:40:49,556 | INFO | MainThread | [global] [air-9c5a36a9-8313-4697-a45c-a5f868f4f6e9] USER: auto_answer_1_6
2025-10-28 16:40:49,557 | INFO | MainThread | [air-9c5a36a9-8313-4697-a45c-a5f868f4f6e9] STATE=waiting_q1 | USER='auto_answer_1_6'
2025-10-28 16:40:51,685 | INFO | MainThread | [global] [air-9c5a36a9-8313-4697-a45c-a5f868f4f6e9] BOT: Is this for one user or multiple users?
2025-10-28 16:40:51,687 | INFO | MainThread | [global] [air-79e41107-2260-436d-aee5-1f1b2d60a7d8] USER: 1
2025-10-28 16:40:51,688 | INFO | MainThread | [air-79e41107-2260-436d-aee5-1f1b2d60a7d8] STATE=waiting_for_category | USER='1'
2025-10-28 16:40:53,465 | INFO | MainThread | [global] [air-79e41107-2260-436d-aee5-1f1b2d60a7d8] BOT: Is it crashing when you join a meeting?
2025-10-28 16:40:53,466 | INFO | MainThread | [global] [air-a6f240fa-3cc1-412e-9c5f-8bac6057a697] USER: auto_answer_1_4
2025-10-28 16:40:53,467 | INFO | MainThread | [air-a6f240fa-3cc1-412e-9c5f-8bac6057a697] STATE=waiting_q1 | USER='auto_answer_1_4'
2025-10-28 16:40:55,574 | INFO | MainThread | [global] [air-a6f240fa-3cc1-412e-9c5f-8bac6057a697] BOT: Is it working for others?
2025-10-28 16:40:55,575 | INFO | MainThread | [global] [air-98951a4a-7f86-42a9-b8df-cb82e4c3e07d] USER: 3
2025-10-28 16:40:55,576 | INFO | MainThread | [air-98951a4a-7f86-42a9-b8df-cb82e4c3e07d] STATE=waiting_for_category | USER='3'
2025-10-28 16:40:57,194 | INFO | MainThread | [global] [air-98951a4a-7f86-42a9-b8df-cb82e4c3e07d] BOT: Is the printer plugged in?
2025-10-28 16:40:57,196 | INFO | MainThread | [global] [air-00a7e8fa-50bb-4033-833c-bf955b3ae49f] USER: auto_answer_1_7
2025-10-28 16:40:57,196 | INFO | MainThread | [air-00a7e8fa-50bb-4033-833c-bf955b3ae49f] STATE=waiting_q1 | USER='auto_answer_1_7'
2025-10-28 16:40:59,245 | INFO | MainThread | [global] [air-00a7e8fa-50bb-4033-833c-bf955b3ae49f] BOT: Does the screen turn on?
2025-10-28 16:40:59,246 | INFO | MainThread | [global] [air-f64484f8-cd6d-492d-84a6-1dd239d86de1] USER: 2
2025-10-28 16:40:59,247 | INFO | MainThread | [air-f64484f8-cd6d-492d-84a6-1dd239d86de1] STATE=waiting_for_category | USER='2'
2025-10-28 16:41:00,902 | INFO | MainThread | [global] [air-f64484f8-cd6d-492d-84a6-1dd239d86de1] BOT: Is it syncing at all?
2025-10-28 16:41:00,903 | INFO | MainThread | [global] [air-6a6d6fd7-0f10-491d-903e-622f119d2c6f] USER: auto_answer_2_3
2025-10-28 16:41:00,904 | INFO | MainThread | [air-6a6d6fd7-0f10-491d-903e-622f119d2c6f] STATE=waiting_q2 | USER='auto_answer_2_3'
2025-10-28 16:41:03,999 | INFO | MainThread | [global] [air-6a6d6fd7-0f10-491d-903e-622f119d2c6f] BOT: Have you checked the task manager or activity monitor for any specific processes using high CPU or memory?
2025-10-28 16:41:04,001 | INFO | MainThread | [global] [air-272fb1e4-f055-445b-ad0d-6ec9c88b7bdf] USER: auto_answer_1_10
2025-10-28 16:41:04,001 | INFO | MainThread | [air-272fb1e4-f055-445b-ad0d-6ec9c88b7bdf] STATE=waiting_q1 | USER='auto_answer_1_10'
2025-10-28 16:41:06,130 | INFO | MainThread | [global] [air-272fb1e4-f055-445b-ad0d-6ec9c88b7bdf] BOT: Is it for OneDrive or multiple drives?
2025-10-28 16:41:06,135 | INFO | MainThread | [global] [air-3604d941-11bc-40ff-8190-7ee5178c2914] USER: auto_answer_2_1
2025-10-28 16:41:06,136 | INFO | MainThread | [air-3604d941-11bc-40ff-8190-7ee5178c2914] STATE=waiting_q2 | USER='auto_answer_2_1'
2025-10-28 16:41:08,700 | INFO | MainThread | [global] [air-3604d941-11bc-40ff-8190-7ee5178c2914] BOT: Have you tried forgetting the network and reconnecting?
2025-10-28 16:41:08,703 | INFO | MainThread | [global] [air-9c5a36a9-8313-4697-a45c-a5f868f4f6e9] USER: auto_answer_2_6
2025-10-28 16:41:08,703 | INFO | MainThread | [air-9c5a36a9-8313-4697-a45c-a5f868f4f6e9] STATE=waiting_q2 | USER='auto_answer_2_6'
2025-10-28 16:41:11,781 | INFO | MainThread | [global] [air-9c5a36a9-8313-4697-a45c-a5f868f4f6e9] BOT: Have you tried resetting the password through the Jira login page or via the password reset link?
2025-10-28 16:41:11,783 | INFO | MainThread | [global] [air-79e41107-2260-436d-aee5-1f1b2d60a7d8] USER: auto_answer_1_9
2025-10-28 16:41:11,783 | INFO | MainThread | [air-79e41107-2260-436d-aee5-1f1b2d60a7d8] STATE=waiting_q1 | USER='auto_answer_1_9'
2025-10-28 16:41:14,111 | INFO | MainThread | [global] [air-79e41107-2260-436d-aee5-1f1b2d60a7d8] BOT: Is this affecting your account only or multiple users?
2025-10-28 16:41:14,112 | INFO | MainThread | [global] [air-a6f240fa-3cc1-412e-9c5f-8bac6057a697] USER: auto_answer_2_4
2025-10-28 16:41:14,113 | INFO | MainThread | [air-a6f240fa-3cc1-412e-9c5f-8bac6057a697] STATE=waiting_q2 | USER='auto_answer_2_4'
2025-10-28 16:41:16,810 | INFO | MainThread | [global] [air-a6f240fa-3cc1-412e-9c5f-8bac6057a697] BOT: Have you verified the VPN connection logs or error messages?
2025-10-28 16:41:16,811 | INFO | MainThread | [global] [air-00a7e8fa-50bb-4033-833c-bf955b3ae49f] USER: auto_answer_2_7
2025-10-28 16:41:16,811 | INFO | MainThread | [air-00a7e8fa-50bb-4033-833c-bf955b3ae49f] STATE=waiting_q2 | USER='auto_answer_2_7'
2025-10-28 16:41:19,731 | INFO | MainThread | [global] [air-00a7e8fa-50bb-4033-833c-bf955b3ae49f] BOT: Have you recently connected or changed any hardware, like a power supply or external devices?
2025-10-28 16:41:19,733 | INFO | MainThread | [global] [air-0f5b84ca-58fe-4919-a641-51b191dae312] USER: auto_answer_1_2
2025-10-28 16:41:19,734 | INFO | MainThread | [air-0f5b84ca-58fe-4919-a641-51b191dae312] STATE=waiting_q1 | USER='auto_answer_1_2'
2025-10-28 16:41:22,251 | INFO | MainThread | [global] [air-0f5b84ca-58fe-4919-a641-51b191dae312] BOT: Is this for one or multiple users?
2025-10-28 16:41:22,252 | INFO | MainThread | [global] [air-f64484f8-cd6d-492d-84a6-1dd239d86de1] USER: auto_answer_1_5
2025-10-28 16:41:22,253 | INFO | MainThread | [air-f64484f8-cd6d-492d-84a6-1dd239d86de1] STATE=waiting_q1 | USER='auto_answer_1_5'
2025-10-28 16:41:24,393 | INFO | MainThread | [global] [air-f64484f8-cd6d-492d-84a6-1dd239d86de1] BOT: Is it syncing at all?
2025-10-28 16:41:24,394 | INFO | MainThread | [global] [air-6a6d6fd7-0f10-491d-903e-622f119d2c6f] USER: auto_answer_3_3
2025-10-28 16:41:24,394 | INFO | MainThread | [air-6a6d6fd7-0f10-491d-903e-622f119d2c6f] STATE=waiting_q3 | USER='auto_answer_3_3'
2025-10-28 16:41:24,394 | INFO | MainThread | [global] [air-6a6d6fd7-0f10-491d-903e-622f119d2c6f] BOT: Please provide some more context or details about the issue, in form of text or screenshots. (optional)
2025-10-28 16:41:24,397 | INFO | MainThread | [global] [air-98951a4a-7f86-42a9-b8df-cb82e4c3e07d] USER: auto_answer_1_8
2025-10-28 16:41:24,397 | INFO | MainThread | [air-98951a4a-7f86-42a9-b8df-cb82e4c3e07d] STATE=waiting_q1 | USER='auto_answer_1_8'
2025-10-28 16:41:26,572 | INFO | MainThread | [global] [air-98951a4a-7f86-42a9-b8df-cb82e4c3e07d] BOT: Does the printer turn on?
2025-10-28 16:41:26,579 | INFO | MainThread | [global] [air-3604d941-11bc-40ff-8190-7ee5178c2914] USER: auto_answer_3_1
2025-10-28 16:41:26,579 | INFO | MainThread | [air-3604d941-11bc-40ff-8190-7ee5178c2914] STATE=waiting_q3 | USER='auto_answer_3_1'
2025-10-28 16:41:26,579 | INFO | MainThread | [global] [air-3604d941-11bc-40ff-8190-7ee5178c2914] BOT: Please provide some more context or details about the issue, in form of text or screenshots. (optional)
2025-10-28 16:41:26,582 | INFO | MainThread | [global] [air-9c5a36a9-8313-4697-a45c-a5f868f4f6e9] USER: auto_answer_3_6
2025-10-28 16:41:26,583 | INFO | MainThread | [air-9c5a36a9-8313-4697-a45c-a5f868f4f6e9] STATE=waiting_q3 | USER='auto_answer_3_6'
2025-10-28 16:41:26,583 | INFO | MainThread | [global] [air-9c5a36a9-8313-4697-a45c-a5f868f4f6e9] BOT: Please provide some more context or details about the issue, in form of text or screenshots. (optional)
2025-10-28 16:41:26,585 | INFO | MainThread | [global] [air-79e41107-2260-436d-aee5-1f1b2d60a7d8] USER: auto_answer_2_9
2025-10-28 16:41:26,585 | INFO | MainThread | [air-79e41107-2260-436d-aee5-1f1b2d60a7d8] STATE=waiting_q2 | USER='auto_answer_2_9'
2025-10-28 16:41:29,545 | INFO | MainThread | [global] [air-79e41107-2260-436d-aee5-1f1b2d60a7d8] BOT: Have you checked if the issue occurs during specific activities, like calling or sharing screens?
2025-10-28 16:41:29,546 | INFO | MainThread | [global] [air-a6f240fa-3cc1-412e-9c5f-8bac6057a697] USER: auto_answer_3_4
2025-10-28 16:41:29,546 | INFO | MainThread | [air-a6f240fa-3cc1-412e-9c5f-8bac6057a697] STATE=waiting_q3 | USER='auto_answer_3_4'
2025-10-28 16:41:29,547 | INFO | MainThread | [global] [air-a6f240fa-3cc1-412e-9c5f-8bac6057a697] BOT: Please provide some more context or details about the issue, in form of text or screenshots. (optional)
2025-10-28 16:41:29,548 | INFO | MainThread | [global] [air-00a7e8fa-50bb-4033-833c-bf955b3ae49f] USER: auto_answer_3_7
2025-10-28 16:41:29,549 | INFO | MainThread | [air-00a7e8fa-50bb-4033-833c-bf955b3ae49f] STATE=waiting_q3 | USER='auto_answer_3_7'
2025-10-28 16:41:29,549 | INFO | MainThread | [global] [air-00a7e8fa-50bb-4033-833c-bf955b3ae49f] BOT: Please provide some more context or details about the issue, in form of text or screenshots. (optional)
2025-10-28 16:41:29,550 | INFO | MainThread | [global] [air-0f5b84ca-58fe-4919-a641-51b191dae312] USER: auto_answer_2_2
2025-10-28 16:41:29,551 | INFO | MainThread | [air-0f5b84ca-58fe-4919-a641-51b191dae312] STATE=waiting_q2 | USER='auto_answer_2_2'
2025-10-28 16:41:32,476 | INFO | MainThread | [global] [air-0f5b84ca-58fe-4919-a641-51b191dae312] BOT: Do you have a specific list of users who need D365 access?
2025-10-28 16:41:32,477 | INFO | MainThread | [global] [air-f64484f8-cd6d-492d-84a6-1dd239d86de1] USER: auto_answer_2_5
2025-10-28 16:41:32,478 | INFO | MainThread | [air-f64484f8-cd6d-492d-84a6-1dd239d86de1] STATE=waiting_q2 | USER='auto_answer_2_5'
2025-10-28 16:41:35,341 | INFO | MainThread | [global] [air-f64484f8-cd6d-492d-84a6-1dd239d86de1] BOT: Have you checked if Outlook is connected to the correct email account and server?
2025-10-28 16:41:35,343 | INFO | MainThread | [global] [air-6a6d6fd7-0f10-491d-903e-622f119d2c6f] USER: auto_answer_4_3
2025-10-28 16:41:35,343 | INFO | MainThread | [air-6a6d6fd7-0f10-491d-903e-622f119d2c6f] STATE=waiting_q4 | USER='auto_answer_4_3'
2025-10-28 16:41:35,344 | INFO | MainThread | [global] [air-272fb1e4-f055-445b-ad0d-6ec9c88b7bdf] USER: auto_answer_2_10
2025-10-28 16:41:35,345 | INFO | MainThread | [air-272fb1e4-f055-445b-ad0d-6ec9c88b7bdf] STATE=waiting_q2 | USER='auto_answer_2_10'
2025-10-28 16:41:38,344 | INFO | MainThread | [global] [air-272fb1e4-f055-445b-ad0d-6ec9c88b7bdf] BOT: Have you verified that the shared folder is accessible from the network or has proper network connectivity?
2025-10-28 16:41:38,348 | INFO | MainThread | [global] [air-3604d941-11bc-40ff-8190-7ee5178c2914] USER: auto_answer_4_1
2025-10-28 16:41:38,349 | INFO | MainThread | [air-3604d941-11bc-40ff-8190-7ee5178c2914] STATE=waiting_q4 | USER='auto_answer_4_1'
2025-10-28 16:41:38,350 | INFO | MainThread | [global] [air-9c5a36a9-8313-4697-a45c-a5f868f4f6e9] USER: auto_answer_4_6
2025-10-28 16:41:38,351 | INFO | MainThread | [air-9c5a36a9-8313-4697-a45c-a5f868f4f6e9] STATE=waiting_q4 | USER='auto_answer_4_6'
2025-10-28 16:41:38,352 | INFO | MainThread | [global] [air-79e41107-2260-436d-aee5-1f1b2d60a7d8] USER: auto_answer_3_9
2025-10-28 16:41:38,354 | INFO | MainThread | [air-79e41107-2260-436d-aee5-1f1b2d60a7d8] STATE=waiting_q3 | USER='auto_answer_3_9'
2025-10-28 16:41:38,354 | INFO | MainThread | [global] [air-79e41107-2260-436d-aee5-1f1b2d60a7d8] BOT: Please provide some more context or details about the issue, in form of text or screenshots. (optional)
2025-10-28 16:41:38,358 | INFO | MainThread | [global] [air-a6f240fa-3cc1-412e-9c5f-8bac6057a697] USER: auto_answer_4_4
2025-10-28 16:41:38,360 | INFO | MainThread | [air-a6f240fa-3cc1-412e-9c5f-8bac6057a697] STATE=waiting_q4 | USER='auto_answer_4_4'
2025-10-28 16:41:38,361 | INFO | MainThread | [global] [air-00a7e8fa-50bb-4033-833c-bf955b3ae49f] USER: auto_answer_4_7
2025-10-28 16:41:38,362 | INFO | MainThread | [air-00a7e8fa-50bb-4033-833c-bf955b3ae49f] STATE=waiting_q4 | USER='auto_answer_4_7'
2025-10-28 16:41:38,364 | INFO | MainThread | [global] [air-0f5b84ca-58fe-4919-a641-51b191dae312] USER: auto_answer_3_2
2025-10-28 16:41:38,368 | INFO | MainThread | [air-0f5b84ca-58fe-4919-a641-51b191dae312] STATE=waiting_q3 | USER='auto_answer_3_2'
2025-10-28 16:41:38,371 | INFO | MainThread | [global] [air-0f5b84ca-58fe-4919-a641-51b191dae312] BOT: Please provide some more context or details about the issue, in form of text or screenshots. (optional)
2025-10-28 16:41:38,375 | INFO | MainThread | [global] [air-f64484f8-cd6d-492d-84a6-1dd239d86de1] USER: auto_answer_3_5
2025-10-28 16:41:38,379 | INFO | MainThread | [air-f64484f8-cd6d-492d-84a6-1dd239d86de1] STATE=waiting_q3 | USER='auto_answer_3_5'
2025-10-28 16:41:38,381 | INFO | MainThread | [global] [air-f64484f8-cd6d-492d-84a6-1dd239d86de1] BOT: Please provide some more context or details about the issue, in form of text or screenshots. (optional)
2025-10-28 16:41:38,384 | INFO | MainThread | [global] [air-98951a4a-7f86-42a9-b8df-cb82e4c3e07d] USER: auto_answer_2_8
2025-10-28 16:41:38,387 | INFO | MainThread | [air-98951a4a-7f86-42a9-b8df-cb82e4c3e07d] STATE=waiting_q2 | USER='auto_answer_2_8'
2025-10-28 16:41:41,109 | INFO | MainThread | [global] [air-98951a4a-7f86-42a9-b8df-cb82e4c3e07d] BOT: Has the printer been connected to the same network as your computer recently?
2025-10-28 16:41:41,114 | INFO | MainThread | [global] [air-79e41107-2260-436d-aee5-1f1b2d60a7d8] USER: auto_answer_4_9
2025-10-28 16:41:41,116 | INFO | MainThread | [air-79e41107-2260-436d-aee5-1f1b2d60a7d8] STATE=waiting_q4 | USER='auto_answer_4_9'
2025-10-28 16:41:41,117 | INFO | MainThread | [global] [air-272fb1e4-f055-445b-ad0d-6ec9c88b7bdf] USER: auto_answer_3_10
2025-10-28 16:41:41,120 | INFO | MainThread | [air-272fb1e4-f055-445b-ad0d-6ec9c88b7bdf] STATE=waiting_q3 | USER='auto_answer_3_10'
2025-10-28 16:41:41,121 | INFO | MainThread | [global] [air-272fb1e4-f055-445b-ad0d-6ec9c88b7bdf] BOT: Please provide some more context or details about the issue, in form of text or screenshots. (optional)
2025-10-28 16:41:41,127 | INFO | MainThread | [global] [air-0f5b84ca-58fe-4919-a641-51b191dae312] USER: auto_answer_4_2
2025-10-28 16:41:41,131 | INFO | MainThread | [air-0f5b84ca-58fe-4919-a641-51b191dae312] STATE=waiting_q4 | USER='auto_answer_4_2'
2025-10-28 16:41:41,132 | INFO | MainThread | [global] [air-f64484f8-cd6d-492d-84a6-1dd239d86de1] USER: auto_answer_4_5
2025-10-28 16:41:41,135 | INFO | MainThread | [air-f64484f8-cd6d-492d-84a6-1dd239d86de1] STATE=waiting_q4 | USER='auto_answer_4_5'
2025-10-28 16:41:42,234 | INFO | MainThread | [global] [air-272fb1e4-f055-445b-ad0d-6ec9c88b7bdf] USER: auto_answer_4_10
2025-10-28 16:41:42,234 | INFO | MainThread | [air-272fb1e4-f055-445b-ad0d-6ec9c88b7bdf] STATE=waiting_q4 | USER='auto_answer_4_10'
2025-10-28 16:41:42,625 | INFO | MainThread | [global] [air-98951a4a-7f86-42a9-b8df-cb82e4c3e07d] USER: auto_answer_3_8
2025-10-28 16:41:42,625 | INFO | MainThread | [air-98951a4a-7f86-42a9-b8df-cb82e4c3e07d] STATE=waiting_q3 | USER='auto_answer_3_8'
2025-10-28 16:41:42,625 | INFO | MainThread | [global] [air-98951a4a-7f86-42a9-b8df-cb82e4c3e07d] BOT: Please provide some more context or details about the issue, in form of text or screenshots. (optional)
2025-10-28 16:41:42,812 | INFO | MainThread | [air-a6f240fa-3cc1-412e-9c5f-8bac6057a697] BOT: Ticket creation returned: 401 - {"errorMessages":["You do not have permission to create issues in this project."],"errors":{}}

Your issue has been processed successfully.
You can start a new chat if you'd like to raise another ticket. | NEXT_STATE: final
2025-10-28 16:41:42,813 | INFO | MainThread | [global] [air-a6f240fa-3cc1-412e-9c5f-8bac6057a697] BOT: Ticket creation returned: 401 - {"errorMessages":["You do not have permission to create issues in this project."],"errors":{}}
2025-10-28 16:41:42,813 | INFO | MainThread | [global] [air-a6f240fa-3cc1-412e-9c5f-8bac6057a697] ✅ Chat completed.
2025-10-28 16:41:42,817 | INFO | MainThread | [air-9c5a36a9-8313-4697-a45c-a5f868f4f6e9] BOT: Ticket creation returned: 401 - {"errorMessages":["You do not have permission to create issues in this project."],"errors":{}}

Your issue has been processed successfully.
You can start a new chat if you'd like to raise another ticket. | NEXT_STATE: final
2025-10-28 16:41:42,817 | INFO | MainThread | [global] [air-9c5a36a9-8313-4697-a45c-a5f868f4f6e9] BOT: Ticket creation returned: 401 - {"errorMessages":["You do not have permission to create issues in this project."],"errors":{}}
2025-10-28 16:41:42,817 | INFO | MainThread | [global] [air-9c5a36a9-8313-4697-a45c-a5f868f4f6e9] ✅ Chat completed.
2025-10-28 16:41:43,211 | INFO | MainThread | [air-3604d941-11bc-40ff-8190-7ee5178c2914] BOT: Ticket creation returned: 401 - {"errorMessages":["You do not have permission to create issues in this project."],"errors":{}}

Your issue has been processed successfully.
You can start a new chat if you'd like to raise another ticket. | NEXT_STATE: final
2025-10-28 16:41:43,211 | INFO | MainThread | [global] [air-3604d941-11bc-40ff-8190-7ee5178c2914] BOT: Ticket creation returned: 401 - {"errorMessages":["You do not have permission to create issues in this project."],"errors":{}}
2025-10-28 16:41:43,211 | INFO | MainThread | [global] [air-3604d941-11bc-40ff-8190-7ee5178c2914] ✅ Chat completed.
2025-10-28 16:41:43,222 | INFO | MainThread | [air-79e41107-2260-436d-aee5-1f1b2d60a7d8] BOT: Ticket creation returned: 401 - {"errorMessages":["You do not have permission to create issues in this project."],"errors":{}}

Your issue has been processed successfully.
You can start a new chat if you'd like to raise another ticket. | NEXT_STATE: final
2025-10-28 16:41:43,222 | INFO | MainThread | [global] [air-79e41107-2260-436d-aee5-1f1b2d60a7d8] BOT: Ticket creation returned: 401 - {"errorMessages":["You do not have permission to create issues in this project."],"errors":{}}
2025-10-28 16:41:43,222 | INFO | MainThread | [global] [air-79e41107-2260-436d-aee5-1f1b2d60a7d8] ✅ Chat completed.
2025-10-28 16:41:43,227 | INFO | MainThread | [air-f64484f8-cd6d-492d-84a6-1dd239d86de1] BOT: Ticket creation returned: 401 - {"errorMessages":["You do not have permission to create issues in this project."],"errors":{}}

Your issue has been processed successfully.
You can start a new chat if you'd like to raise another ticket. | NEXT_STATE: final
2025-10-28 16:41:43,227 | INFO | MainThread | [global] [air-f64484f8-cd6d-492d-84a6-1dd239d86de1] BOT: Ticket creation returned: 401 - {"errorMessages":["You do not have permission to create issues in this project."],"errors":{}}
2025-10-28 16:41:43,227 | INFO | MainThread | [global] [air-f64484f8-cd6d-492d-84a6-1dd239d86de1] ✅ Chat completed.
2025-10-28 16:41:43,266 | INFO | MainThread | [air-0f5b84ca-58fe-4919-a641-51b191dae312] BOT: Ticket creation returned: 401 - {"errorMessages":["You do not have permission to create issues in this project."],"errors":{}}

Your issue has been processed successfully.
You can start a new chat if you'd like to raise another ticket. | NEXT_STATE: final
2025-10-28 16:41:43,266 | INFO | MainThread | [global] [air-0f5b84ca-58fe-4919-a641-51b191dae312] BOT: Ticket creation returned: 401 - {"errorMessages":["You do not have permission to create issues in this project."],"errors":{}}
2025-10-28 16:41:43,266 | INFO | MainThread | [global] [air-0f5b84ca-58fe-4919-a641-51b191dae312] ✅ Chat completed.
2025-10-28 16:41:43,270 | INFO | MainThread | [air-6a6d6fd7-0f10-491d-903e-622f119d2c6f] BOT: Ticket creation returned: 401 - {"errorMessages":["You do not have permission to create issues in this project."],"errors":{}}

Your issue has been processed successfully.
You can start a new chat if you'd like to raise another ticket. | NEXT_STATE: final
2025-10-28 16:41:43,270 | INFO | MainThread | [global] [air-6a6d6fd7-0f10-491d-903e-622f119d2c6f] BOT: Ticket creation returned: 401 - {"errorMessages":["You do not have permission to create issues in this project."],"errors":{}}
2025-10-28 16:41:43,270 | INFO | MainThread | [global] [air-6a6d6fd7-0f10-491d-903e-622f119d2c6f] ✅ Chat completed.
2025-10-28 16:41:43,316 | INFO | MainThread | [air-00a7e8fa-50bb-4033-833c-bf955b3ae49f] BOT: Ticket creation returned: 401 - {"errorMessages":["You do not have permission to create issues in this project."],"errors":{}}

Your issue has been processed successfully.
You can start a new chat if you'd like to raise another ticket. | NEXT_STATE: final
2025-10-28 16:41:43,316 | INFO | MainThread | [global] [air-00a7e8fa-50bb-4033-833c-bf955b3ae49f] BOT: Ticket creation returned: 401 - {"errorMessages":["You do not have permission to create issues in this project."],"errors":{}}
2025-10-28 16:41:43,316 | INFO | MainThread | [global] [air-00a7e8fa-50bb-4033-833c-bf955b3ae49f] ✅ Chat completed.
2025-10-28 16:41:43,721 | INFO | MainThread | [air-272fb1e4-f055-445b-ad0d-6ec9c88b7bdf] BOT: Ticket creation returned: 401 - {"errorMessages":["You do not have permission to create issues in this project."],"errors":{}}

Your issue has been processed successfully.
You can start a new chat if you'd like to raise another ticket. | NEXT_STATE: final
2025-10-28 16:41:43,722 | INFO | MainThread | [global] [air-272fb1e4-f055-445b-ad0d-6ec9c88b7bdf] BOT: Ticket creation returned: 401 - {"errorMessages":["You do not have permission to create issues in this project."],"errors":{}}
2025-10-28 16:41:43,722 | INFO | MainThread | [global] [air-272fb1e4-f055-445b-ad0d-6ec9c88b7bdf] ✅ Chat completed.
2025-10-28 16:41:43,728 | INFO | MainThread | [global] [air-98951a4a-7f86-42a9-b8df-cb82e4c3e07d] USER: auto_answer_4_8
2025-10-28 16:41:43,728 | INFO | MainThread | [air-98951a4a-7f86-42a9-b8df-cb82e4c3e07d] STATE=waiting_q4 | USER='auto_answer_4_8'
2025-10-28 16:41:45,322 | INFO | MainThread | [air-98951a4a-7f86-42a9-b8df-cb82e4c3e07d] BOT: Ticket creation returned: 401 - {"errorMessages":["You do not have permission to create issues in this project."],"errors":{}}

Your issue has been processed successfully.
You can start a new chat if you'd like to raise another ticket. | NEXT_STATE: final
2025-10-28 16:41:45,322 | INFO | MainThread | [global] [air-98951a4a-7f86-42a9-b8df-cb82e4c3e07d] BOT: Ticket creation returned: 401 - {"errorMessages":["You do not have permission to create issues in this project."],"errors":{}}
2025-10-28 16:41:45,322 | INFO | MainThread | [global] [air-98951a4a-7f86-42a9-b8df-cb82e4c3e07d] ✅ Chat completed.
2025-10-28 16:41:52,820 | INFO | ThreadPoolExecutor-1_1 | [global] Session air-9c5a36a9-8313-4697-a45c-a5f868f4f6e9 cleaned up after completion.
2025-10-28 16:41:52,820 | INFO | ThreadPoolExecutor-1_0 | [global] Session air-a6f240fa-3cc1-412e-9c5f-8bac6057a697 cleaned up after completion.
2025-10-28 16:41:53,223 | INFO | ThreadPoolExecutor-1_2 | [global] Session air-3604d941-11bc-40ff-8190-7ee5178c2914 cleaned up after completion.
2025-10-28 16:41:53,238 | INFO | ThreadPoolExecutor-1_3 | [global] Session air-79e41107-2260-436d-aee5-1f1b2d60a7d8 cleaned up after completion.
2025-10-28 16:41:53,238 | INFO | ThreadPoolExecutor-1_4 | [global] Session air-f64484f8-cd6d-492d-84a6-1dd239d86de1 cleaned up after completion.
2025-10-28 16:41:53,269 | INFO | ThreadPoolExecutor-1_5 | [global] Session air-0f5b84ca-58fe-4919-a641-51b191dae312 cleaned up after completion.
2025-10-28 16:41:53,285 | INFO | ThreadPoolExecutor-1_6 | [global] Session air-6a6d6fd7-0f10-491d-903e-622f119d2c6f cleaned up after completion.
2025-10-28 16:41:53,331 | INFO | ThreadPoolExecutor-1_7 | [global] Session air-00a7e8fa-50bb-4033-833c-bf955b3ae49f cleaned up after completion.
2025-10-28 16:41:53,736 | INFO | ThreadPoolExecutor-1_8 | [global] Session air-272fb1e4-f055-445b-ad0d-6ec9c88b7bdf cleaned up after completion.
2025-10-28 16:41:55,331 | INFO | ThreadPoolExecutor-1_9 | [global] Session air-98951a4a-7f86-42a9-b8df-cb82e4c3e07d cleaned up after completion.
2025-10-28 17:13:24,305 | INFO | MainThread | [global] 🔻 Shutting down API and cleaning sessions...
2025-10-28 17:13:24,306 | INFO | MainThread | [global] ✅ Shutdown cleanup complete.
2025-10-28 17:20:11,337 | INFO | MainThread | [global] 🚀 Starting IT Support Chatbot API...
2025-10-28 17:20:11,339 | INFO | MainThread | [global] ✅ Readiness check passed — env, dataset, and model cache OK.
2025-10-28 17:20:11,339 | INFO | MainThread | [global] 🧠 Preloading SentenceTransformer model asynchronously...
2025-10-28 17:20:12,478 | INFO | MainThread | [global] ✅ Model loaded and cached successfully.
2025-10-28 17:20:12,478 | INFO | MainThread | [global] 🧹 Background cleanup task started.
2025-10-28 17:20:12,573 | INFO | MainThread | [global] 🆕 New session started: air-182d94f6-39d8-46c8-b8de-ca6b97a65b00
2025-10-28 17:20:21,360 | INFO | MainThread | [global] [air-182d94f6-39d8-46c8-b8de-ca6b97a65b00] USER: unable to connect to wifi
2025-10-28 17:20:21,360 | INFO | MainThread | [air-182d94f6-39d8-46c8-b8de-ca6b97a65b00] STATE=waiting_for_query | USER='unable to connect to wifi'
2025-10-28 17:20:28,402 | INFO | MainThread | [global] [air-182d94f6-39d8-46c8-b8de-ca6b97a65b00] BOT: I found these top categories for your issue — please reply with the number (1-3) of the best match:
1. Wi-Fi Issues
2. Certificates & DNS
3. VPN Access & Connectivity
2025-10-28 17:20:31,650 | INFO | MainThread | [global] [air-182d94f6-39d8-46c8-b8de-ca6b97a65b00] USER: Wi-Fi Issues
2025-10-28 17:20:31,650 | INFO | MainThread | [air-182d94f6-39d8-46c8-b8de-ca6b97a65b00] STATE=waiting_for_category | USER='Wi-Fi Issues'
2025-10-28 17:20:33,582 | INFO | MainThread | [global] [air-182d94f6-39d8-46c8-b8de-ca6b97a65b00] BOT: Is your device connected to the correct network?
2025-10-28 17:20:40,803 | INFO | MainThread | [global] [air-182d94f6-39d8-46c8-b8de-ca6b97a65b00] USER: yes it is
2025-10-28 17:20:40,803 | INFO | MainThread | [air-182d94f6-39d8-46c8-b8de-ca6b97a65b00] STATE=waiting_q1 | USER='yes it is'
2025-10-28 17:20:42,983 | INFO | MainThread | [global] [air-182d94f6-39d8-46c8-b8de-ca6b97a65b00] BOT: Is the Wi-Fi working on other devices?
2025-10-28 17:20:58,719 | INFO | MainThread | [global] [air-182d94f6-39d8-46c8-b8de-ca6b97a65b00] USER: yes it is
2025-10-28 17:20:58,720 | INFO | MainThread | [air-182d94f6-39d8-46c8-b8de-ca6b97a65b00] STATE=waiting_q2 | USER='yes it is'
2025-10-28 17:21:01,389 | INFO | MainThread | [global] [air-182d94f6-39d8-46c8-b8de-ca6b97a65b00] BOT: Have you tried forgetting the network and reconnecting?
2025-10-28 17:21:05,902 | INFO | MainThread | [global] [air-182d94f6-39d8-46c8-b8de-ca6b97a65b00] USER: yes
2025-10-28 17:21:05,902 | INFO | MainThread | [air-182d94f6-39d8-46c8-b8de-ca6b97a65b00] STATE=waiting_q3 | USER='yes'
2025-10-28 17:21:05,902 | INFO | MainThread | [global] [air-182d94f6-39d8-46c8-b8de-ca6b97a65b00] BOT: Please provide some more context or details about the issue, in form of text or screenshots. (optional)
2025-10-28 17:21:10,145 | INFO | MainThread | [global] [air-182d94f6-39d8-46c8-b8de-ca6b97a65b00] USER: lorem
2025-10-28 17:21:10,146 | INFO | MainThread | [air-182d94f6-39d8-46c8-b8de-ca6b97a65b00] STATE=waiting_q4 | USER='lorem'
2025-10-28 17:21:11,267 | INFO | MainThread | [air-182d94f6-39d8-46c8-b8de-ca6b97a65b00] BOT: Ticket creation returned: 401 - {"errorMessages":["You do not have permission to create issues in this project."],"errors":{}}

Your issue has been processed successfully.
You can start a new chat if you'd like to raise another ticket. | NEXT_STATE: final
2025-10-28 17:21:11,267 | INFO | MainThread | [global] [air-182d94f6-39d8-46c8-b8de-ca6b97a65b00] BOT: Ticket creation returned: 401 - {"errorMessages":["You do not have permission to create issues in this project."],"errors":{}}
2025-10-28 17:21:11,267 | INFO | MainThread | [global] [air-182d94f6-39d8-46c8-b8de-ca6b97a65b00] ✅ Chat completed.
2025-10-28 17:21:21,272 | INFO | ThreadPoolExecutor-1_0 | [global] Session air-182d94f6-39d8-46c8-b8de-ca6b97a65b00 cleaned up after completion.
2025-10-28 17:22:53,522 | INFO | MainThread | [global] 🔻 Shutting down API and cleaning sessions...
2025-10-28 17:22:53,522 | INFO | MainThread | [global] ✅ Shutdown cleanup complete.
2025-10-28 17:23:02,295 | INFO | MainThread | [global] 🚀 Starting IT Support Chatbot API...
2025-10-28 17:23:02,297 | INFO | MainThread | [global] ✅ Readiness check passed — env, dataset, and model cache OK.
2025-10-28 17:23:02,297 | INFO | MainThread | [global] 🧠 Preloading SentenceTransformer model asynchronously...
2025-10-28 17:23:03,338 | INFO | MainThread | [global] ✅ Model loaded and cached successfully.
2025-10-28 17:23:03,338 | INFO | MainThread | [global] 🧹 Background cleanup task started.
2025-10-28 17:26:01,905 | INFO | MainThread | [global] 🆕 New session started: air-1ec68f1a-c360-4345-9030-233a71b7a5bd
2025-10-28 17:26:12,936 | INFO | MainThread | [global] [air-1ec68f1a-c360-4345-9030-233a71b7a5bd] USER: unable to connect to wifi
2025-10-28 17:26:12,936 | INFO | MainThread | [air-1ec68f1a-c360-4345-9030-233a71b7a5bd] STATE=waiting_for_query | USER='unable to connect to wifi'
2025-10-28 17:26:18,671 | INFO | MainThread | [global] [air-1ec68f1a-c360-4345-9030-233a71b7a5bd] BOT: I found these top categories for your issue — please reply with the number (1-3) of the best match:
1. Wi-Fi Issues
2. Certificates & DNS
3. VPN Access & Connectivity
2025-10-28 17:26:21,764 | INFO | MainThread | [global] [air-1ec68f1a-c360-4345-9030-233a71b7a5bd] USER: Wi-Fi Issues
2025-10-28 17:26:21,764 | INFO | MainThread | [air-1ec68f1a-c360-4345-9030-233a71b7a5bd] STATE=waiting_for_category | USER='Wi-Fi Issues'
2025-10-28 17:26:23,703 | INFO | MainThread | [global] [air-1ec68f1a-c360-4345-9030-233a71b7a5bd] BOT: Is your device showing a WiFi signal?
2025-10-28 17:26:30,738 | INFO | MainThread | [global] [air-1ec68f1a-c360-4345-9030-233a71b7a5bd] USER: yes it is
2025-10-28 17:26:30,739 | INFO | MainThread | [air-1ec68f1a-c360-4345-9030-233a71b7a5bd] STATE=waiting_q1 | USER='yes it is'
2025-10-28 17:26:33,022 | INFO | MainThread | [global] [air-1ec68f1a-c360-4345-9030-233a71b7a5bd] BOT: Is it connecting to the same network?
2025-10-28 17:26:40,219 | INFO | MainThread | [global] [air-1ec68f1a-c360-4345-9030-233a71b7a5bd] USER: yes
2025-10-28 17:26:40,219 | INFO | MainThread | [air-1ec68f1a-c360-4345-9030-233a71b7a5bd] STATE=waiting_q2 | USER='yes'
2025-10-28 17:26:42,714 | INFO | MainThread | [global] [air-1ec68f1a-c360-4345-9030-233a71b7a5bd] BOT: Have you tried forgetting the network and reconnecting?
2025-10-28 17:26:46,675 | INFO | MainThread | [global] [air-1ec68f1a-c360-4345-9030-233a71b7a5bd] USER: yes
2025-10-28 17:26:46,677 | INFO | MainThread | [air-1ec68f1a-c360-4345-9030-233a71b7a5bd] STATE=waiting_q3 | USER='yes'
2025-10-28 17:26:46,677 | INFO | MainThread | [global] [air-1ec68f1a-c360-4345-9030-233a71b7a5bd] BOT: Please provide some more context or details about the issue, in form of text or screenshots. (optional)
2025-10-28 17:26:49,674 | INFO | MainThread | [global] [air-1ec68f1a-c360-4345-9030-233a71b7a5bd] USER: jfn
2025-10-28 17:26:49,674 | INFO | MainThread | [air-1ec68f1a-c360-4345-9030-233a71b7a5bd] STATE=waiting_q4 | USER='jfn'
2025-10-28 17:26:50,185 | INFO | MainThread | [air-1ec68f1a-c360-4345-9030-233a71b7a5bd] BOT: Ticket creation returned: 401 - {"errorMessages":["You do not have permission to create issues in this project."],"errors":{}}

Your issue has been processed successfully.
You can start a new chat if you'd like to raise another ticket. | NEXT_STATE: final
2025-10-28 17:26:50,186 | INFO | MainThread | [global] [air-1ec68f1a-c360-4345-9030-233a71b7a5bd] BOT: Ticket creation returned: 401 - {"errorMessages":["You do not have permission to create issues in this project."],"errors":{}}
2025-10-28 17:26:50,186 | INFO | MainThread | [global] [air-1ec68f1a-c360-4345-9030-233a71b7a5bd] ✅ Chat completed.
2025-10-28 17:27:00,189 | INFO | ThreadPoolExecutor-1_0 | [global] Session air-1ec68f1a-c360-4345-9030-233a71b7a5bd cleaned up after completion.
2025-10-28 17:27:07,277 | INFO | MainThread | [global] 🆕 New session started: air-bc02edf9-b709-4838-acf4-da766e76acee
2025-10-28 17:28:52,103 | INFO | MainThread | [global] 🔻 Shutting down API and cleaning sessions...
2025-10-28 17:28:52,188 | INFO | MainThread | [global] ✅ Shutdown cleanup complete.
2025-10-28 17:46:32,970 | INFO | MainThread | [global] 🚀 Starting IT Support Chatbot API...
2025-10-28 17:46:33,066 | INFO | MainThread | [global] ✅ Readiness check passed — env, dataset, and model cache OK.
2025-10-28 17:46:33,066 | INFO | MainThread | [global] 🧠 Preloading SentenceTransformer model asynchronously...
2025-10-28 17:46:33,787 | INFO | MainThread | [global] ✅ Model loaded and cached successfully.
2025-10-28 17:46:33,787 | INFO | MainThread | [global] 🧹 Background cleanup task started.
2025-10-28 17:46:38,223 | INFO | MainThread | [global] 🆕 New session started: air-a6bf892f-db29-4d39-a4bf-4fb28239edd0
2025-10-28 17:46:38,225 | INFO | MainThread | [global] 🆕 New session started: air-c967c6d7-dc23-491c-aa49-80ccff46fbaf
2025-10-28 17:46:38,226 | INFO | MainThread | [global] 🆕 New session started: air-1ebaff13-609b-4138-b0ea-17df45f0f94f
2025-10-28 17:46:38,228 | INFO | MainThread | [global] 🆕 New session started: air-65f5cf15-3b29-4dae-be8f-2237a8181cbb
2025-10-28 17:46:38,229 | INFO | MainThread | [global] 🆕 New session started: air-21db26b8-8c70-45f7-8d3f-384665e4af96
2025-10-28 17:46:38,230 | INFO | MainThread | [global] 🆕 New session started: air-56db71cb-804a-46c3-b643-4a25d7b288bb
2025-10-28 17:46:38,231 | INFO | MainThread | [global] 🆕 New session started: air-ebde89b6-2bf1-4a33-bdbb-2afa2185326a
2025-10-28 17:46:38,232 | INFO | MainThread | [global] 🆕 New session started: air-60193abe-5a4c-41fd-827f-dc8e53978bb3
2025-10-28 17:46:38,233 | INFO | MainThread | [global] 🆕 New session started: air-38a2b8ab-9af7-4403-a2cf-7fa365b6374d
2025-10-28 17:46:38,234 | INFO | MainThread | [global] 🆕 New session started: air-50412ad1-a0d8-4b6b-a367-23bdfa360d0c
2025-10-28 17:46:39,324 | INFO | MainThread | [global] [air-1ebaff13-609b-4138-b0ea-17df45f0f94f] USER: VPN not connecting
2025-10-28 17:46:39,324 | INFO | MainThread | [air-1ebaff13-609b-4138-b0ea-17df45f0f94f] STATE=waiting_for_query | USER='VPN not connecting'
2025-10-28 17:46:39,325 | INFO | MainThread | [global] [air-21db26b8-8c70-45f7-8d3f-384665e4af96] USER: need access for D365
2025-10-28 17:46:39,325 | INFO | MainThread | [air-21db26b8-8c70-45f7-8d3f-384665e4af96] STATE=waiting_for_query | USER='need access for D365'
2025-10-28 17:46:39,482 | INFO | MainThread | [global] [air-65f5cf15-3b29-4dae-be8f-2237a8181cbb] USER: laptop is running slow
2025-10-28 17:46:39,483 | INFO | MainThread | [air-65f5cf15-3b29-4dae-be8f-2237a8181cbb] STATE=waiting_for_query | USER='laptop is running slow'
2025-10-28 17:46:39,484 | INFO | MainThread | [global] [air-c967c6d7-dc23-491c-aa49-80ccff46fbaf] USER: email not syncing in Outlook
2025-10-28 17:46:39,485 | INFO | MainThread | [air-c967c6d7-dc23-491c-aa49-80ccff46fbaf] STATE=waiting_for_query | USER='email not syncing in Outlook'
2025-10-28 17:46:39,528 | INFO | MainThread | [global] [air-a6bf892f-db29-4d39-a4bf-4fb28239edd0] USER: unable to connect to wifi
2025-10-28 17:46:39,529 | INFO | MainThread | [air-a6bf892f-db29-4d39-a4bf-4fb28239edd0] STATE=waiting_for_query | USER='unable to connect to wifi'
2025-10-28 17:46:39,609 | INFO | MainThread | [global] [air-50412ad1-a0d8-4b6b-a367-23bdfa360d0c] USER: forgot password for Jira
2025-10-28 17:46:39,609 | INFO | MainThread | [air-50412ad1-a0d8-4b6b-a367-23bdfa360d0c] STATE=waiting_for_query | USER='forgot password for Jira'
2025-10-28 17:46:39,641 | INFO | MainThread | [global] [air-60193abe-5a4c-41fd-827f-dc8e53978bb3] USER: Teams keeps crashing
2025-10-28 17:46:39,641 | INFO | MainThread | [air-60193abe-5a4c-41fd-827f-dc8e53978bb3] STATE=waiting_for_query | USER='Teams keeps crashing'
2025-10-28 17:46:39,846 | INFO | MainThread | [global] [air-ebde89b6-2bf1-4a33-bdbb-2afa2185326a] USER: printer not detected
2025-10-28 17:46:39,847 | INFO | MainThread | [air-ebde89b6-2bf1-4a33-bdbb-2afa2185326a] STATE=waiting_for_query | USER='printer not detected'
2025-10-28 17:46:40,036 | INFO | MainThread | [global] [air-56db71cb-804a-46c3-b643-4a25d7b288bb] USER: system not booting up
2025-10-28 17:46:40,036 | INFO | MainThread | [air-56db71cb-804a-46c3-b643-4a25d7b288bb] STATE=waiting_for_query | USER='system not booting up'
2025-10-28 17:46:40,286 | INFO | MainThread | [global] [air-38a2b8ab-9af7-4403-a2cf-7fa365b6374d] USER: unable to access shared folder
2025-10-28 17:46:40,286 | INFO | MainThread | [air-38a2b8ab-9af7-4403-a2cf-7fa365b6374d] STATE=waiting_for_query | USER='unable to access shared folder'
2025-10-28 17:46:48,152 | INFO | MainThread | [global] [air-38a2b8ab-9af7-4403-a2cf-7fa365b6374d] BOT: I found these top categories for your issue — please reply with the number (1-3) of the best match:
1. Storage & Keys
2. SharePoint / OneDrive
3. SharePoint / OneDrive
2025-10-28 17:46:48,286 | INFO | MainThread | [global] [air-1ebaff13-609b-4138-b0ea-17df45f0f94f] BOT: I found these top categories for your issue — please reply with the number (1-3) of the best match:
1. VPN Access & Connectivity
2. VPN & Remote Access
3. Certificates & DNS
2025-10-28 17:46:48,294 | INFO | MainThread | [global] [air-c967c6d7-dc23-491c-aa49-80ccff46fbaf] BOT: I found these top categories for your issue — please reply with the number (1-3) of the best match:
1. Email & Collaboration
2. Data Issues / Schema & Object Changes / Data Sync Failures
3. Mailbox & Group Emails
2025-10-28 17:46:48,778 | INFO | MainThread | [global] [air-a6bf892f-db29-4d39-a4bf-4fb28239edd0] BOT: I found these top categories for your issue — please reply with the number (1-3) of the best match:
1. Wi-Fi Issues
2. Certificates & DNS
3. VPN Access & Connectivity
2025-10-28 17:46:48,921 | INFO | MainThread | [global] [air-60193abe-5a4c-41fd-827f-dc8e53978bb3] BOT: I found these top categories for your issue — please reply with the number (1-3) of the best match:
1. Teams / Voice
2. Wi-Fi Issues
3. General Troubleshooting
2025-10-28 17:46:48,935 | INFO | MainThread | [global] [air-56db71cb-804a-46c3-b643-4a25d7b288bb] BOT: I found these top categories for your issue — please reply with the number (1-3) of the best match:
1. Laptop Issues
2. LAN / Port Issues
3. Asset & Backup
2025-10-28 17:46:48,978 | INFO | MainThread | [global] [air-21db26b8-8c70-45f7-8d3f-384665e4af96] BOT: I found these top categories for your issue — please reply with the number (1-3) of the best match:
1. External System Interfaces
2. Email & Collaboration
3. Mailbox & Group Emails
2025-10-28 17:46:49,129 | INFO | MainThread | [global] [air-ebde89b6-2bf1-4a33-bdbb-2afa2185326a] BOT: I found these top categories for your issue — please reply with the number (1-3) of the best match:
1. Printer Issues
2. LAN / Port Issues
3. Laptop Issues
2025-10-28 17:46:49,199 | INFO | MainThread | [global] [air-65f5cf15-3b29-4dae-be8f-2237a8181cbb] BOT: I found these top categories for your issue — please reply with the number (1-3) of the best match:
1. Laptop Issues
2. WAN / Internet
3. Network Performance
2025-10-28 17:46:49,329 | INFO | MainThread | [global] [air-50412ad1-a0d8-4b6b-a367-23bdfa360d0c] BOT: I found these top categories for your issue — please reply with the number (1-3) of the best match:
1. Authentication & MFA
2. Unauthorized Access
3. ERP Access & Permissions
2025-10-28 17:46:49,425 | INFO | MainThread | [global] [air-38a2b8ab-9af7-4403-a2cf-7fa365b6374d] USER: 2
2025-10-28 17:46:49,425 | INFO | MainThread | [air-38a2b8ab-9af7-4403-a2cf-7fa365b6374d] STATE=waiting_for_category | USER='2'
2025-10-28 17:46:51,379 | INFO | MainThread | [global] [air-38a2b8ab-9af7-4403-a2cf-7fa365b6374d] BOT: Can you access it from your device?
2025-10-28 17:46:51,381 | INFO | MainThread | [global] [air-50412ad1-a0d8-4b6b-a367-23bdfa360d0c] USER: 3
2025-10-28 17:46:51,382 | INFO | MainThread | [air-50412ad1-a0d8-4b6b-a367-23bdfa360d0c] STATE=waiting_for_category | USER='3'
2025-10-28 17:46:53,317 | INFO | MainThread | [global] [air-50412ad1-a0d8-4b6b-a367-23bdfa360d0c] BOT: Is it for your personal account?
2025-10-28 17:46:53,318 | INFO | MainThread | [global] [air-c967c6d7-dc23-491c-aa49-80ccff46fbaf] USER: 3
2025-10-28 17:46:53,319 | INFO | MainThread | [air-c967c6d7-dc23-491c-aa49-80ccff46fbaf] STATE=waiting_for_category | USER='3'
2025-10-28 17:46:55,366 | INFO | MainThread | [global] [air-c967c6d7-dc23-491c-aa49-80ccff46fbaf] BOT: Is it syncing with a specific account?
2025-10-28 17:46:55,368 | INFO | MainThread | [global] [air-65f5cf15-3b29-4dae-be8f-2237a8181cbb] USER: 1
2025-10-28 17:46:55,369 | INFO | MainThread | [air-65f5cf15-3b29-4dae-be8f-2237a8181cbb] STATE=waiting_for_category | USER='1'
2025-10-28 17:46:57,404 | INFO | MainThread | [global] [air-65f5cf15-3b29-4dae-be8f-2237a8181cbb] BOT: Is it just one app or the whole system?
2025-10-28 17:46:57,405 | INFO | MainThread | [global] [air-1ebaff13-609b-4138-b0ea-17df45f0f94f] USER: 2
2025-10-28 17:46:57,406 | INFO | MainThread | [air-1ebaff13-609b-4138-b0ea-17df45f0f94f] STATE=waiting_for_category | USER='2'
2025-10-28 17:46:59,381 | INFO | MainThread | [global] [air-1ebaff13-609b-4138-b0ea-17df45f0f94f] BOT: Is it connecting to the correct server?
2025-10-28 17:46:59,382 | INFO | MainThread | [global] [air-a6bf892f-db29-4d39-a4bf-4fb28239edd0] USER: 2
2025-10-28 17:46:59,383 | INFO | MainThread | [air-a6bf892f-db29-4d39-a4bf-4fb28239edd0] STATE=waiting_for_category | USER='2'
2025-10-28 17:47:01,275 | INFO | MainThread | [global] [air-a6bf892f-db29-4d39-a4bf-4fb28239edd0] BOT: Is the router turning on?
2025-10-28 17:47:01,276 | INFO | MainThread | [global] [air-21db26b8-8c70-45f7-8d3f-384665e4af96] USER: 3
2025-10-28 17:47:01,277 | INFO | MainThread | [air-21db26b8-8c70-45f7-8d3f-384665e4af96] STATE=waiting_for_category | USER='3'
2025-10-28 17:47:03,509 | INFO | MainThread | [global] [air-21db26b8-8c70-45f7-8d3f-384665e4af96] BOT: Do you need D365 app access or data view access?
2025-10-28 17:47:03,510 | INFO | MainThread | [global] [air-56db71cb-804a-46c3-b643-4a25d7b288bb] USER: 2
2025-10-28 17:47:03,511 | INFO | MainThread | [air-56db71cb-804a-46c3-b643-4a25d7b288bb] STATE=waiting_for_category | USER='2'
2025-10-28 17:47:05,532 | INFO | MainThread | [global] [air-56db71cb-804a-46c3-b643-4a25d7b288bb] BOT: Is it showing any error code?
2025-10-28 17:47:05,533 | INFO | MainThread | [global] [air-ebde89b6-2bf1-4a33-bdbb-2afa2185326a] USER: 3
2025-10-28 17:47:05,533 | INFO | MainThread | [air-ebde89b6-2bf1-4a33-bdbb-2afa2185326a] STATE=waiting_for_category | USER='3'
2025-10-28 17:47:07,411 | INFO | MainThread | [global] [air-ebde89b6-2bf1-4a33-bdbb-2afa2185326a] BOT: Is the printer connected?
2025-10-28 17:47:07,412 | INFO | MainThread | [global] [air-60193abe-5a4c-41fd-827f-dc8e53978bb3] USER: 1
2025-10-28 17:47:07,413 | INFO | MainThread | [air-60193abe-5a4c-41fd-827f-dc8e53978bb3] STATE=waiting_for_category | USER='1'
2025-10-28 17:47:09,286 | INFO | MainThread | [global] [air-60193abe-5a4c-41fd-827f-dc8e53978bb3] BOT: Is it crashing when you join a meeting?
2025-10-28 17:47:09,289 | INFO | MainThread | [global] [air-50412ad1-a0d8-4b6b-a367-23bdfa360d0c] USER: auto_answer_1_6
2025-10-28 17:47:09,289 | INFO | MainThread | [air-50412ad1-a0d8-4b6b-a367-23bdfa360d0c] STATE=waiting_q1 | USER='auto_answer_1_6'
2025-10-28 17:47:11,734 | INFO | MainThread | [global] [air-50412ad1-a0d8-4b6b-a367-23bdfa360d0c] BOT: Is this for a single user or multiple users?
2025-10-28 17:47:11,735 | INFO | MainThread | [global] [air-c967c6d7-dc23-491c-aa49-80ccff46fbaf] USER: auto_answer_1_5
2025-10-28 17:47:11,736 | INFO | MainThread | [air-c967c6d7-dc23-491c-aa49-80ccff46fbaf] STATE=waiting_q1 | USER='auto_answer_1_5'
2025-10-28 17:47:14,202 | INFO | MainThread | [global] [air-c967c6d7-dc23-491c-aa49-80ccff46fbaf] BOT: Is this for a single mailbox or multiple mailboxes?
2025-10-28 17:47:14,204 | INFO | MainThread | [global] [air-65f5cf15-3b29-4dae-be8f-2237a8181cbb] USER: auto_answer_1_3
2025-10-28 17:47:14,205 | INFO | MainThread | [air-65f5cf15-3b29-4dae-be8f-2237a8181cbb] STATE=waiting_q1 | USER='auto_answer_1_3'
2025-10-28 17:47:16,475 | INFO | MainThread | [global] [air-65f5cf15-3b29-4dae-be8f-2237a8181cbb] BOT: Does it freeze randomly?
2025-10-28 17:47:16,476 | INFO | MainThread | [global] [air-38a2b8ab-9af7-4403-a2cf-7fa365b6374d] USER: auto_answer_1_10
2025-10-28 17:47:16,477 | INFO | MainThread | [air-38a2b8ab-9af7-4403-a2cf-7fa365b6374d] STATE=waiting_q1 | USER='auto_answer_1_10'
2025-10-28 17:47:18,943 | INFO | MainThread | [global] [air-38a2b8ab-9af7-4403-a2cf-7fa365b6374d] BOT: Is this affecting only your files or others?
2025-10-28 17:47:18,944 | INFO | MainThread | [global] [air-1ebaff13-609b-4138-b0ea-17df45f0f94f] USER: auto_answer_1_4
2025-10-28 17:47:18,944 | INFO | MainThread | [air-1ebaff13-609b-4138-b0ea-17df45f0f94f] STATE=waiting_q1 | USER='auto_answer_1_4'
2025-10-28 17:47:21,283 | INFO | MainThread | [global] [air-1ebaff13-609b-4138-b0ea-17df45f0f94f] BOT: Is it working for others?
2025-10-28 17:47:21,284 | INFO | MainThread | [global] [air-a6bf892f-db29-4d39-a4bf-4fb28239edd0] USER: auto_answer_1_1
2025-10-28 17:47:21,285 | INFO | MainThread | [air-a6bf892f-db29-4d39-a4bf-4fb28239edd0] STATE=waiting_q1 | USER='auto_answer_1_1'
2025-10-28 17:47:23,584 | INFO | MainThread | [global] [air-a6bf892f-db29-4d39-a4bf-4fb28239edd0] BOT: Is the router showing a solid light?
2025-10-28 17:47:23,585 | INFO | MainThread | [global] [air-21db26b8-8c70-45f7-8d3f-384665e4af96] USER: auto_answer_1_2
2025-10-28 17:47:23,586 | INFO | MainThread | [air-21db26b8-8c70-45f7-8d3f-384665e4af96] STATE=waiting_q1 | USER='auto_answer_1_2'
2025-10-28 17:47:26,545 | INFO | MainThread | [global] [air-21db26b8-8c70-45f7-8d3f-384665e4af96] BOT: Is this for one or multiple users?
2025-10-28 17:47:26,547 | INFO | MainThread | [global] [air-56db71cb-804a-46c3-b643-4a25d7b288bb] USER: auto_answer_1_7
2025-10-28 17:47:26,547 | INFO | MainThread | [air-56db71cb-804a-46c3-b643-4a25d7b288bb] STATE=waiting_q1 | USER='auto_answer_1_7'
2025-10-28 17:47:28,750 | INFO | MainThread | [global] [air-56db71cb-804a-46c3-b643-4a25d7b288bb] BOT: Is this for a single port or multiple ports?
2025-10-28 17:47:28,751 | INFO | MainThread | [global] [air-ebde89b6-2bf1-4a33-bdbb-2afa2185326a] USER: auto_answer_1_8
2025-10-28 17:47:28,752 | INFO | MainThread | [air-ebde89b6-2bf1-4a33-bdbb-2afa2185326a] STATE=waiting_q1 | USER='auto_answer_1_8'
2025-10-28 17:47:30,710 | INFO | MainThread | [global] [air-ebde89b6-2bf1-4a33-bdbb-2afa2185326a] BOT: Does the printer turn on?
2025-10-28 17:47:30,715 | INFO | MainThread | [global] [air-50412ad1-a0d8-4b6b-a367-23bdfa360d0c] USER: auto_answer_2_6
2025-10-28 17:47:30,715 | INFO | MainThread | [air-50412ad1-a0d8-4b6b-a367-23bdfa360d0c] STATE=waiting_q2 | USER='auto_answer_2_6'
2025-10-28 17:47:33,844 | INFO | MainThread | [global] [air-50412ad1-a0d8-4b6b-a367-23bdfa360d0c] BOT: Have you verified that the user account is active and has the correct permissions?
2025-10-28 17:47:33,845 | INFO | MainThread | [global] [air-c967c6d7-dc23-491c-aa49-80ccff46fbaf] USER: auto_answer_2_5
2025-10-28 17:47:33,846 | INFO | MainThread | [air-c967c6d7-dc23-491c-aa49-80ccff46fbaf] STATE=waiting_q2 | USER='auto_answer_2_5'
2025-10-28 17:47:36,507 | INFO | MainThread | [global] [air-c967c6d7-dc23-491c-aa49-80ccff46fbaf] BOT: Is the email sync issue occurring on a specific device or across all devices?
2025-10-28 17:47:36,508 | INFO | MainThread | [global] [air-65f5cf15-3b29-4dae-be8f-2237a8181cbb] USER: auto_answer_2_3
2025-10-28 17:47:36,509 | INFO | MainThread | [air-65f5cf15-3b29-4dae-be8f-2237a8181cbb] STATE=waiting_q2 | USER='auto_answer_2_3'
2025-10-28 17:47:38,970 | INFO | MainThread | [global] [air-65f5cf15-3b29-4dae-be8f-2237a8181cbb] BOT: Have you recently installed any new software or updates?
2025-10-28 17:47:38,971 | INFO | MainThread | [global] [air-38a2b8ab-9af7-4403-a2cf-7fa365b6374d] USER: auto_answer_2_10
2025-10-28 17:47:38,972 | INFO | MainThread | [air-38a2b8ab-9af7-4403-a2cf-7fa365b6374d] STATE=waiting_q2 | USER='auto_answer_2_10'
2025-10-28 17:47:41,640 | INFO | MainThread | [global] [air-38a2b8ab-9af7-4403-a2cf-7fa365b6374d] BOT: Have you tried accessing the shared folder through the web client or desktop app?
2025-10-28 17:47:41,642 | INFO | MainThread | [global] [air-1ebaff13-609b-4138-b0ea-17df45f0f94f] USER: auto_answer_2_4
2025-10-28 17:47:41,642 | INFO | MainThread | [air-1ebaff13-609b-4138-b0ea-17df45f0f94f] STATE=waiting_q2 | USER='auto_answer_2_4'
2025-10-28 17:47:44,118 | INFO | MainThread | [global] [air-1ebaff13-609b-4138-b0ea-17df45f0f94f] BOT: Have you verified the VPN connection logs or error messages?
2025-10-28 17:47:44,119 | INFO | MainThread | [global] [air-a6bf892f-db29-4d39-a4bf-4fb28239edd0] USER: auto_answer_2_1
2025-10-28 17:47:44,119 | INFO | MainThread | [air-a6bf892f-db29-4d39-a4bf-4fb28239edd0] STATE=waiting_q2 | USER='auto_answer_2_1'
2025-10-28 17:47:46,933 | INFO | MainThread | [global] [air-a6bf892f-db29-4d39-a4bf-4fb28239edd0] BOT: Is the device showing a connection signal (e.g., a bar or icon) on the screen?
2025-10-28 17:47:46,934 | INFO | MainThread | [global] [air-21db26b8-8c70-45f7-8d3f-384665e4af96] USER: auto_answer_2_2
2025-10-28 17:47:46,935 | INFO | MainThread | [air-21db26b8-8c70-45f7-8d3f-384665e4af96] STATE=waiting_q2 | USER='auto_answer_2_2'
2025-10-28 17:47:49,643 | INFO | MainThread | [global] [air-21db26b8-8c70-45f7-8d3f-384665e4af96] BOT: Do you have a specific list of users who need D365 access?
2025-10-28 17:47:49,644 | INFO | MainThread | [global] [air-56db71cb-804a-46c3-b643-4a25d7b288bb] USER: auto_answer_2_7
2025-10-28 17:47:49,644 | INFO | MainThread | [air-56db71cb-804a-46c3-b643-4a25d7b288bb] STATE=waiting_q2 | USER='auto_answer_2_7'
2025-10-28 17:47:52,425 | INFO | MainThread | [global] [air-56db71cb-804a-46c3-b643-4a25d7b288bb] BOT: "Has the system been powered on recently, or has it been off for an extended period?"
2025-10-28 17:47:52,427 | INFO | MainThread | [global] [air-60193abe-5a4c-41fd-827f-dc8e53978bb3] USER: auto_answer_1_9
2025-10-28 17:47:52,427 | INFO | MainThread | [air-60193abe-5a4c-41fd-827f-dc8e53978bb3] STATE=waiting_q1 | USER='auto_answer_1_9'
2025-10-28 17:47:54,610 | INFO | MainThread | [global] [air-60193abe-5a4c-41fd-827f-dc8e53978bb3] BOT: Is this affecting your account only or multiple users?
2025-10-28 17:47:54,613 | INFO | MainThread | [global] [air-50412ad1-a0d8-4b6b-a367-23bdfa360d0c] USER: auto_answer_3_6
2025-10-28 17:47:54,614 | INFO | MainThread | [air-50412ad1-a0d8-4b6b-a367-23bdfa360d0c] STATE=waiting_q3 | USER='auto_answer_3_6'
2025-10-28 17:47:54,614 | INFO | MainThread | [global] [air-50412ad1-a0d8-4b6b-a367-23bdfa360d0c] BOT: Please provide some more context or details about the issue, in form of text or screenshots. (optional)
2025-10-28 17:47:54,615 | INFO | MainThread | [global] [air-c967c6d7-dc23-491c-aa49-80ccff46fbaf] USER: auto_answer_3_5
2025-10-28 17:47:54,615 | INFO | MainThread | [air-c967c6d7-dc23-491c-aa49-80ccff46fbaf] STATE=waiting_q3 | USER='auto_answer_3_5'
2025-10-28 17:47:54,615 | INFO | MainThread | [global] [air-c967c6d7-dc23-491c-aa49-80ccff46fbaf] BOT: Please provide some more context or details about the issue, in form of text or screenshots. (optional)
2025-10-28 17:47:54,616 | INFO | MainThread | [global] [air-65f5cf15-3b29-4dae-be8f-2237a8181cbb] USER: auto_answer_3_3
2025-10-28 17:47:54,616 | INFO | MainThread | [air-65f5cf15-3b29-4dae-be8f-2237a8181cbb] STATE=waiting_q3 | USER='auto_answer_3_3'
2025-10-28 17:47:54,616 | INFO | MainThread | [global] [air-65f5cf15-3b29-4dae-be8f-2237a8181cbb] BOT: Please provide some more context or details about the issue, in form of text or screenshots. (optional)
2025-10-28 17:47:54,617 | INFO | MainThread | [global] [air-38a2b8ab-9af7-4403-a2cf-7fa365b6374d] USER: auto_answer_3_10
2025-10-28 17:47:54,617 | INFO | MainThread | [air-38a2b8ab-9af7-4403-a2cf-7fa365b6374d] STATE=waiting_q3 | USER='auto_answer_3_10'
2025-10-28 17:47:54,617 | INFO | MainThread | [global] [air-38a2b8ab-9af7-4403-a2cf-7fa365b6374d] BOT: Please provide some more context or details about the issue, in form of text or screenshots. (optional)
2025-10-28 17:47:54,618 | INFO | MainThread | [global] [air-1ebaff13-609b-4138-b0ea-17df45f0f94f] USER: auto_answer_3_4
2025-10-28 17:47:54,618 | INFO | MainThread | [air-1ebaff13-609b-4138-b0ea-17df45f0f94f] STATE=waiting_q3 | USER='auto_answer_3_4'
2025-10-28 17:47:54,618 | INFO | MainThread | [global] [air-1ebaff13-609b-4138-b0ea-17df45f0f94f] BOT: Please provide some more context or details about the issue, in form of text or screenshots. (optional)
2025-10-28 17:47:54,619 | INFO | MainThread | [global] [air-a6bf892f-db29-4d39-a4bf-4fb28239edd0] USER: auto_answer_3_1
2025-10-28 17:47:54,619 | INFO | MainThread | [air-a6bf892f-db29-4d39-a4bf-4fb28239edd0] STATE=waiting_q3 | USER='auto_answer_3_1'
2025-10-28 17:47:54,619 | INFO | MainThread | [global] [air-a6bf892f-db29-4d39-a4bf-4fb28239edd0] BOT: Please provide some more context or details about the issue, in form of text or screenshots. (optional)
2025-10-28 17:47:54,620 | INFO | MainThread | [global] [air-21db26b8-8c70-45f7-8d3f-384665e4af96] USER: auto_answer_3_2
2025-10-28 17:47:54,620 | INFO | MainThread | [air-21db26b8-8c70-45f7-8d3f-384665e4af96] STATE=waiting_q3 | USER='auto_answer_3_2'
2025-10-28 17:47:54,620 | INFO | MainThread | [global] [air-21db26b8-8c70-45f7-8d3f-384665e4af96] BOT: Please provide some more context or details about the issue, in form of text or screenshots. (optional)
2025-10-28 17:47:54,621 | INFO | MainThread | [global] [air-56db71cb-804a-46c3-b643-4a25d7b288bb] USER: auto_answer_3_7
2025-10-28 17:47:54,621 | INFO | MainThread | [air-56db71cb-804a-46c3-b643-4a25d7b288bb] STATE=waiting_q3 | USER='auto_answer_3_7'
2025-10-28 17:47:54,621 | INFO | MainThread | [global] [air-56db71cb-804a-46c3-b643-4a25d7b288bb] BOT: Please provide some more context or details about the issue, in form of text or screenshots. (optional)
2025-10-28 17:47:54,623 | INFO | MainThread | [global] [air-ebde89b6-2bf1-4a33-bdbb-2afa2185326a] USER: auto_answer_2_8
2025-10-28 17:47:54,623 | INFO | MainThread | [air-ebde89b6-2bf1-4a33-bdbb-2afa2185326a] STATE=waiting_q2 | USER='auto_answer_2_8'
2025-10-28 17:47:57,237 | INFO | MainThread | [global] [air-ebde89b6-2bf1-4a33-bdbb-2afa2185326a] BOT: Have you recently connected the printer to a new network or changed its IP address?
2025-10-28 17:47:57,242 | INFO | MainThread | [global] [air-50412ad1-a0d8-4b6b-a367-23bdfa360d0c] USER: auto_answer_4_6
2025-10-28 17:47:57,243 | INFO | MainThread | [air-50412ad1-a0d8-4b6b-a367-23bdfa360d0c] STATE=waiting_q4 | USER='auto_answer_4_6'
2025-10-28 17:47:57,243 | INFO | MainThread | [global] [air-c967c6d7-dc23-491c-aa49-80ccff46fbaf] USER: auto_answer_4_5
2025-10-28 17:47:57,244 | INFO | MainThread | [air-c967c6d7-dc23-491c-aa49-80ccff46fbaf] STATE=waiting_q4 | USER='auto_answer_4_5'
2025-10-28 17:47:57,245 | INFO | MainThread | [global] [air-65f5cf15-3b29-4dae-be8f-2237a8181cbb] USER: auto_answer_4_3
2025-10-28 17:47:57,246 | INFO | MainThread | [air-65f5cf15-3b29-4dae-be8f-2237a8181cbb] STATE=waiting_q4 | USER='auto_answer_4_3'
2025-10-28 17:47:57,246 | INFO | MainThread | [global] [air-38a2b8ab-9af7-4403-a2cf-7fa365b6374d] USER: auto_answer_4_10
2025-10-28 17:47:57,247 | INFO | MainThread | [air-38a2b8ab-9af7-4403-a2cf-7fa365b6374d] STATE=waiting_q4 | USER='auto_answer_4_10'
2025-10-28 17:47:57,247 | INFO | MainThread | [global] [air-1ebaff13-609b-4138-b0ea-17df45f0f94f] USER: auto_answer_4_4
2025-10-28 17:47:57,248 | INFO | MainThread | [air-1ebaff13-609b-4138-b0ea-17df45f0f94f] STATE=waiting_q4 | USER='auto_answer_4_4'
2025-10-28 17:47:57,249 | INFO | MainThread | [global] [air-a6bf892f-db29-4d39-a4bf-4fb28239edd0] USER: auto_answer_4_1
2025-10-28 17:47:57,249 | INFO | MainThread | [air-a6bf892f-db29-4d39-a4bf-4fb28239edd0] STATE=waiting_q4 | USER='auto_answer_4_1'
2025-10-28 17:47:57,250 | INFO | MainThread | [global] [air-21db26b8-8c70-45f7-8d3f-384665e4af96] USER: auto_answer_4_2
2025-10-28 17:47:57,251 | INFO | MainThread | [air-21db26b8-8c70-45f7-8d3f-384665e4af96] STATE=waiting_q4 | USER='auto_answer_4_2'
2025-10-28 17:47:57,251 | INFO | MainThread | [global] [air-56db71cb-804a-46c3-b643-4a25d7b288bb] USER: auto_answer_4_7
2025-10-28 17:47:57,252 | INFO | MainThread | [air-56db71cb-804a-46c3-b643-4a25d7b288bb] STATE=waiting_q4 | USER='auto_answer_4_7'
2025-10-28 17:47:57,253 | INFO | MainThread | [global] [air-60193abe-5a4c-41fd-827f-dc8e53978bb3] USER: auto_answer_2_9
2025-10-28 17:47:57,254 | INFO | MainThread | [air-60193abe-5a4c-41fd-827f-dc8e53978bb3] STATE=waiting_q2 | USER='auto_answer_2_9'
2025-10-28 17:48:00,050 | INFO | MainThread | [global] [air-60193abe-5a4c-41fd-827f-dc8e53978bb3] BOT: Have you checked if the issue occurs during specific actions, like joining a meeting or sharing screens?
2025-10-28 17:48:00,053 | INFO | MainThread | [global] [air-ebde89b6-2bf1-4a33-bdbb-2afa2185326a] USER: auto_answer_3_8
2025-10-28 17:48:00,055 | INFO | MainThread | [air-ebde89b6-2bf1-4a33-bdbb-2afa2185326a] STATE=waiting_q3 | USER='auto_answer_3_8'
2025-10-28 17:48:00,055 | INFO | MainThread | [global] [air-ebde89b6-2bf1-4a33-bdbb-2afa2185326a] BOT: Please provide some more context or details about the issue, in form of text or screenshots. (optional)
2025-10-28 17:48:01,173 | INFO | MainThread | [global] [air-60193abe-5a4c-41fd-827f-dc8e53978bb3] USER: auto_answer_3_9
2025-10-28 17:48:01,173 | INFO | MainThread | [air-60193abe-5a4c-41fd-827f-dc8e53978bb3] STATE=waiting_q3 | USER='auto_answer_3_9'
2025-10-28 17:48:01,173 | INFO | MainThread | [global] [air-60193abe-5a4c-41fd-827f-dc8e53978bb3] BOT: Please provide some more context or details about the issue, in form of text or screenshots. (optional)
2025-10-28 17:48:01,211 | INFO | MainThread | [air-56db71cb-804a-46c3-b643-4a25d7b288bb] BOT: Ticket creation returned: 401 - {"errorMessages":["You do not have permission to create issues in this project."],"errors":{}}

Your issue has been processed successfully.
You can start a new chat if you'd like to raise another ticket. | NEXT_STATE: final
2025-10-28 17:48:01,211 | INFO | MainThread | [global] [air-56db71cb-804a-46c3-b643-4a25d7b288bb] BOT: Ticket creation returned: 401 - {"errorMessages":["You do not have permission to create issues in this project."],"errors":{}}
2025-10-28 17:48:01,211 | INFO | MainThread | [global] [air-56db71cb-804a-46c3-b643-4a25d7b288bb] ✅ Chat completed.
2025-10-28 17:48:01,216 | INFO | MainThread | [air-38a2b8ab-9af7-4403-a2cf-7fa365b6374d] BOT: Ticket creation returned: 401 - {"errorMessages":["You do not have permission to create issues in this project."],"errors":{}}

Your issue has been processed successfully.
You can start a new chat if you'd like to raise another ticket. | NEXT_STATE: final
2025-10-28 17:48:01,216 | INFO | MainThread | [global] [air-38a2b8ab-9af7-4403-a2cf-7fa365b6374d] BOT: Ticket creation returned: 401 - {"errorMessages":["You do not have permission to create issues in this project."],"errors":{}}
2025-10-28 17:48:01,216 | INFO | MainThread | [global] [air-38a2b8ab-9af7-4403-a2cf-7fa365b6374d] ✅ Chat completed.
2025-10-28 17:48:01,221 | INFO | MainThread | [air-a6bf892f-db29-4d39-a4bf-4fb28239edd0] BOT: Ticket creation returned: 401 - {"errorMessages":["You do not have permission to create issues in this project."],"errors":{}}

Your issue has been processed successfully.
You can start a new chat if you'd like to raise another ticket. | NEXT_STATE: final
2025-10-28 17:48:01,221 | INFO | MainThread | [global] [air-a6bf892f-db29-4d39-a4bf-4fb28239edd0] BOT: Ticket creation returned: 401 - {"errorMessages":["You do not have permission to create issues in this project."],"errors":{}}
2025-10-28 17:48:01,221 | INFO | MainThread | [global] [air-a6bf892f-db29-4d39-a4bf-4fb28239edd0] ✅ Chat completed.
2025-10-28 17:48:01,224 | INFO | MainThread | [air-c967c6d7-dc23-491c-aa49-80ccff46fbaf] BOT: Ticket creation returned: 401 - {"errorMessages":["You do not have permission to create issues in this project."],"errors":{}}

Your issue has been processed successfully.
You can start a new chat if you'd like to raise another ticket. | NEXT_STATE: final
2025-10-28 17:48:01,225 | INFO | MainThread | [global] [air-c967c6d7-dc23-491c-aa49-80ccff46fbaf] BOT: Ticket creation returned: 401 - {"errorMessages":["You do not have permission to create issues in this project."],"errors":{}}
2025-10-28 17:48:01,225 | INFO | MainThread | [global] [air-c967c6d7-dc23-491c-aa49-80ccff46fbaf] ✅ Chat completed.
2025-10-28 17:48:01,228 | INFO | MainThread | [air-50412ad1-a0d8-4b6b-a367-23bdfa360d0c] BOT: Ticket creation returned: 401 - {"errorMessages":["You do not have permission to create issues in this project."],"errors":{}}

Your issue has been processed successfully.
You can start a new chat if you'd like to raise another ticket. | NEXT_STATE: final
2025-10-28 17:48:01,229 | INFO | MainThread | [global] [air-50412ad1-a0d8-4b6b-a367-23bdfa360d0c] BOT: Ticket creation returned: 401 - {"errorMessages":["You do not have permission to create issues in this project."],"errors":{}}
2025-10-28 17:48:01,229 | INFO | MainThread | [global] [air-50412ad1-a0d8-4b6b-a367-23bdfa360d0c] ✅ Chat completed.
2025-10-28 17:48:01,232 | INFO | MainThread | [air-65f5cf15-3b29-4dae-be8f-2237a8181cbb] BOT: Ticket creation returned: 401 - {"errorMessages":["You do not have permission to create issues in this project."],"errors":{}}

Your issue has been processed successfully.
You can start a new chat if you'd like to raise another ticket. | NEXT_STATE: final
2025-10-28 17:48:01,233 | INFO | MainThread | [global] [air-65f5cf15-3b29-4dae-be8f-2237a8181cbb] BOT: Ticket creation returned: 401 - {"errorMessages":["You do not have permission to create issues in this project."],"errors":{}}
2025-10-28 17:48:01,233 | INFO | MainThread | [global] [air-65f5cf15-3b29-4dae-be8f-2237a8181cbb] ✅ Chat completed.
2025-10-28 17:48:01,237 | INFO | MainThread | [air-21db26b8-8c70-45f7-8d3f-384665e4af96] BOT: Ticket creation returned: 401 - {"errorMessages":["You do not have permission to create issues in this project."],"errors":{}}

Your issue has been processed successfully.
You can start a new chat if you'd like to raise another ticket. | NEXT_STATE: final
2025-10-28 17:48:01,237 | INFO | MainThread | [global] [air-21db26b8-8c70-45f7-8d3f-384665e4af96] BOT: Ticket creation returned: 401 - {"errorMessages":["You do not have permission to create issues in this project."],"errors":{}}
2025-10-28 17:48:01,237 | INFO | MainThread | [global] [air-21db26b8-8c70-45f7-8d3f-384665e4af96] ✅ Chat completed.
2025-10-28 17:48:01,271 | INFO | MainThread | [air-1ebaff13-609b-4138-b0ea-17df45f0f94f] BOT: Ticket creation returned: 401 - {"errorMessages":["You do not have permission to create issues in this project."],"errors":{}}

Your issue has been processed successfully.
You can start a new chat if you'd like to raise another ticket. | NEXT_STATE: final
2025-10-28 17:48:01,271 | INFO | MainThread | [global] [air-1ebaff13-609b-4138-b0ea-17df45f0f94f] BOT: Ticket creation returned: 401 - {"errorMessages":["You do not have permission to create issues in this project."],"errors":{}}
2025-10-28 17:48:01,271 | INFO | MainThread | [global] [air-1ebaff13-609b-4138-b0ea-17df45f0f94f] ✅ Chat completed.
2025-10-28 17:48:01,831 | INFO | MainThread | [global] [air-ebde89b6-2bf1-4a33-bdbb-2afa2185326a] USER: auto_answer_4_8
2025-10-28 17:48:01,831 | INFO | MainThread | [air-ebde89b6-2bf1-4a33-bdbb-2afa2185326a] STATE=waiting_q4 | USER='auto_answer_4_8'
2025-10-28 17:48:02,625 | INFO | MainThread | [air-ebde89b6-2bf1-4a33-bdbb-2afa2185326a] BOT: Ticket creation returned: 401 - {"errorMessages":["You do not have permission to create issues in this project."],"errors":{}}

Your issue has been processed successfully.
You can start a new chat if you'd like to raise another ticket. | NEXT_STATE: final
2025-10-28 17:48:02,625 | INFO | MainThread | [global] [air-ebde89b6-2bf1-4a33-bdbb-2afa2185326a] BOT: Ticket creation returned: 401 - {"errorMessages":["You do not have permission to create issues in this project."],"errors":{}}
2025-10-28 17:48:02,625 | INFO | MainThread | [global] [air-ebde89b6-2bf1-4a33-bdbb-2afa2185326a] ✅ Chat completed.
2025-10-28 17:48:02,725 | INFO | MainThread | [global] [air-60193abe-5a4c-41fd-827f-dc8e53978bb3] USER: auto_answer_4_9
2025-10-28 17:48:02,727 | INFO | MainThread | [air-60193abe-5a4c-41fd-827f-dc8e53978bb3] STATE=waiting_q4 | USER='auto_answer_4_9'
2025-10-28 17:48:03,251 | INFO | MainThread | [air-60193abe-5a4c-41fd-827f-dc8e53978bb3] BOT: Ticket creation returned: 401 - {"errorMessages":["You do not have permission to create issues in this project."],"errors":{}}

Your issue has been processed successfully.
You can start a new chat if you'd like to raise another ticket. | NEXT_STATE: final
2025-10-28 17:48:03,251 | INFO | MainThread | [global] [air-60193abe-5a4c-41fd-827f-dc8e53978bb3] BOT: Ticket creation returned: 401 - {"errorMessages":["You do not have permission to create issues in this project."],"errors":{}}
2025-10-28 17:48:03,252 | INFO | MainThread | [global] [air-60193abe-5a4c-41fd-827f-dc8e53978bb3] ✅ Chat completed.
2025-10-28 17:48:11,220 | INFO | ThreadPoolExecutor-1_0 | [global] Session air-56db71cb-804a-46c3-b643-4a25d7b288bb cleaned up after completion.
2025-10-28 17:48:11,220 | INFO | ThreadPoolExecutor-1_1 | [global] Session air-38a2b8ab-9af7-4403-a2cf-7fa365b6374d cleaned up after completion.
2025-10-28 17:48:11,235 | INFO | ThreadPoolExecutor-1_4 | [global] Session air-50412ad1-a0d8-4b6b-a367-23bdfa360d0c cleaned up after completion.
2025-10-28 17:48:11,235 | INFO | ThreadPoolExecutor-1_5 | [global] Session air-65f5cf15-3b29-4dae-be8f-2237a8181cbb cleaned up after completion.
2025-10-28 17:48:11,235 | INFO | ThreadPoolExecutor-1_2 | [global] Session air-a6bf892f-db29-4d39-a4bf-4fb28239edd0 cleaned up after completion.
2025-10-28 17:48:11,235 | INFO | ThreadPoolExecutor-1_3 | [global] Session air-c967c6d7-dc23-491c-aa49-80ccff46fbaf cleaned up after completion.
2025-10-28 17:48:11,250 | INFO | ThreadPoolExecutor-1_6 | [global] Session air-21db26b8-8c70-45f7-8d3f-384665e4af96 cleaned up after completion.
2025-10-28 17:48:11,282 | INFO | ThreadPoolExecutor-1_7 | [global] Session air-1ebaff13-609b-4138-b0ea-17df45f0f94f cleaned up after completion.
2025-10-28 17:48:12,629 | INFO | ThreadPoolExecutor-1_8 | [global] Session air-ebde89b6-2bf1-4a33-bdbb-2afa2185326a cleaned up after completion.
2025-10-28 17:48:13,268 | INFO | ThreadPoolExecutor-1_9 | [global] Session air-60193abe-5a4c-41fd-827f-dc8e53978bb3 cleaned up after completion.
2025-10-28 17:51:29,755 | INFO | MainThread | [global] 🔻 Shutting down API and cleaning sessions...
2025-10-28 17:51:29,755 | INFO | MainThread | [global] ✅ Shutdown cleanup complete.
2025-10-28 17:51:39,134 | INFO | MainThread | [global] 🚀 Starting IT Support Chatbot API...
2025-10-28 17:51:39,135 | INFO | MainThread | [global] ✅ Readiness check passed — env, dataset, and model cache OK.
2025-10-28 17:51:39,135 | INFO | MainThread | [global] 🧠 Preloading SentenceTransformer model asynchronously...
2025-10-28 17:51:40,203 | INFO | MainThread | [global] ✅ Model loaded and cached successfully.
2025-10-28 17:51:40,203 | INFO | MainThread | [global] 🧹 Background cleanup task started.
2025-10-28 17:51:56,946 | INFO | MainThread | [global] 🔻 Shutting down API and cleaning sessions...
2025-10-28 17:51:56,946 | INFO | MainThread | [global] ✅ Shutdown cleanup complete.
2025-10-28 17:52:05,905 | INFO | MainThread | [global] 🚀 Starting IT Support Chatbot API...
2025-10-28 17:52:05,907 | INFO | MainThread | [global] ✅ Readiness check passed — env, dataset, and model cache OK.
2025-10-28 17:52:05,907 | INFO | MainThread | [global] 🧠 Preloading SentenceTransformer model asynchronously...
2025-10-28 17:52:06,574 | INFO | MainThread | [global] ✅ Model loaded and cached successfully.
2025-10-28 17:52:06,574 | INFO | MainThread | [global] 🧹 Background cleanup task started.
2025-10-28 17:54:31,211 | INFO | MainThread | [global] 🔻 Shutting down API and cleaning sessions...
2025-10-28 17:54:31,211 | INFO | MainThread | [global] ✅ Shutdown cleanup complete.
2025-10-28 17:54:40,381 | INFO | MainThread | [global] 🚀 Starting IT Support Chatbot API...
2025-10-28 17:54:40,383 | INFO | MainThread | [global] ✅ Readiness check passed — env, dataset, and model cache OK.
2025-10-28 17:54:40,383 | INFO | MainThread | [global] 🧠 Preloading SentenceTransformer model asynchronously...
2025-10-28 17:54:40,958 | INFO | MainThread | [global] ✅ Model loaded and cached successfully.
2025-10-28 17:54:40,958 | INFO | MainThread | [global] 🧹 Background cleanup task started.
2025-10-28 17:55:08,180 | INFO | MainThread | [global] 🔻 Shutting down API and cleaning sessions...
2025-10-28 17:55:08,181 | INFO | MainThread | [global] ✅ Shutdown cleanup complete.
2025-10-28 17:55:16,931 | INFO | MainThread | [global] 🚀 Starting IT Support Chatbot API...
2025-10-28 17:55:16,933 | INFO | MainThread | [global] ✅ Readiness check passed — env, dataset, and model cache OK.
2025-10-28 17:55:16,933 | INFO | MainThread | [global] 🧠 Preloading SentenceTransformer model asynchronously...
2025-10-28 17:55:17,488 | INFO | MainThread | [global] ✅ Model loaded and cached successfully.
2025-10-28 17:55:17,488 | INFO | MainThread | [global] 🧹 Background cleanup task started.
2025-10-28 17:55:26,657 | INFO | MainThread | [global] 🚀 Starting IT Support Chatbot API...
2025-10-28 17:55:26,658 | INFO | MainThread | [global] ✅ Readiness check passed — env, dataset, and model cache OK.
2025-10-28 17:55:26,659 | INFO | MainThread | [global] 🧠 Preloading SentenceTransformer model asynchronously...
2025-10-28 17:55:27,178 | INFO | MainThread | [global] ✅ Model loaded and cached successfully.
2025-10-28 17:55:27,178 | INFO | MainThread | [global] 🧹 Background cleanup task started.
2025-10-28 17:55:35,807 | INFO | MainThread | [global] 🆕 New session started: air-d6a5eb99-c5f0-4e21-93e8-541763bacc96
2025-10-28 17:55:35,809 | INFO | MainThread | [global] 🆕 New session started: air-ecb33a30-9590-438a-bb35-f1553a122915
2025-10-28 17:55:35,810 | INFO | MainThread | [global] 🆕 New session started: air-995248d6-a797-41cf-ae36-1c741eefb228
2025-10-28 17:55:35,811 | INFO | MainThread | [global] 🆕 New session started: air-891f8e7f-b193-4890-9425-10081b8df09d
2025-10-28 17:55:35,813 | INFO | MainThread | [global] 🆕 New session started: air-521bfb7a-d358-45c7-aa60-9fad936d9e4c
2025-10-28 17:55:35,814 | INFO | MainThread | [global] 🆕 New session started: air-070f20f1-0b34-4488-a698-6c3981f24f4d
2025-10-28 17:55:35,815 | INFO | MainThread | [global] 🆕 New session started: air-344352ca-ca8d-4faf-af18-6fe471fef8d3
2025-10-28 17:55:35,816 | INFO | MainThread | [global] 🆕 New session started: air-13876986-2081-4aaf-9e5e-149a4d173a4a
2025-10-28 17:55:35,817 | INFO | MainThread | [global] 🆕 New session started: air-fc01ba15-c24a-4a54-a232-71747b8c4ff2
2025-10-28 17:55:35,817 | INFO | MainThread | [global] 🆕 New session started: air-58ccbb41-17db-402e-bc3e-dc6e99b7cc10
2025-10-28 17:55:36,710 | INFO | MainThread | [global] [air-58ccbb41-17db-402e-bc3e-dc6e99b7cc10] USER: forgot password for Jira
2025-10-28 17:55:36,743 | INFO | MainThread | [global] [air-344352ca-ca8d-4faf-af18-6fe471fef8d3] USER: email not syncing in Outlook
2025-10-28 17:55:36,960 | INFO | MainThread | [global] [air-521bfb7a-d358-45c7-aa60-9fad936d9e4c] USER: system not booting up
2025-10-28 17:55:37,038 | INFO | MainThread | [global] [air-891f8e7f-b193-4890-9425-10081b8df09d] USER: VPN not connecting
2025-10-28 17:55:37,070 | INFO | MainThread | [global] [air-995248d6-a797-41cf-ae36-1c741eefb228] USER: laptop is running slow
2025-10-28 17:55:37,397 | INFO | MainThread | [global] [air-fc01ba15-c24a-4a54-a232-71747b8c4ff2] USER: printer not detected
2025-10-28 17:55:37,490 | INFO | MainThread | [global] [air-d6a5eb99-c5f0-4e21-93e8-541763bacc96] USER: unable to connect to wifi
2025-10-28 17:55:37,521 | INFO | MainThread | [global] [air-58ccbb41-17db-402e-bc3e-dc6e99b7cc10] Bot is typing...
2025-10-28 17:55:37,521 | INFO | MainThread | [air-58ccbb41-17db-402e-bc3e-dc6e99b7cc10] STATE=waiting_for_query | USER='forgot password for Jira'
2025-10-28 17:55:37,538 | INFO | MainThread | [global] [air-344352ca-ca8d-4faf-af18-6fe471fef8d3] Bot is typing...
2025-10-28 17:55:37,539 | INFO | MainThread | [air-344352ca-ca8d-4faf-af18-6fe471fef8d3] STATE=waiting_for_query | USER='email not syncing in Outlook'
2025-10-28 17:55:37,541 | INFO | MainThread | [global] [air-13876986-2081-4aaf-9e5e-149a4d173a4a] USER: unable to access shared folder
2025-10-28 17:55:37,620 | INFO | MainThread | [global] [air-ecb33a30-9590-438a-bb35-f1553a122915] USER: need access for D365
2025-10-28 17:55:37,712 | INFO | MainThread | [global] [air-070f20f1-0b34-4488-a698-6c3981f24f4d] USER: Teams keeps crashing
2025-10-28 17:55:37,771 | INFO | MainThread | [global] [air-521bfb7a-d358-45c7-aa60-9fad936d9e4c] Bot is typing...
2025-10-28 17:55:37,772 | INFO | MainThread | [air-521bfb7a-d358-45c7-aa60-9fad936d9e4c] STATE=waiting_for_query | USER='system not booting up'
2025-10-28 17:55:37,850 | INFO | MainThread | [global] [air-891f8e7f-b193-4890-9425-10081b8df09d] Bot is typing...
2025-10-28 17:55:37,851 | INFO | MainThread | [air-891f8e7f-b193-4890-9425-10081b8df09d] STATE=waiting_for_query | USER='VPN not connecting'
2025-10-28 17:55:37,881 | INFO | MainThread | [global] [air-995248d6-a797-41cf-ae36-1c741eefb228] Bot is typing...
2025-10-28 17:55:37,882 | INFO | MainThread | [air-995248d6-a797-41cf-ae36-1c741eefb228] STATE=waiting_for_query | USER='laptop is running slow'
2025-10-28 17:55:38,196 | INFO | MainThread | [global] [air-fc01ba15-c24a-4a54-a232-71747b8c4ff2] Bot is typing...
2025-10-28 17:55:38,197 | INFO | MainThread | [air-fc01ba15-c24a-4a54-a232-71747b8c4ff2] STATE=waiting_for_query | USER='printer not detected'
2025-10-28 17:55:38,305 | INFO | MainThread | [global] [air-d6a5eb99-c5f0-4e21-93e8-541763bacc96] Bot is typing...
2025-10-28 17:55:38,307 | INFO | MainThread | [air-d6a5eb99-c5f0-4e21-93e8-541763bacc96] STATE=waiting_for_query | USER='unable to connect to wifi'
2025-10-28 17:55:38,353 | INFO | MainThread | [global] [air-13876986-2081-4aaf-9e5e-149a4d173a4a] Bot is typing...
2025-10-28 17:55:38,355 | INFO | MainThread | [air-13876986-2081-4aaf-9e5e-149a4d173a4a] STATE=waiting_for_query | USER='unable to access shared folder'
2025-10-28 17:55:38,415 | INFO | MainThread | [global] [air-ecb33a30-9590-438a-bb35-f1553a122915] Bot is typing...
2025-10-28 17:55:38,418 | INFO | MainThread | [air-ecb33a30-9590-438a-bb35-f1553a122915] STATE=waiting_for_query | USER='need access for D365'
2025-10-28 17:55:38,519 | INFO | MainThread | [global] [air-070f20f1-0b34-4488-a698-6c3981f24f4d] Bot is typing...
2025-10-28 17:55:38,520 | INFO | MainThread | [air-070f20f1-0b34-4488-a698-6c3981f24f4d] STATE=waiting_for_query | USER='Teams keeps crashing'
2025-10-28 17:55:43,834 | INFO | MainThread | [global] [air-58ccbb41-17db-402e-bc3e-dc6e99b7cc10] BOT: I found these top categories for your issue — please reply with the number (1-3) of the best match:
1. Authentication & MFA
2. Unauthorized Access
3. ERP Access & Permissions
2025-10-28 17:55:44,158 | INFO | MainThread | [global] [air-344352ca-ca8d-4faf-af18-6fe471fef8d3] BOT: I found these top categories for your issue — please reply with the number (1-3) of the best match:
1. Email & Collaboration
2. Data Issues / Schema & Object Changes / Data Sync Failures
3. Mailbox & Group Emails
2025-10-28 17:55:44,198 | INFO | MainThread | [global] [air-13876986-2081-4aaf-9e5e-149a4d173a4a] BOT: I found these top categories for your issue — please reply with the number (1-3) of the best match:
1. Storage & Keys
2. SharePoint / OneDrive
3. SharePoint / OneDrive
2025-10-28 17:55:44,259 | INFO | MainThread | [global] [air-891f8e7f-b193-4890-9425-10081b8df09d] BOT: I found these top categories for your issue — please reply with the number (1-3) of the best match:
1. VPN Access & Connectivity
2. VPN & Remote Access
3. Certificates & DNS
2025-10-28 17:55:44,265 | INFO | MainThread | [global] [air-995248d6-a797-41cf-ae36-1c741eefb228] BOT: I found these top categories for your issue — please reply with the number (1-3) of the best match:
1. Laptop Issues
2. WAN / Internet
3. Network Performance
2025-10-28 17:55:44,266 | INFO | MainThread | [global] [air-fc01ba15-c24a-4a54-a232-71747b8c4ff2] BOT: I found these top categories for your issue — please reply with the number (1-3) of the best match:
1. Printer Issues
2. LAN / Port Issues
3. Laptop Issues
2025-10-28 17:55:44,309 | INFO | MainThread | [global] [air-521bfb7a-d358-45c7-aa60-9fad936d9e4c] BOT: I found these top categories for your issue — please reply with the number (1-3) of the best match:
1. Laptop Issues
2. LAN / Port Issues
3. Asset & Backup
2025-10-28 17:55:44,387 | INFO | MainThread | [global] [air-ecb33a30-9590-438a-bb35-f1553a122915] BOT: I found these top categories for your issue — please reply with the number (1-3) of the best match:
1. External System Interfaces
2. Email & Collaboration
3. Mailbox & Group Emails
2025-10-28 17:55:44,392 | INFO | MainThread | [global] [air-070f20f1-0b34-4488-a698-6c3981f24f4d] BOT: I found these top categories for your issue — please reply with the number (1-3) of the best match:
1. Teams / Voice
2. Wi-Fi Issues
3. General Troubleshooting
2025-10-28 17:55:44,394 | INFO | MainThread | [global] [air-d6a5eb99-c5f0-4e21-93e8-541763bacc96] BOT: I found these top categories for your issue — please reply with the number (1-3) of the best match:
1. Wi-Fi Issues
2. Certificates & DNS
3. VPN Access & Connectivity
2025-10-28 17:55:45,201 | INFO | MainThread | [global] [air-58ccbb41-17db-402e-bc3e-dc6e99b7cc10] USER: 3
2025-10-28 17:55:45,233 | INFO | MainThread | [global] [air-070f20f1-0b34-4488-a698-6c3981f24f4d] USER: 2
2025-10-28 17:55:45,296 | INFO | MainThread | [global] [air-521bfb7a-d358-45c7-aa60-9fad936d9e4c] USER: 2
2025-10-28 17:55:45,485 | INFO | MainThread | [global] [air-d6a5eb99-c5f0-4e21-93e8-541763bacc96] USER: 2
2025-10-28 17:55:45,565 | INFO | MainThread | [global] [air-891f8e7f-b193-4890-9425-10081b8df09d] USER: 2
2025-10-28 17:55:45,565 | INFO | MainThread | [global] [air-995248d6-a797-41cf-ae36-1c741eefb228] USER: 3
2025-10-28 17:55:45,645 | INFO | MainThread | [global] [air-fc01ba15-c24a-4a54-a232-71747b8c4ff2] USER: 2
2025-10-28 17:55:45,646 | INFO | MainThread | [global] [air-ecb33a30-9590-438a-bb35-f1553a122915] USER: 3
2025-10-28 17:55:45,895 | INFO | MainThread | [global] [air-13876986-2081-4aaf-9e5e-149a4d173a4a] USER: 1
2025-10-28 17:55:46,004 | INFO | MainThread | [global] [air-58ccbb41-17db-402e-bc3e-dc6e99b7cc10] Bot is typing...
2025-10-28 17:55:46,004 | INFO | MainThread | [air-58ccbb41-17db-402e-bc3e-dc6e99b7cc10] STATE=waiting_for_category | USER='3'
2025-10-28 17:55:46,027 | INFO | MainThread | [global] [air-58ccbb41-17db-402e-bc3e-dc6e99b7cc10] BOT: <coroutine object ChatLogic.generate_response at 0x000001DF1EC12C70>
2025-10-28 17:55:46,263 | INFO | MainThread | [global] [air-344352ca-ca8d-4faf-af18-6fe471fef8d3] USER: 3
2025-10-28 17:55:46,264 | INFO | MainThread | [global] [air-070f20f1-0b34-4488-a698-6c3981f24f4d] Bot is typing...
2025-10-28 17:55:46,264 | INFO | MainThread | [air-070f20f1-0b34-4488-a698-6c3981f24f4d] STATE=waiting_for_category | USER='2'
2025-10-28 17:55:46,266 | INFO | MainThread | [global] [air-070f20f1-0b34-4488-a698-6c3981f24f4d] BOT: <coroutine object ChatLogic.generate_response at 0x000001DF20A7FF40>
2025-10-28 17:55:46,269 | INFO | MainThread | [global] [air-521bfb7a-d358-45c7-aa60-9fad936d9e4c] Bot is typing...
2025-10-28 17:55:46,269 | INFO | MainThread | [air-521bfb7a-d358-45c7-aa60-9fad936d9e4c] STATE=waiting_for_category | USER='2'
2025-10-28 17:55:46,272 | INFO | MainThread | [global] [air-521bfb7a-d358-45c7-aa60-9fad936d9e4c] BOT: <coroutine object ChatLogic.generate_response at 0x000001DF1B926DC0>
2025-10-28 17:55:46,276 | INFO | MainThread | [global] [air-d6a5eb99-c5f0-4e21-93e8-541763bacc96] Bot is typing...
2025-10-28 17:55:46,276 | INFO | MainThread | [air-d6a5eb99-c5f0-4e21-93e8-541763bacc96] STATE=waiting_for_category | USER='2'
2025-10-28 17:55:46,279 | INFO | MainThread | [global] [air-d6a5eb99-c5f0-4e21-93e8-541763bacc96] BOT: <coroutine object ChatLogic.generate_response at 0x000001DF1B95E340>
2025-10-28 17:55:46,382 | INFO | MainThread | [global] [air-995248d6-a797-41cf-ae36-1c741eefb228] Bot is typing...
2025-10-28 17:55:46,383 | INFO | MainThread | [air-995248d6-a797-41cf-ae36-1c741eefb228] STATE=waiting_for_category | USER='3'
2025-10-28 17:55:46,385 | INFO | MainThread | [global] [air-995248d6-a797-41cf-ae36-1c741eefb228] BOT: <coroutine object ChatLogic.generate_response at 0x000001DF1B927290>
2025-10-28 17:55:46,388 | INFO | MainThread | [global] [air-891f8e7f-b193-4890-9425-10081b8df09d] Bot is typing...
2025-10-28 17:55:46,388 | INFO | MainThread | [air-891f8e7f-b193-4890-9425-10081b8df09d] STATE=waiting_for_category | USER='2'
2025-10-28 17:55:46,390 | INFO | MainThread | [global] [air-891f8e7f-b193-4890-9425-10081b8df09d] BOT: <coroutine object ChatLogic.generate_response at 0x000001DF1B95E8F0>
2025-10-28 17:55:46,446 | INFO | MainThread | [global] [air-ecb33a30-9590-438a-bb35-f1553a122915] Bot is typing...
2025-10-28 17:55:46,446 | INFO | MainThread | [air-ecb33a30-9590-438a-bb35-f1553a122915] STATE=waiting_for_category | USER='3'
2025-10-28 17:55:46,449 | INFO | MainThread | [global] [air-ecb33a30-9590-438a-bb35-f1553a122915] BOT: <coroutine object ChatLogic.generate_response at 0x000001DF1B924040>
2025-10-28 17:55:46,451 | INFO | MainThread | [global] [air-fc01ba15-c24a-4a54-a232-71747b8c4ff2] Bot is typing...
2025-10-28 17:55:46,451 | INFO | MainThread | [air-fc01ba15-c24a-4a54-a232-71747b8c4ff2] STATE=waiting_for_category | USER='2'
2025-10-28 17:55:46,453 | INFO | MainThread | [global] [air-fc01ba15-c24a-4a54-a232-71747b8c4ff2] BOT: <coroutine object ChatLogic.generate_response at 0x000001DF1B95E730>
2025-10-28 17:55:46,712 | INFO | MainThread | [global] [air-13876986-2081-4aaf-9e5e-149a4d173a4a] Bot is typing...
2025-10-28 17:55:46,713 | INFO | MainThread | [air-13876986-2081-4aaf-9e5e-149a4d173a4a] STATE=waiting_for_category | USER='1'
2025-10-28 17:55:46,715 | INFO | MainThread | [global] [air-13876986-2081-4aaf-9e5e-149a4d173a4a] BOT: <coroutine object ChatLogic.generate_response at 0x000001DF1B9274C0>
2025-10-28 17:55:47,075 | INFO | MainThread | [global] [air-344352ca-ca8d-4faf-af18-6fe471fef8d3] Bot is typing...
2025-10-28 17:55:47,075 | INFO | MainThread | [air-344352ca-ca8d-4faf-af18-6fe471fef8d3] STATE=waiting_for_category | USER='3'
2025-10-28 17:55:47,078 | INFO | MainThread | [global] [air-344352ca-ca8d-4faf-af18-6fe471fef8d3] BOT: <coroutine object ChatLogic.generate_response at 0x000001DF1B30F290>
2025-10-28 17:57:57,195 | INFO | MainThread | [global] 🧹 Cleaning stale session air-d6a5eb99-c5f0-4e21-93e8-541763bacc96
2025-10-28 17:57:57,211 | INFO | MainThread | [global] 🧹 Cleaning stale session air-ecb33a30-9590-438a-bb35-f1553a122915
2025-10-28 17:57:57,230 | INFO | MainThread | [global] 🧹 Cleaning stale session air-995248d6-a797-41cf-ae36-1c741eefb228
2025-10-28 17:57:57,246 | INFO | MainThread | [global] 🧹 Cleaning stale session air-891f8e7f-b193-4890-9425-10081b8df09d
2025-10-28 17:57:57,261 | INFO | MainThread | [global] 🧹 Cleaning stale session air-521bfb7a-d358-45c7-aa60-9fad936d9e4c
2025-10-28 17:57:57,276 | INFO | MainThread | [global] 🧹 Cleaning stale session air-070f20f1-0b34-4488-a698-6c3981f24f4d
2025-10-28 17:57:57,289 | INFO | MainThread | [global] 🧹 Cleaning stale session air-344352ca-ca8d-4faf-af18-6fe471fef8d3
2025-10-28 17:57:57,303 | INFO | MainThread | [global] 🧹 Cleaning stale session air-13876986-2081-4aaf-9e5e-149a4d173a4a
2025-10-28 17:57:57,316 | INFO | MainThread | [global] 🧹 Cleaning stale session air-fc01ba15-c24a-4a54-a232-71747b8c4ff2
2025-10-28 17:57:57,328 | INFO | MainThread | [global] 🧹 Cleaning stale session air-58ccbb41-17db-402e-bc3e-dc6e99b7cc10
2025-10-28 18:02:11,283 | INFO | MainThread | [global] 🔻 Shutting down API and cleaning sessions...
2025-10-28 18:02:11,283 | INFO | MainThread | [global] ✅ Shutdown cleanup complete.
2025-10-28 18:02:20,111 | INFO | MainThread | [global] 🚀 Starting IT Support Chatbot API...
2025-10-28 18:02:20,113 | INFO | MainThread | [global] ✅ Readiness check passed — env, dataset, and model cache OK.
2025-10-28 18:02:20,113 | INFO | MainThread | [global] 🧠 Preloading SentenceTransformer model asynchronously...
2025-10-28 18:02:21,360 | INFO | MainThread | [global] ✅ Model loaded and cached successfully.
2025-10-28 18:02:21,360 | INFO | MainThread | [global] 🧹 Background cleanup task started.
2025-10-28 18:03:54,974 | INFO | MainThread | [global] 🔻 Shutting down API and cleaning sessions...
2025-10-28 18:03:54,974 | INFO | MainThread | [global] ✅ Shutdown cleanup complete.
2025-10-28 18:04:03,972 | INFO | MainThread | [global] 🚀 Starting IT Support Chatbot API...
2025-10-28 18:04:03,973 | INFO | MainThread | [global] ✅ Readiness check passed — env, dataset, and model cache OK.
2025-10-28 18:04:03,974 | INFO | MainThread | [global] 🧠 Preloading SentenceTransformer model asynchronously...
2025-10-28 18:04:04,626 | INFO | MainThread | [global] ✅ Model loaded and cached successfully.
2025-10-28 18:04:04,627 | INFO | MainThread | [global] 🧹 Background cleanup task started.
2025-10-28 18:12:07,714 | INFO | MainThread | [global] 🔻 Shutting down API and cleaning sessions...
2025-10-28 18:12:07,714 | INFO | MainThread | [global] ✅ Shutdown cleanup complete.
2025-10-28 18:12:17,862 | INFO | MainThread | [global] 🚀 Starting IT Support Chatbot API...
2025-10-28 18:12:17,864 | INFO | MainThread | [global] ✅ Readiness check passed — env, dataset, and model cache OK.
2025-10-28 18:12:17,864 | INFO | MainThread | [global] 🧠 Preloading SentenceTransformer model asynchronously...
2025-10-28 18:12:55,422 | INFO | 🚀 Starting IT Support Chatbot API...
2025-10-28 18:12:55,424 | INFO | ✅ Readiness check passed — env, dataset, and model cache OK.
2025-10-28 18:12:55,424 | INFO | 🧠 Preloading SentenceTransformer model asynchronously...
2025-10-28 18:13:26,632 | INFO | 🚀 Starting IT Support Chatbot API...
2025-10-28 18:13:26,634 | INFO | ✅ Readiness check passed — env, dataset, and model cache OK.
2025-10-28 18:13:26,634 | INFO | 🧠 Preloading SentenceTransformer model asynchronously...
2025-10-28 18:13:42,849 | INFO | 🚀 Starting IT Support Chatbot API...
2025-10-28 18:13:42,851 | INFO | ✅ Readiness check passed — env, dataset, and model cache OK.
2025-10-28 18:13:42,851 | INFO | 🧠 Preloading SentenceTransformer model asynchronously...
2025-10-28 18:13:58,145 | INFO | 🚀 Starting IT Support Chatbot API...
2025-10-28 18:13:58,147 | INFO | ✅ Readiness check passed — env, dataset, and model cache OK.
2025-10-28 18:13:58,147 | INFO | 🧠 Preloading SentenceTransformer model asynchronously...
2025-10-28 18:16:44,810 | INFO | 🚀 Starting IT Support Chatbot API...
2025-10-28 18:16:44,812 | INFO | ✅ Readiness check passed — env, dataset, and model cache OK.
2025-10-28 18:16:44,812 | INFO | 🧠 Preloading SentenceTransformer model asynchronously...
2025-10-28 18:16:45,346 | INFO | ✅ Model loaded and cached successfully.
2025-10-28 18:16:45,346 | INFO | 🧹 Background cleanup task started.
2025-10-28 18:16:57,743 | INFO | 🔻 Shutting down API and cleaning sessions...
2025-10-28 18:16:57,743 | INFO | ✅ Shutdown cleanup complete.
2025-10-28 18:17:07,446 | INFO | 🚀 Starting IT Support Chatbot API...
2025-10-28 18:17:07,448 | INFO | ✅ Readiness check passed — env, dataset, and model cache OK.
2025-10-28 18:17:07,448 | INFO | 🧠 Preloading SentenceTransformer model asynchronously...
2025-10-28 18:17:07,901 | INFO | ✅ Model loaded and cached successfully.
2025-10-28 18:17:07,901 | INFO | 🧹 Background cleanup task started.
2025-10-28 18:17:09,436 | INFO | 🔻 Shutting down API and cleaning sessions...
2025-10-28 18:17:09,437 | INFO | ✅ Shutdown cleanup complete.
2025-10-28 18:17:18,852 | INFO | 🚀 Starting IT Support Chatbot API...
2025-10-28 18:17:18,854 | INFO | ✅ Readiness check passed — env, dataset, and model cache OK.
2025-10-28 18:17:18,854 | INFO | 🧠 Preloading SentenceTransformer model asynchronously...
2025-10-28 18:17:19,293 | INFO | ✅ Model loaded and cached successfully.
2025-10-28 18:17:19,293 | INFO | 🧹 Background cleanup task started.
2025-10-28 18:17:26,859 | INFO | 🔻 Shutting down API and cleaning sessions...
2025-10-28 18:17:26,859 | INFO | ✅ Shutdown cleanup complete.
2025-10-28 18:17:36,897 | INFO | 🚀 Starting IT Support Chatbot API...
2025-10-28 18:17:36,899 | INFO | ✅ Readiness check passed — env, dataset, and model cache OK.
2025-10-28 18:17:36,899 | INFO | 🧠 Preloading SentenceTransformer model asynchronously...
2025-10-28 18:17:37,419 | INFO | ✅ Model loaded and cached successfully.
2025-10-28 18:17:37,419 | INFO | 🧹 Background cleanup task started.
2025-10-28 18:17:38,842 | INFO | 🔻 Shutting down API and cleaning sessions...
2025-10-28 18:17:38,842 | INFO | ✅ Shutdown cleanup complete.
2025-10-28 18:17:48,619 | INFO | 🚀 Starting IT Support Chatbot API...
2025-10-28 18:17:48,621 | INFO | ✅ Readiness check passed — env, dataset, and model cache OK.
2025-10-28 18:17:48,621 | INFO | 🧠 Preloading SentenceTransformer model asynchronously...
2025-10-28 18:17:49,263 | INFO | ✅ Model loaded and cached successfully.
2025-10-28 18:17:49,263 | INFO | 🧹 Background cleanup task started.
2025-10-28 18:17:51,352 | INFO | 🔻 Shutting down API and cleaning sessions...
2025-10-28 18:17:51,352 | INFO | ✅ Shutdown cleanup complete.
2025-10-28 18:18:00,874 | INFO | 🚀 Starting IT Support Chatbot API...
2025-10-28 18:18:00,876 | INFO | ✅ Readiness check passed — env, dataset, and model cache OK.
2025-10-28 18:18:00,876 | INFO | 🧠 Preloading SentenceTransformer model asynchronously...
2025-10-28 18:18:01,465 | INFO | ✅ Model loaded and cached successfully.
2025-10-28 18:18:01,465 | INFO | 🧹 Background cleanup task started.
2025-10-28 18:18:08,695 | INFO | 🔻 Shutting down API and cleaning sessions...
2025-10-28 18:18:08,696 | INFO | ✅ Shutdown cleanup complete.
2025-10-28 18:18:18,053 | INFO | 🚀 Starting IT Support Chatbot API...
2025-10-28 18:18:18,055 | INFO | ✅ Readiness check passed — env, dataset, and model cache OK.
2025-10-28 18:18:18,055 | INFO | 🧠 Preloading SentenceTransformer model asynchronously...
2025-10-28 18:18:18,858 | INFO | ✅ Model loaded and cached successfully.
2025-10-28 18:18:18,858 | INFO | 🧹 Background cleanup task started.
2025-10-28 18:18:26,421 | INFO | 🔻 Shutting down API and cleaning sessions...
2025-10-28 18:18:26,421 | INFO | ✅ Shutdown cleanup complete.
2025-10-28 18:18:35,515 | INFO | 🚀 Starting IT Support Chatbot API...
2025-10-28 18:18:35,517 | INFO | ✅ Readiness check passed — env, dataset, and model cache OK.
2025-10-28 18:18:35,517 | INFO | 🧠 Preloading SentenceTransformer model asynchronously...
2025-10-28 18:18:36,183 | INFO | ✅ Model loaded and cached successfully.
2025-10-28 18:18:36,183 | INFO | 🧹 Background cleanup task started.
2025-10-28 18:21:40,899 | INFO | 🔻 Shutting down API and cleaning sessions...
2025-10-28 18:21:40,899 | INFO | ✅ Shutdown cleanup complete.
2025-10-28 18:21:50,316 | INFO | 🚀 Starting IT Support Chatbot API...
2025-10-28 18:21:50,318 | INFO | ✅ Readiness check passed — env, dataset, and model cache OK.
2025-10-28 18:21:50,318 | INFO | 🧠 Preloading SentenceTransformer model asynchronously...
2025-10-28 18:21:50,851 | INFO | ✅ Model loaded and cached successfully.
2025-10-28 18:21:50,851 | INFO | 🧹 Background cleanup task started.
2025-10-28 18:23:46,922 | INFO | 🔻 Shutting down API and cleaning sessions...
2025-10-28 18:23:46,922 | INFO | ✅ Shutdown cleanup complete.
2025-10-28 18:23:56,971 | INFO | 🚀 Starting IT Support Chatbot API (async version)...
2025-10-28 18:23:56,972 | INFO | ✅ Readiness check passed — environment and dataset OK.
2025-10-28 18:23:56,972 | INFO | 🧹 Background cleanup task started.
2025-10-28 18:23:56,975 | ERROR | ❌ Session init failed: asyncio.run() cannot be called from a running event loop
Traceback (most recent call last):
  File "D:\AIR-DATA\Prototype\api_server.py", line 125, in start_chat
    logic = ChatLogic()
  File "D:\AIR-DATA\Prototype\src\logic.py", line 84, in __init__
    self.model = self._get_sentence_model()
  File "D:\AIR-DATA\Prototype\src\logic.py", line 94, in _get_sentence_model
    return asyncio.run(cls._load_or_cache_model())
  File "C:\Users\kanha\AppData\Local\Programs\Python\Python310\lib\asyncio\runners.py", line 33, in run
    raise RuntimeError(
RuntimeError: asyncio.run() cannot be called from a running event loop
2025-10-28 18:25:42,116 | INFO | 🔻 Shutting down API...
2025-10-28 18:25:42,116 | INFO | ✅ Shutdown cleanup complete.
2025-10-28 18:25:51,037 | INFO | 🚀 Starting IT Support Chatbot API (async version)...
2025-10-28 18:25:51,039 | INFO | ✅ Readiness check passed — environment and dataset OK.
2025-10-28 18:25:51,039 | INFO | 🧹 Background cleanup task started.
2025-10-28 18:26:03,470 | ERROR | ❌ Session init failed: asyncio.run() cannot be called from a running event loop
Traceback (most recent call last):
  File "D:\AIR-DATA\Prototype\api_server.py", line 125, in start_chat
    logic = ChatLogic()
  File "D:\AIR-DATA\Prototype\src\logic.py", line 84, in __init__
    self.model = self._get_sentence_model()
  File "D:\AIR-DATA\Prototype\src\logic.py", line 94, in _get_sentence_model
    return asyncio.run(cls._load_or_cache_model())
  File "C:\Users\kanha\AppData\Local\Programs\Python\Python310\lib\asyncio\runners.py", line 33, in run
    raise RuntimeError(
RuntimeError: asyncio.run() cannot be called from a running event loop
2025-10-28 18:28:00,355 | INFO | 🔻 Shutting down API...
2025-10-28 18:28:00,355 | INFO | ✅ Shutdown cleanup complete.
2025-10-28 18:28:09,138 | INFO | 🚀 Starting IT Support Chatbot API (async version)...
2025-10-28 18:28:09,140 | INFO | ✅ Readiness check passed — environment and dataset OK.
2025-10-28 18:28:09,140 | INFO | 🧹 Background cleanup task started.
2025-10-28 18:28:33,603 | ERROR | ❌ Session init failed: asyncio.run() cannot be called from a running event loop
Traceback (most recent call last):
  File "D:\AIR-DATA\Prototype\api_server.py", line 125, in start_chat
    logic = ChatLogic()
  File "D:\AIR-DATA\Prototype\src\logic.py", line 84, in __init__
    self.model = self._get_sentence_model()
  File "D:\AIR-DATA\Prototype\src\logic.py", line 94, in _get_sentence_model
    return asyncio.run(cls._load_or_cache_model())
  File "C:\Users\kanha\AppData\Local\Programs\Python\Python310\lib\asyncio\runners.py", line 33, in run
    raise RuntimeError(
RuntimeError: asyncio.run() cannot be called from a running event loop
2025-10-28 18:28:55,785 | INFO | 🔻 Shutting down API...
2025-10-28 18:28:55,786 | INFO | ✅ Shutdown cleanup complete.
2025-10-28 18:29:05,628 | INFO | 🚀 Starting IT Support Chatbot API (async version)...
2025-10-28 18:29:05,631 | INFO | ✅ Readiness check passed — environment and dataset OK.
2025-10-28 18:29:05,631 | INFO | 🧹 Background cleanup task started.
2025-10-28 18:29:17,395 | INFO | 🔻 Shutting down API...
2025-10-28 18:29:17,395 | INFO | ✅ Shutdown cleanup complete.
2025-10-28 18:29:26,875 | INFO | MainThread | [global] 🚀 Starting IT Support Chatbot API (async version)...
2025-10-28 18:29:26,878 | INFO | MainThread | [global] ✅ Readiness check passed — environment and dataset OK.
2025-10-28 18:29:26,878 | INFO | MainThread | [global] 🧹 Background cleanup task started.
2025-10-28 18:29:27,529 | INFO | MainThread | [global] 🆕 New session started: air-dfd777dd-52b2-436c-aacb-0b139d426489
2025-10-28 18:29:45,362 | INFO | MainThread | [global] 🆕 New session started: air-d394d0f1-24d5-47a0-a71c-2de63315208f
2025-10-28 18:29:45,363 | INFO | MainThread | [global] 🆕 New session started: air-2f819520-8b8a-43c2-aed7-7956ecc101ac
2025-10-28 18:29:45,365 | INFO | MainThread | [global] 🆕 New session started: air-c722a403-2175-40b4-98ac-1132eab6d5ce
2025-10-28 18:29:45,366 | INFO | MainThread | [global] 🆕 New session started: air-82d28504-8cce-487d-a850-08c0b45ae7d5
2025-10-28 18:29:45,367 | INFO | MainThread | [global] 🆕 New session started: air-57eee173-59bd-449c-ac9c-4718f6570662
2025-10-28 18:29:45,368 | INFO | MainThread | [global] 🆕 New session started: air-fab8c645-7b11-46bf-b3e9-53632e3ba976
2025-10-28 18:29:45,370 | INFO | MainThread | [global] 🆕 New session started: air-b1628655-4b07-46a3-be16-605d1388ba15
2025-10-28 18:29:45,371 | INFO | MainThread | [global] 🆕 New session started: air-e80af4e2-a396-47b2-a05d-0c6322f873f7
2025-10-28 18:29:45,372 | INFO | MainThread | [global] 🆕 New session started: air-6a083182-829f-4922-98fb-9d1ad95f0982
2025-10-28 18:29:45,372 | INFO | MainThread | [global] 🆕 New session started: air-e3ccd17b-0381-43ce-b738-991c77a0a144
2025-10-28 18:29:46,321 | INFO | MainThread | [global] [air-82d28504-8cce-487d-a850-08c0b45ae7d5] USER: VPN not connecting
2025-10-28 18:29:46,321 | INFO | MainThread | [air-82d28504-8cce-487d-a850-08c0b45ae7d5] STATE=waiting_for_query | USER='VPN not connecting'
2025-10-28 18:29:46,467 | INFO | MainThread | [global] [air-e80af4e2-a396-47b2-a05d-0c6322f873f7] USER: unable to access shared folder
2025-10-28 18:29:46,468 | INFO | MainThread | [air-e80af4e2-a396-47b2-a05d-0c6322f873f7] STATE=waiting_for_query | USER='unable to access shared folder'
2025-10-28 18:29:46,562 | INFO | MainThread | [global] [air-e3ccd17b-0381-43ce-b738-991c77a0a144] USER: laptop is running slow
2025-10-28 18:29:46,562 | INFO | MainThread | [air-e3ccd17b-0381-43ce-b738-991c77a0a144] STATE=waiting_for_query | USER='laptop is running slow'
2025-10-28 18:29:46,595 | INFO | MainThread | [global] [air-b1628655-4b07-46a3-be16-605d1388ba15] USER: printer not detected
2025-10-28 18:29:46,595 | INFO | MainThread | [air-b1628655-4b07-46a3-be16-605d1388ba15] STATE=waiting_for_query | USER='printer not detected'
2025-10-28 18:29:46,725 | INFO | MainThread | [global] [air-d394d0f1-24d5-47a0-a71c-2de63315208f] USER: unable to connect to wifi
2025-10-28 18:29:46,725 | INFO | MainThread | [air-d394d0f1-24d5-47a0-a71c-2de63315208f] STATE=waiting_for_query | USER='unable to connect to wifi'
2025-10-28 18:29:46,754 | INFO | MainThread | [global] [air-2f819520-8b8a-43c2-aed7-7956ecc101ac] USER: need access for D365
2025-10-28 18:29:46,756 | INFO | MainThread | [air-2f819520-8b8a-43c2-aed7-7956ecc101ac] STATE=waiting_for_query | USER='need access for D365'
2025-10-28 18:29:46,868 | INFO | MainThread | [global] [air-57eee173-59bd-449c-ac9c-4718f6570662] USER: system not booting up
2025-10-28 18:29:46,874 | INFO | MainThread | [air-57eee173-59bd-449c-ac9c-4718f6570662] STATE=waiting_for_query | USER='system not booting up'
2025-10-28 18:29:46,900 | INFO | MainThread | [global] [air-6a083182-829f-4922-98fb-9d1ad95f0982] USER: forgot password for Jira
2025-10-28 18:29:46,905 | INFO | MainThread | [air-6a083182-829f-4922-98fb-9d1ad95f0982] STATE=waiting_for_query | USER='forgot password for Jira'
2025-10-28 18:29:46,962 | INFO | MainThread | [global] [air-c722a403-2175-40b4-98ac-1132eab6d5ce] USER: email not syncing in Outlook
2025-10-28 18:29:46,963 | INFO | MainThread | [air-c722a403-2175-40b4-98ac-1132eab6d5ce] STATE=waiting_for_query | USER='email not syncing in Outlook'
2025-10-28 18:29:47,340 | INFO | MainThread | [global] [air-fab8c645-7b11-46bf-b3e9-53632e3ba976] USER: Teams keeps crashing
2025-10-28 18:29:47,341 | INFO | MainThread | [air-fab8c645-7b11-46bf-b3e9-53632e3ba976] STATE=waiting_for_query | USER='Teams keeps crashing'
2025-10-28 18:29:51,412 | INFO | MainThread | [global] [air-82d28504-8cce-487d-a850-08c0b45ae7d5] BOT: I found these top categories for your issue — please reply with the number (1-3) of the best match:
1. VPN Access & Connectivity
2. VPN & Remote Access
3. Certificates & DNS
2025-10-28 18:29:51,799 | INFO | MainThread | [global] [air-b1628655-4b07-46a3-be16-605d1388ba15] BOT: I found these top categories for your issue — please reply with the number (1-3) of the best match:
1. Printer Issues
2. LAN / Port Issues
3. Laptop Issues
2025-10-28 18:29:51,966 | INFO | MainThread | [global] [air-d394d0f1-24d5-47a0-a71c-2de63315208f] BOT: I found these top categories for your issue — please reply with the number (1-3) of the best match:
1. Wi-Fi Issues
2. Certificates & DNS
3. VPN Access & Connectivity
2025-10-28 18:29:52,104 | INFO | MainThread | [global] [air-6a083182-829f-4922-98fb-9d1ad95f0982] BOT: I found these top categories for your issue — please reply with the number (1-3) of the best match:
1. Authentication & MFA
2. Unauthorized Access
3. ERP Access & Permissions
2025-10-28 18:29:52,383 | INFO | MainThread | [global] [air-82d28504-8cce-487d-a850-08c0b45ae7d5] USER: 1
2025-10-28 18:29:52,383 | INFO | MainThread | [air-82d28504-8cce-487d-a850-08c0b45ae7d5] STATE=waiting_for_category | USER='1'
2025-10-28 18:29:54,173 | INFO | MainThread | [global] [air-82d28504-8cce-487d-a850-08c0b45ae7d5] BOT: Is it connecting to any network?
2025-10-28 18:29:54,176 | INFO | MainThread | [global] [air-57eee173-59bd-449c-ac9c-4718f6570662] BOT: I found these top categories for your issue — please reply with the number (1-3) of the best match:
1. Laptop Issues
2. LAN / Port Issues
3. Asset & Backup
2025-10-28 18:29:54,177 | INFO | MainThread | [global] [air-fab8c645-7b11-46bf-b3e9-53632e3ba976] BOT: I found these top categories for your issue — please reply with the number (1-3) of the best match:
1. Teams / Voice
2. Wi-Fi Issues
3. General Troubleshooting
2025-10-28 18:29:54,178 | INFO | MainThread | [global] [air-e3ccd17b-0381-43ce-b738-991c77a0a144] BOT: I found these top categories for your issue — please reply with the number (1-3) of the best match:
1. Laptop Issues
2. WAN / Internet
3. Network Performance
2025-10-28 18:29:54,180 | INFO | MainThread | [global] [air-e80af4e2-a396-47b2-a05d-0c6322f873f7] BOT: I found these top categories for your issue — please reply with the number (1-3) of the best match:
1. Storage & Keys
2. SharePoint / OneDrive
3. SharePoint / OneDrive
2025-10-28 18:29:54,181 | INFO | MainThread | [global] [air-2f819520-8b8a-43c2-aed7-7956ecc101ac] BOT: I found these top categories for your issue — please reply with the number (1-3) of the best match:
1. External System Interfaces
2. Email & Collaboration
3. Mailbox & Group Emails
2025-10-28 18:29:54,182 | INFO | MainThread | [global] [air-c722a403-2175-40b4-98ac-1132eab6d5ce] BOT: I found these top categories for your issue — please reply with the number (1-3) of the best match:
1. Email & Collaboration
2. Data Issues / Schema & Object Changes / Data Sync Failures
3. Mailbox & Group Emails
2025-10-28 18:29:54,184 | INFO | MainThread | [global] [air-b1628655-4b07-46a3-be16-605d1388ba15] USER: 3
2025-10-28 18:29:54,184 | INFO | MainThread | [air-b1628655-4b07-46a3-be16-605d1388ba15] STATE=waiting_for_category | USER='3'
2025-10-28 18:29:55,888 | INFO | MainThread | [global] [air-b1628655-4b07-46a3-be16-605d1388ba15] BOT: Is the printer connected?
2025-10-28 18:29:55,890 | INFO | MainThread | [global] [air-d394d0f1-24d5-47a0-a71c-2de63315208f] USER: 3
2025-10-28 18:29:55,890 | INFO | MainThread | [air-d394d0f1-24d5-47a0-a71c-2de63315208f] STATE=waiting_for_category | USER='3'
2025-10-28 18:29:57,626 | INFO | MainThread | [global] [air-d394d0f1-24d5-47a0-a71c-2de63315208f] BOT: Is your router turning on?
2025-10-28 18:29:57,628 | INFO | MainThread | [global] [air-6a083182-829f-4922-98fb-9d1ad95f0982] USER: 2
2025-10-28 18:29:57,628 | INFO | MainThread | [air-6a083182-829f-4922-98fb-9d1ad95f0982] STATE=waiting_for_category | USER='2'
2025-10-28 18:29:59,544 | INFO | MainThread | [global] [air-6a083182-829f-4922-98fb-9d1ad95f0982] BOT: Is it for your personal account?
2025-10-28 18:29:59,547 | INFO | MainThread | [global] [air-c722a403-2175-40b4-98ac-1132eab6d5ce] USER: 1
2025-10-28 18:29:59,547 | INFO | MainThread | [air-c722a403-2175-40b4-98ac-1132eab6d5ce] STATE=waiting_for_category | USER='1'
2025-10-28 18:30:01,370 | INFO | MainThread | [global] [air-c722a403-2175-40b4-98ac-1132eab6d5ce] BOT: Is it syncing with a specific account?
2025-10-28 18:30:01,372 | INFO | MainThread | [global] [air-82d28504-8cce-487d-a850-08c0b45ae7d5] USER: auto_answer_1_4
2025-10-28 18:30:01,372 | INFO | MainThread | [air-82d28504-8cce-487d-a850-08c0b45ae7d5] STATE=waiting_q1 | USER='auto_answer_1_4'
2025-10-28 18:30:03,434 | INFO | MainThread | [global] [air-82d28504-8cce-487d-a850-08c0b45ae7d5] BOT: Is this affecting multiple users?
2025-10-28 18:30:03,435 | INFO | MainThread | [global] [air-57eee173-59bd-449c-ac9c-4718f6570662] USER: 3
2025-10-28 18:30:03,436 | INFO | MainThread | [air-57eee173-59bd-449c-ac9c-4718f6570662] STATE=waiting_for_category | USER='3'
2025-10-28 18:30:05,110 | INFO | MainThread | [global] [air-57eee173-59bd-449c-ac9c-4718f6570662] BOT: Is it showing an error message?
2025-10-28 18:30:05,111 | INFO | MainThread | [global] [air-fab8c645-7b11-46bf-b3e9-53632e3ba976] USER: 2
2025-10-28 18:30:05,111 | INFO | MainThread | [air-fab8c645-7b11-46bf-b3e9-53632e3ba976] STATE=waiting_for_category | USER='2'
2025-10-28 18:30:06,831 | INFO | MainThread | [global] [air-fab8c645-7b11-46bf-b3e9-53632e3ba976] BOT: Is it crashing when you open a specific app?
2025-10-28 18:30:06,832 | INFO | MainThread | [global] [air-d394d0f1-24d5-47a0-a71c-2de63315208f] USER: auto_answer_1_1
2025-10-28 18:30:06,833 | INFO | MainThread | [air-d394d0f1-24d5-47a0-a71c-2de63315208f] STATE=waiting_q1 | USER='auto_answer_1_1'
2025-10-28 18:30:08,927 | INFO | MainThread | [global] [air-d394d0f1-24d5-47a0-a71c-2de63315208f] BOT: Is the router showing a solid light?
2025-10-28 18:30:08,929 | INFO | MainThread | [global] [air-b1628655-4b07-46a3-be16-605d1388ba15] USER: auto_answer_1_8
2025-10-28 18:30:08,929 | INFO | MainThread | [air-b1628655-4b07-46a3-be16-605d1388ba15] STATE=waiting_q1 | USER='auto_answer_1_8'
2025-10-28 18:30:10,837 | INFO | MainThread | [global] [air-b1628655-4b07-46a3-be16-605d1388ba15] BOT: Does the printer turn on?
2025-10-28 18:30:10,838 | INFO | MainThread | [global] [air-2f819520-8b8a-43c2-aed7-7956ecc101ac] USER: 3
2025-10-28 18:30:10,839 | INFO | MainThread | [air-2f819520-8b8a-43c2-aed7-7956ecc101ac] STATE=waiting_for_category | USER='3'
2025-10-28 18:30:12,774 | INFO | MainThread | [global] [air-2f819520-8b8a-43c2-aed7-7956ecc101ac] BOT: Do you need D365 app access or data view access?
2025-10-28 18:30:12,775 | INFO | MainThread | [global] [air-e80af4e2-a396-47b2-a05d-0c6322f873f7] USER: 2
2025-10-28 18:30:12,775 | INFO | MainThread | [air-e80af4e2-a396-47b2-a05d-0c6322f873f7] STATE=waiting_for_category | USER='2'
2025-10-28 18:30:14,520 | INFO | MainThread | [global] [air-e80af4e2-a396-47b2-a05d-0c6322f873f7] BOT: Can you access it from your device?
2025-10-28 18:30:14,522 | INFO | MainThread | [global] [air-e3ccd17b-0381-43ce-b738-991c77a0a144] USER: 3
2025-10-28 18:30:14,522 | INFO | MainThread | [air-e3ccd17b-0381-43ce-b738-991c77a0a144] STATE=waiting_for_category | USER='3'
2025-10-28 18:30:16,713 | INFO | MainThread | [global] [air-e3ccd17b-0381-43ce-b738-991c77a0a144] BOT: Is it just the laptop, or does it happen on other devices too?
2025-10-28 18:30:16,718 | INFO | MainThread | [global] [air-c722a403-2175-40b4-98ac-1132eab6d5ce] USER: auto_answer_1_5
2025-10-28 18:30:16,718 | INFO | MainThread | [air-c722a403-2175-40b4-98ac-1132eab6d5ce] STATE=waiting_q1 | USER='auto_answer_1_5'
2025-10-28 18:30:19,353 | INFO | MainThread | [global] [air-c722a403-2175-40b4-98ac-1132eab6d5ce] BOT: Is this affecting only one mailbox or multiple users?
2025-10-28 18:30:19,354 | INFO | MainThread | [global] [air-82d28504-8cce-487d-a850-08c0b45ae7d5] USER: auto_answer_2_4
2025-10-28 18:30:19,355 | INFO | MainThread | [air-82d28504-8cce-487d-a850-08c0b45ae7d5] STATE=waiting_q2 | USER='auto_answer_2_4'
2025-10-28 18:30:22,144 | INFO | MainThread | [global] [air-82d28504-8cce-487d-a850-08c0b45ae7d5] BOT: Have you tried restarting the VPN client or the device?
2025-10-28 18:30:22,145 | INFO | MainThread | [global] [air-57eee173-59bd-449c-ac9c-4718f6570662] USER: auto_answer_1_7
2025-10-28 18:30:22,146 | INFO | MainThread | [air-57eee173-59bd-449c-ac9c-4718f6570662] STATE=waiting_q1 | USER='auto_answer_1_7'
2025-10-28 18:30:24,430 | INFO | MainThread | [global] [air-57eee173-59bd-449c-ac9c-4718f6570662] BOT: Is it a single system or multiple systems?
2025-10-28 18:30:24,432 | INFO | MainThread | [global] [air-fab8c645-7b11-46bf-b3e9-53632e3ba976] USER: auto_answer_1_9
2025-10-28 18:30:24,432 | INFO | MainThread | [air-fab8c645-7b11-46bf-b3e9-53632e3ba976] STATE=waiting_q1 | USER='auto_answer_1_9'
2025-10-28 18:30:26,687 | INFO | MainThread | [global] [air-fab8c645-7b11-46bf-b3e9-53632e3ba976] BOT: Is it happening on all devices or just one?
2025-10-28 18:30:26,689 | INFO | MainThread | [global] [air-d394d0f1-24d5-47a0-a71c-2de63315208f] USER: auto_answer_2_1
2025-10-28 18:30:26,689 | INFO | MainThread | [air-d394d0f1-24d5-47a0-a71c-2de63315208f] STATE=waiting_q2 | USER='auto_answer_2_1'
2025-10-28 18:30:29,483 | INFO | MainThread | [global] [air-d394d0f1-24d5-47a0-a71c-2de63315208f] BOT: Have you tried restarting your device and the router?
2025-10-28 18:30:29,484 | INFO | MainThread | [global] [air-b1628655-4b07-46a3-be16-605d1388ba15] USER: auto_answer_2_8
2025-10-28 18:30:29,485 | INFO | MainThread | [air-b1628655-4b07-46a3-be16-605d1388ba15] STATE=waiting_q2 | USER='auto_answer_2_8'
2025-10-28 18:30:32,469 | INFO | MainThread | [global] [air-b1628655-4b07-46a3-be16-605d1388ba15] BOT: Has the printer been connected to the same network recently?
2025-10-28 18:30:32,471 | INFO | MainThread | [global] [air-2f819520-8b8a-43c2-aed7-7956ecc101ac] USER: auto_answer_1_2
2025-10-28 18:30:32,471 | INFO | MainThread | [air-2f819520-8b8a-43c2-aed7-7956ecc101ac] STATE=waiting_q1 | USER='auto_answer_1_2'
2025-10-28 18:30:35,341 | INFO | MainThread | [global] [air-2f819520-8b8a-43c2-aed7-7956ecc101ac] BOT: Is this for one or multiple users?
2025-10-28 18:30:35,342 | INFO | MainThread | [global] [air-e80af4e2-a396-47b2-a05d-0c6322f873f7] USER: auto_answer_1_10
2025-10-28 18:30:35,343 | INFO | MainThread | [air-e80af4e2-a396-47b2-a05d-0c6322f873f7] STATE=waiting_q1 | USER='auto_answer_1_10'
2025-10-28 18:30:37,974 | INFO | MainThread | [global] [air-e80af4e2-a396-47b2-a05d-0c6322f873f7] BOT: Is this affecting only your files or others?
2025-10-28 18:30:37,976 | INFO | MainThread | [global] [air-6a083182-829f-4922-98fb-9d1ad95f0982] USER: auto_answer_1_6
2025-10-28 18:30:37,977 | INFO | MainThread | [air-6a083182-829f-4922-98fb-9d1ad95f0982] STATE=waiting_q1 | USER='auto_answer_1_6'
2025-10-28 18:30:40,734 | INFO | MainThread | [global] [air-6a083182-829f-4922-98fb-9d1ad95f0982] BOT: Is it affecting only one user or multiple users?
2025-10-28 18:30:40,739 | INFO | MainThread | [global] [air-c722a403-2175-40b4-98ac-1132eab6d5ce] USER: auto_answer_2_5
2025-10-28 18:30:40,740 | INFO | MainThread | [air-c722a403-2175-40b4-98ac-1132eab6d5ce] STATE=waiting_q2 | USER='auto_answer_2_5'
2025-10-28 18:30:44,111 | INFO | MainThread | [global] [air-c722a403-2175-40b4-98ac-1132eab6d5ce] BOT: Have you tried checking the email account settings in Outlook to ensure the correct server settings are configured?
2025-10-28 18:30:44,113 | INFO | MainThread | [global] [air-82d28504-8cce-487d-a850-08c0b45ae7d5] USER: auto_answer_3_4
2025-10-28 18:30:44,113 | INFO | MainThread | [air-82d28504-8cce-487d-a850-08c0b45ae7d5] STATE=waiting_q3 | USER='auto_answer_3_4'
2025-10-28 18:30:44,114 | INFO | MainThread | [global] [air-82d28504-8cce-487d-a850-08c0b45ae7d5] BOT: Please provide some more context or details about the issue, in form of text or screenshots. (optional)
2025-10-28 18:30:44,115 | INFO | MainThread | [global] [air-57eee173-59bd-449c-ac9c-4718f6570662] USER: auto_answer_2_7
2025-10-28 18:30:44,116 | INFO | MainThread | [air-57eee173-59bd-449c-ac9c-4718f6570662] STATE=waiting_q2 | USER='auto_answer_2_7'
2025-10-28 18:30:47,072 | INFO | MainThread | [global] [air-57eee173-59bd-449c-ac9c-4718f6570662] BOT: Has the system attempted a power cycle or reboot recently?
2025-10-28 18:30:47,073 | INFO | MainThread | [global] [air-fab8c645-7b11-46bf-b3e9-53632e3ba976] USER: auto_answer_2_9
2025-10-28 18:30:47,073 | INFO | MainThread | [air-fab8c645-7b11-46bf-b3e9-53632e3ba976] STATE=waiting_q2 | USER='auto_answer_2_9'
2025-10-28 18:30:49,802 | INFO | MainThread | [global] [air-fab8c645-7b11-46bf-b3e9-53632e3ba976] BOT: Have you tried restarting Teams or signing out and back in?
2025-10-28 18:30:49,803 | INFO | MainThread | [global] [air-d394d0f1-24d5-47a0-a71c-2de63315208f] USER: auto_answer_3_1
2025-10-28 18:30:49,803 | INFO | MainThread | [air-d394d0f1-24d5-47a0-a71c-2de63315208f] STATE=waiting_q3 | USER='auto_answer_3_1'
2025-10-28 18:30:49,803 | INFO | MainThread | [global] [air-d394d0f1-24d5-47a0-a71c-2de63315208f] BOT: Please provide some more context or details about the issue, in form of text or screenshots. (optional)
2025-10-28 18:30:49,805 | INFO | MainThread | [global] [air-b1628655-4b07-46a3-be16-605d1388ba15] USER: auto_answer_3_8
2025-10-28 18:30:49,805 | INFO | MainThread | [air-b1628655-4b07-46a3-be16-605d1388ba15] STATE=waiting_q3 | USER='auto_answer_3_8'
2025-10-28 18:30:49,805 | INFO | MainThread | [global] [air-b1628655-4b07-46a3-be16-605d1388ba15] BOT: Please provide some more context or details about the issue, in form of text or screenshots. (optional)
2025-10-28 18:30:49,807 | INFO | MainThread | [global] [air-2f819520-8b8a-43c2-aed7-7956ecc101ac] USER: auto_answer_2_2
2025-10-28 18:30:49,807 | INFO | MainThread | [air-2f819520-8b8a-43c2-aed7-7956ecc101ac] STATE=waiting_q2 | USER='auto_answer_2_2'
2025-10-28 18:30:52,693 | INFO | MainThread | [global] [air-2f819520-8b8a-43c2-aed7-7956ecc101ac] BOT: Do you have a specific list of users who need D365 access?
2025-10-28 18:30:52,694 | INFO | MainThread | [global] [air-e80af4e2-a396-47b2-a05d-0c6322f873f7] USER: auto_answer_2_10
2025-10-28 18:30:52,694 | INFO | MainThread | [air-e80af4e2-a396-47b2-a05d-0c6322f873f7] STATE=waiting_q2 | USER='auto_answer_2_10'
2025-10-28 18:30:55,596 | INFO | MainThread | [global] [air-e80af4e2-a396-47b2-a05d-0c6322f873f7] BOT: Have you tried accessing the shared folder through the web client or desktop app?
2025-10-28 18:30:55,597 | INFO | MainThread | [global] [air-e3ccd17b-0381-43ce-b738-991c77a0a144] USER: auto_answer_1_3
2025-10-28 18:30:55,598 | INFO | MainThread | [air-e3ccd17b-0381-43ce-b738-991c77a0a144] STATE=waiting_q1 | USER='auto_answer_1_3'
2025-10-28 18:30:58,378 | INFO | MainThread | [global] [air-e3ccd17b-0381-43ce-b738-991c77a0a144] BOT: Is this affecting specific apps or the entire system?
2025-10-28 18:30:58,382 | INFO | MainThread | [global] [air-c722a403-2175-40b4-98ac-1132eab6d5ce] USER: auto_answer_3_5
2025-10-28 18:30:58,382 | INFO | MainThread | [air-c722a403-2175-40b4-98ac-1132eab6d5ce] STATE=waiting_q3 | USER='auto_answer_3_5'
2025-10-28 18:30:58,382 | INFO | MainThread | [global] [air-c722a403-2175-40b4-98ac-1132eab6d5ce] BOT: Please provide some more context or details about the issue, in form of text or screenshots. (optional)
2025-10-28 18:30:58,384 | INFO | MainThread | [global] [air-82d28504-8cce-487d-a850-08c0b45ae7d5] USER: auto_answer_4_4
2025-10-28 18:30:58,384 | INFO | MainThread | [air-82d28504-8cce-487d-a850-08c0b45ae7d5] STATE=waiting_q4 | USER='auto_answer_4_4'
2025-10-28 18:30:58,385 | INFO | MainThread | [global] [air-57eee173-59bd-449c-ac9c-4718f6570662] USER: auto_answer_3_7
2025-10-28 18:30:58,387 | INFO | MainThread | [air-57eee173-59bd-449c-ac9c-4718f6570662] STATE=waiting_q3 | USER='auto_answer_3_7'
2025-10-28 18:30:58,387 | INFO | MainThread | [global] [air-57eee173-59bd-449c-ac9c-4718f6570662] BOT: Please provide some more context or details about the issue, in form of text or screenshots. (optional)
2025-10-28 18:30:58,389 | INFO | MainThread | [global] [air-fab8c645-7b11-46bf-b3e9-53632e3ba976] USER: auto_answer_3_9
2025-10-28 18:30:58,390 | INFO | MainThread | [air-fab8c645-7b11-46bf-b3e9-53632e3ba976] STATE=waiting_q3 | USER='auto_answer_3_9'
2025-10-28 18:30:58,390 | INFO | MainThread | [global] [air-fab8c645-7b11-46bf-b3e9-53632e3ba976] BOT: Please provide some more context or details about the issue, in form of text or screenshots. (optional)
2025-10-28 18:30:58,392 | INFO | MainThread | [global] [air-d394d0f1-24d5-47a0-a71c-2de63315208f] USER: auto_answer_4_1
2025-10-28 18:30:58,393 | INFO | MainThread | [air-d394d0f1-24d5-47a0-a71c-2de63315208f] STATE=waiting_q4 | USER='auto_answer_4_1'
2025-10-28 18:30:58,394 | INFO | MainThread | [global] [air-b1628655-4b07-46a3-be16-605d1388ba15] USER: auto_answer_4_8
2025-10-28 18:30:58,396 | INFO | MainThread | [air-b1628655-4b07-46a3-be16-605d1388ba15] STATE=waiting_q4 | USER='auto_answer_4_8'
2025-10-28 18:30:58,397 | INFO | MainThread | [global] [air-2f819520-8b8a-43c2-aed7-7956ecc101ac] USER: auto_answer_3_2
2025-10-28 18:30:58,400 | INFO | MainThread | [air-2f819520-8b8a-43c2-aed7-7956ecc101ac] STATE=waiting_q3 | USER='auto_answer_3_2'
2025-10-28 18:30:58,400 | INFO | MainThread | [global] [air-2f819520-8b8a-43c2-aed7-7956ecc101ac] BOT: Please provide some more context or details about the issue, in form of text or screenshots. (optional)
2025-10-28 18:30:58,404 | INFO | MainThread | [global] [air-e80af4e2-a396-47b2-a05d-0c6322f873f7] USER: auto_answer_3_10
2025-10-28 18:30:58,407 | INFO | MainThread | [air-e80af4e2-a396-47b2-a05d-0c6322f873f7] STATE=waiting_q3 | USER='auto_answer_3_10'
2025-10-28 18:30:58,408 | INFO | MainThread | [global] [air-e80af4e2-a396-47b2-a05d-0c6322f873f7] BOT: Please provide some more context or details about the issue, in form of text or screenshots. (optional)
2025-10-28 18:30:58,411 | INFO | MainThread | [global] [air-6a083182-829f-4922-98fb-9d1ad95f0982] USER: auto_answer_2_6
2025-10-28 18:30:58,413 | INFO | MainThread | [air-6a083182-829f-4922-98fb-9d1ad95f0982] STATE=waiting_q2 | USER='auto_answer_2_6'
2025-10-28 18:31:01,481 | INFO | MainThread | [global] [air-6a083182-829f-4922-98fb-9d1ad95f0982] BOT: Have you tried resetting the password via the Jira password reset link or email?
2025-10-28 18:31:01,485 | INFO | MainThread | [global] [air-c722a403-2175-40b4-98ac-1132eab6d5ce] USER: auto_answer_4_5
2025-10-28 18:31:01,487 | INFO | MainThread | [air-c722a403-2175-40b4-98ac-1132eab6d5ce] STATE=waiting_q4 | USER='auto_answer_4_5'
2025-10-28 18:31:01,488 | INFO | MainThread | [global] [air-2f819520-8b8a-43c2-aed7-7956ecc101ac] USER: auto_answer_4_2
2025-10-28 18:31:01,489 | INFO | MainThread | [air-2f819520-8b8a-43c2-aed7-7956ecc101ac] STATE=waiting_q4 | USER='auto_answer_4_2'
2025-10-28 18:31:01,489 | INFO | MainThread | [global] [air-e80af4e2-a396-47b2-a05d-0c6322f873f7] USER: auto_answer_4_10
2025-10-28 18:31:01,493 | INFO | MainThread | [air-e80af4e2-a396-47b2-a05d-0c6322f873f7] STATE=waiting_q4 | USER='auto_answer_4_10'
2025-10-28 18:31:01,495 | INFO | MainThread | [global] [air-57eee173-59bd-449c-ac9c-4718f6570662] USER: auto_answer_4_7
2025-10-28 18:31:01,498 | INFO | MainThread | [air-57eee173-59bd-449c-ac9c-4718f6570662] STATE=waiting_q4 | USER='auto_answer_4_7'
2025-10-28 18:31:01,500 | INFO | MainThread | [global] [air-e3ccd17b-0381-43ce-b738-991c77a0a144] USER: auto_answer_2_3
2025-10-28 18:31:01,503 | INFO | MainThread | [air-e3ccd17b-0381-43ce-b738-991c77a0a144] STATE=waiting_q2 | USER='auto_answer_2_3'
2025-10-28 18:31:05,034 | INFO | MainThread | [global] [air-e3ccd17b-0381-43ce-b738-991c77a0a144] BOT: Have you checked the task manager or activity monitor for any specific processes using a lot of CPU or memory?
2025-10-28 18:31:05,036 | INFO | MainThread | [global] [air-fab8c645-7b11-46bf-b3e9-53632e3ba976] USER: auto_answer_4_9
2025-10-28 18:31:05,037 | INFO | MainThread | [air-fab8c645-7b11-46bf-b3e9-53632e3ba976] STATE=waiting_q4 | USER='auto_answer_4_9'
2025-10-28 18:31:05,040 | INFO | MainThread | [air-d394d0f1-24d5-47a0-a71c-2de63315208f] BOT: Ticket creation returned: 401 - {"errorMessages":["You do not have permission to create issues in this project."],"errors":{}}

Your issue has been processed successfully.
You can start a new chat if you'd like to raise another ticket. | NEXT_STATE: final
2025-10-28 18:31:05,040 | INFO | MainThread | [global] [air-d394d0f1-24d5-47a0-a71c-2de63315208f] BOT: Ticket creation returned: 401 - {"errorMessages":["You do not have permission to create issues in this project."],"errors":{}}
2025-10-28 18:31:05,042 | INFO | MainThread | [global] [air-d394d0f1-24d5-47a0-a71c-2de63315208f] ✅ Chat completed.
2025-10-28 18:31:05,051 | INFO | MainThread | [air-b1628655-4b07-46a3-be16-605d1388ba15] BOT: Ticket creation returned: 401 - {"errorMessages":["You do not have permission to create issues in this project."],"errors":{}}

Your issue has been processed successfully.
You can start a new chat if you'd like to raise another ticket. | NEXT_STATE: final
2025-10-28 18:31:05,053 | INFO | MainThread | [global] [air-b1628655-4b07-46a3-be16-605d1388ba15] BOT: Ticket creation returned: 401 - {"errorMessages":["You do not have permission to create issues in this project."],"errors":{}}
2025-10-28 18:31:05,055 | INFO | MainThread | [global] [air-b1628655-4b07-46a3-be16-605d1388ba15] ✅ Chat completed.
2025-10-28 18:31:05,069 | INFO | MainThread | [air-82d28504-8cce-487d-a850-08c0b45ae7d5] BOT: Ticket creation returned: 401 - {"errorMessages":["You do not have permission to create issues in this project."],"errors":{}}

Your issue has been processed successfully.
You can start a new chat if you'd like to raise another ticket. | NEXT_STATE: final
2025-10-28 18:31:05,071 | INFO | MainThread | [global] [air-82d28504-8cce-487d-a850-08c0b45ae7d5] BOT: Ticket creation returned: 401 - {"errorMessages":["You do not have permission to create issues in this project."],"errors":{}}
2025-10-28 18:31:05,074 | INFO | MainThread | [global] [air-82d28504-8cce-487d-a850-08c0b45ae7d5] ✅ Chat completed.
2025-10-28 18:31:05,086 | INFO | MainThread | [global] [air-6a083182-829f-4922-98fb-9d1ad95f0982] USER: auto_answer_3_6
2025-10-28 18:31:05,089 | INFO | MainThread | [air-6a083182-829f-4922-98fb-9d1ad95f0982] STATE=waiting_q3 | USER='auto_answer_3_6'
2025-10-28 18:31:05,090 | INFO | MainThread | [global] [air-6a083182-829f-4922-98fb-9d1ad95f0982] BOT: Please provide some more context or details about the issue, in form of text or screenshots. (optional)
2025-10-28 18:31:05,639 | INFO | MainThread | [air-e80af4e2-a396-47b2-a05d-0c6322f873f7] BOT: Ticket creation returned: 401 - {"errorMessages":["You do not have permission to create issues in this project."],"errors":{}}

Your issue has been processed successfully.
You can start a new chat if you'd like to raise another ticket. | NEXT_STATE: final
2025-10-28 18:31:05,640 | INFO | MainThread | [global] [air-e80af4e2-a396-47b2-a05d-0c6322f873f7] BOT: Ticket creation returned: 401 - {"errorMessages":["You do not have permission to create issues in this project."],"errors":{}}
2025-10-28 18:31:05,640 | INFO | MainThread | [global] [air-e80af4e2-a396-47b2-a05d-0c6322f873f7] ✅ Chat completed.
2025-10-28 18:31:05,654 | INFO | MainThread | [air-2f819520-8b8a-43c2-aed7-7956ecc101ac] BOT: Ticket creation returned: 401 - {"errorMessages":["You do not have permission to create issues in this project."],"errors":{}}

Your issue has been processed successfully.
You can start a new chat if you'd like to raise another ticket. | NEXT_STATE: final
2025-10-28 18:31:05,654 | INFO | MainThread | [global] [air-2f819520-8b8a-43c2-aed7-7956ecc101ac] BOT: Ticket creation returned: 401 - {"errorMessages":["You do not have permission to create issues in this project."],"errors":{}}
2025-10-28 18:31:05,654 | INFO | MainThread | [global] [air-2f819520-8b8a-43c2-aed7-7956ecc101ac] ✅ Chat completed.
2025-10-28 18:31:05,970 | INFO | MainThread | [air-fab8c645-7b11-46bf-b3e9-53632e3ba976] BOT: Ticket creation returned: 401 - {"errorMessages":["You do not have permission to create issues in this project."],"errors":{}}

Your issue has been processed successfully.
You can start a new chat if you'd like to raise another ticket. | NEXT_STATE: final
2025-10-28 18:31:05,971 | INFO | MainThread | [global] [air-fab8c645-7b11-46bf-b3e9-53632e3ba976] BOT: Ticket creation returned: 401 - {"errorMessages":["You do not have permission to create issues in this project."],"errors":{}}
2025-10-28 18:31:05,971 | INFO | MainThread | [global] [air-fab8c645-7b11-46bf-b3e9-53632e3ba976] ✅ Chat completed.
2025-10-28 18:31:05,980 | INFO | MainThread | [air-57eee173-59bd-449c-ac9c-4718f6570662] BOT: Ticket creation returned: 401 - {"errorMessages":["You do not have permission to create issues in this project."],"errors":{}}

Your issue has been processed successfully.
You can start a new chat if you'd like to raise another ticket. | NEXT_STATE: final
2025-10-28 18:31:05,980 | INFO | MainThread | [global] [air-57eee173-59bd-449c-ac9c-4718f6570662] BOT: Ticket creation returned: 401 - {"errorMessages":["You do not have permission to create issues in this project."],"errors":{}}
2025-10-28 18:31:05,980 | INFO | MainThread | [global] [air-57eee173-59bd-449c-ac9c-4718f6570662] ✅ Chat completed.
2025-10-28 18:31:06,040 | INFO | MainThread | [air-c722a403-2175-40b4-98ac-1132eab6d5ce] BOT: Ticket creation returned: 401 - {"errorMessages":["You do not have permission to create issues in this project."],"errors":{}}

Your issue has been processed successfully.
You can start a new chat if you'd like to raise another ticket. | NEXT_STATE: final
2025-10-28 18:31:06,040 | INFO | MainThread | [global] [air-c722a403-2175-40b4-98ac-1132eab6d5ce] BOT: Ticket creation returned: 401 - {"errorMessages":["You do not have permission to create issues in this project."],"errors":{}}
2025-10-28 18:31:06,040 | INFO | MainThread | [global] [air-c722a403-2175-40b4-98ac-1132eab6d5ce] ✅ Chat completed.
2025-10-28 18:31:06,430 | INFO | MainThread | [global] [air-e3ccd17b-0381-43ce-b738-991c77a0a144] USER: auto_answer_3_3
2025-10-28 18:31:06,430 | INFO | MainThread | [air-e3ccd17b-0381-43ce-b738-991c77a0a144] STATE=waiting_q3 | USER='auto_answer_3_3'
2025-10-28 18:31:06,430 | INFO | MainThread | [global] [air-e3ccd17b-0381-43ce-b738-991c77a0a144] BOT: Please provide some more context or details about the issue, in form of text or screenshots. (optional)
2025-10-28 18:31:06,953 | INFO | MainThread | [global] [air-6a083182-829f-4922-98fb-9d1ad95f0982] USER: auto_answer_4_6
2025-10-28 18:31:06,953 | INFO | MainThread | [air-6a083182-829f-4922-98fb-9d1ad95f0982] STATE=waiting_q4 | USER='auto_answer_4_6'
2025-10-28 18:31:07,736 | INFO | MainThread | [air-6a083182-829f-4922-98fb-9d1ad95f0982] BOT: Ticket creation returned: 401 - {"errorMessages":["You do not have permission to create issues in this project."],"errors":{}}

Your issue has been processed successfully.
You can start a new chat if you'd like to raise another ticket. | NEXT_STATE: final
2025-10-28 18:31:07,736 | INFO | MainThread | [global] [air-6a083182-829f-4922-98fb-9d1ad95f0982] BOT: Ticket creation returned: 401 - {"errorMessages":["You do not have permission to create issues in this project."],"errors":{}}
2025-10-28 18:31:07,736 | INFO | MainThread | [global] [air-6a083182-829f-4922-98fb-9d1ad95f0982] ✅ Chat completed.
2025-10-28 18:31:08,263 | INFO | MainThread | [global] [air-e3ccd17b-0381-43ce-b738-991c77a0a144] USER: auto_answer_4_3
2025-10-28 18:31:08,264 | INFO | MainThread | [air-e3ccd17b-0381-43ce-b738-991c77a0a144] STATE=waiting_q4 | USER='auto_answer_4_3'
2025-10-28 18:31:09,174 | INFO | MainThread | [air-e3ccd17b-0381-43ce-b738-991c77a0a144] BOT: Ticket creation returned: 401 - {"errorMessages":["You do not have permission to create issues in this project."],"errors":{}}

Your issue has been processed successfully.
You can start a new chat if you'd like to raise another ticket. | NEXT_STATE: final
2025-10-28 18:31:09,174 | INFO | MainThread | [global] [air-e3ccd17b-0381-43ce-b738-991c77a0a144] BOT: Ticket creation returned: 401 - {"errorMessages":["You do not have permission to create issues in this project."],"errors":{}}
2025-10-28 18:31:09,174 | INFO | MainThread | [global] [air-e3ccd17b-0381-43ce-b738-991c77a0a144] ✅ Chat completed.
2025-10-28 18:31:15,106 | INFO | MainThread | [global] Session air-d394d0f1-24d5-47a0-a71c-2de63315208f cleaned up after completion.
2025-10-28 18:31:15,106 | INFO | MainThread | [global] Session air-82d28504-8cce-487d-a850-08c0b45ae7d5 cleaned up after completion.
2025-10-28 18:31:15,106 | INFO | MainThread | [global] Session air-b1628655-4b07-46a3-be16-605d1388ba15 cleaned up after completion.
2025-10-28 18:31:15,648 | INFO | MainThread | [global] Session air-e80af4e2-a396-47b2-a05d-0c6322f873f7 cleaned up after completion.
2025-10-28 18:31:15,648 | INFO | MainThread | [global] Session air-2f819520-8b8a-43c2-aed7-7956ecc101ac cleaned up after completion.
2025-10-28 18:31:15,982 | INFO | MainThread | [global] Session air-fab8c645-7b11-46bf-b3e9-53632e3ba976 cleaned up after completion.
2025-10-28 18:31:15,982 | INFO | MainThread | [global] Session air-57eee173-59bd-449c-ac9c-4718f6570662 cleaned up after completion.
2025-10-28 18:31:16,046 | INFO | MainThread | [global] Session air-c722a403-2175-40b4-98ac-1132eab6d5ce cleaned up after completion.
2025-10-28 18:31:17,750 | INFO | MainThread | [global] Session air-6a083182-829f-4922-98fb-9d1ad95f0982 cleaned up after completion.
2025-10-28 18:31:19,192 | INFO | MainThread | [global] Session air-e3ccd17b-0381-43ce-b738-991c77a0a144 cleaned up after completion.
2025-10-28 18:31:31,484 | INFO | MainThread | [global] 🧹 Cleaning stale session air-dfd777dd-52b2-436c-aacb-0b139d426489
2025-10-28 18:44:31,744 | INFO | MainThread | [global] 🔻 Shutting down API...
2025-10-28 18:44:31,745 | INFO | MainThread | [global] ✅ Shutdown cleanup complete.
2025-10-28 18:45:00,666 | INFO | MainThread | [global] 🚀 Starting IT Support Chatbot API (async version)...
2025-10-28 18:45:00,668 | INFO | MainThread | [global] ✅ Readiness check passed — environment and dataset OK.
2025-10-28 18:45:00,668 | INFO | MainThread | [global] 🧹 Background cleanup task started.
2025-10-28 18:45:36,255 | INFO | MainThread | [global] 🔻 Shutting down API...
2025-10-28 18:45:36,255 | INFO | MainThread | [global] ✅ Shutdown cleanup complete.
2025-10-28 18:45:45,779 | INFO | MainThread | [global] 🚀 Starting IT Support Chatbot API (async version)...
2025-10-28 18:45:45,781 | INFO | MainThread | [global] ✅ Readiness check passed — environment and dataset OK.
2025-10-28 18:45:45,781 | INFO | MainThread | [global] 🧹 Background cleanup task started.
2025-10-28 18:45:50,444 | INFO | MainThread | [global] 🔻 Shutting down API...
2025-10-28 18:45:50,444 | INFO | MainThread | [global] ✅ Shutdown cleanup complete.
2025-10-28 19:10:30,085 | INFO | MainThread | [global] 🚀 Starting IT Support Chatbot API (async version)...
2025-10-28 19:10:30,085 | INFO | MainThread | [global] ✅ Readiness check passed — environment and dataset OK.
2025-10-28 19:10:30,085 | INFO | MainThread | [global] 🧹 Background cleanup task started.
2025-10-28 19:10:39,046 | INFO | MainThread | [global] 🚀 Starting IT Support Chatbot API (async version)...
2025-10-28 19:10:39,048 | INFO | MainThread | [global] ✅ Readiness check passed — environment and dataset OK.
2025-10-28 19:10:39,048 | INFO | MainThread | [global] 🧹 Background cleanup task started.
2025-10-28 19:11:53,405 | INFO | MainThread | [global] 🔻 Shutting down API...
2025-10-28 19:11:53,405 | INFO | MainThread | [global] ✅ Shutdown cleanup complete.
2025-10-28 19:12:01,833 | INFO | MainThread | [global] 🚀 Starting IT Support Chatbot API (async version)...
2025-10-28 19:12:01,835 | INFO | MainThread | [global] ✅ Readiness check passed — environment and dataset OK.
2025-10-28 19:12:01,835 | INFO | MainThread | [global] 🧹 Background cleanup task started.
2025-10-28 19:12:14,061 | INFO | MainThread | [global] cleanup_stale_sessions task was cancelled
2025-10-28 19:12:14,061 | INFO | MainThread | [global] 🔻 Shutting down API...
2025-10-28 19:12:14,061 | INFO | MainThread | [global] ✅ Shutdown cleanup complete.
2025-10-28 19:12:22,795 | INFO | MainThread | [global] 🚀 Starting IT Support Chatbot API (async version)...
2025-10-28 19:12:22,797 | INFO | MainThread | [global] ✅ Readiness check passed — environment and dataset OK.
2025-10-28 19:12:22,797 | INFO | MainThread | [global] 🧹 Background cleanup task started.
2025-10-28 19:12:30,570 | INFO | MainThread | [global] 🆕 New session started: air-c879b296-7be6-48ea-bbe6-ad820bea2e7f
2025-10-28 19:13:42,243 | INFO | MainThread | [global] cleanup_stale_sessions task was cancelled
2025-10-28 19:13:42,243 | INFO | MainThread | [global] 🔻 Shutting down API...
2025-10-28 19:13:42,297 | INFO | MainThread | [global] ✅ Shutdown cleanup complete.
2025-10-28 19:13:51,201 | INFO | MainThread | [global] 🚀 Starting IT Support Chatbot API (async version)...
2025-10-28 19:13:51,203 | INFO | MainThread | [global] ✅ Readiness check passed — environment and dataset OK.
2025-10-28 19:13:51,203 | INFO | MainThread | [global] 🧹 Background cleanup task started.
2025-10-28 19:13:56,643 | INFO | MainThread | [global] 🆕 New session started: air-881f3cc5-c0f8-4659-92f5-e851ac5d816c
2025-10-28 19:14:04,569 | INFO | MainThread | [global] [air-881f3cc5-c0f8-4659-92f5-e851ac5d816c] USER: laptop is running slow
2025-10-28 19:14:04,569 | INFO | MainThread | [air-881f3cc5-c0f8-4659-92f5-e851ac5d816c] STATE=waiting_for_query | USER='laptop is running slow'
2025-10-28 19:14:11,957 | INFO | MainThread | [global] [air-881f3cc5-c0f8-4659-92f5-e851ac5d816c] BOT: I found these top categories for your issue — please reply with the number (1-3) of the best match:
1. Laptop Issues
2. WAN / Internet
3. Network Performance
2025-10-28 19:14:15,403 | INFO | MainThread | [global] [air-881f3cc5-c0f8-4659-92f5-e851ac5d816c] USER: Laptop Issues
2025-10-28 19:14:15,404 | INFO | MainThread | [air-881f3cc5-c0f8-4659-92f5-e851ac5d816c] STATE=waiting_for_category | USER='Laptop Issues'
2025-10-28 19:14:17,585 | INFO | MainThread | [global] [air-881f3cc5-c0f8-4659-92f5-e851ac5d816c] BOT: Is it just one app or the whole system?
2025-10-28 19:14:27,716 | INFO | MainThread | [global] [air-881f3cc5-c0f8-4659-92f5-e851ac5d816c] USER: whole system
2025-10-28 19:14:27,716 | INFO | MainThread | [air-881f3cc5-c0f8-4659-92f5-e851ac5d816c] STATE=waiting_q1 | USER='whole system'
2025-10-28 19:14:29,878 | INFO | MainThread | [global] [air-881f3cc5-c0f8-4659-92f5-e851ac5d816c] BOT: Does it freeze often?
2025-10-28 19:14:33,158 | INFO | MainThread | [global] [air-881f3cc5-c0f8-4659-92f5-e851ac5d816c] USER: yes
2025-10-28 19:14:33,158 | INFO | MainThread | [air-881f3cc5-c0f8-4659-92f5-e851ac5d816c] STATE=waiting_q2 | USER='yes'
2025-10-28 19:14:36,038 | INFO | MainThread | [global] [air-881f3cc5-c0f8-4659-92f5-e851ac5d816c] BOT: Have you recently installed any new software or updated the operating system?
2025-10-28 19:14:39,797 | INFO | MainThread | [global] [air-881f3cc5-c0f8-4659-92f5-e851ac5d816c] USER: yes
2025-10-28 19:14:39,798 | INFO | MainThread | [air-881f3cc5-c0f8-4659-92f5-e851ac5d816c] STATE=waiting_q3 | USER='yes'
2025-10-28 19:14:39,798 | INFO | MainThread | [global] [air-881f3cc5-c0f8-4659-92f5-e851ac5d816c] BOT: Please provide some more context or details about the issue, in form of text or screenshots. (optional)
2025-10-28 19:14:42,938 | INFO | MainThread | [global] [air-881f3cc5-c0f8-4659-92f5-e851ac5d816c] USER: no
2025-10-28 19:14:42,938 | INFO | MainThread | [air-881f3cc5-c0f8-4659-92f5-e851ac5d816c] STATE=waiting_q4 | USER='no'
2025-10-28 19:14:43,949 | INFO | MainThread | [air-881f3cc5-c0f8-4659-92f5-e851ac5d816c] BOT: Ticket creation returned: 401 - {"errorMessages":["You do not have permission to create issues in this project."],"errors":{}}

Your issue has been processed successfully.
You can start a new chat if you'd like to raise another ticket. | NEXT_STATE: final
2025-10-28 19:14:43,949 | INFO | MainThread | [global] [air-881f3cc5-c0f8-4659-92f5-e851ac5d816c] BOT: Ticket creation returned: 401 - {"errorMessages":["You do not have permission to create issues in this project."],"errors":{}}
2025-10-28 19:14:43,949 | INFO | MainThread | [global] [air-881f3cc5-c0f8-4659-92f5-e851ac5d816c] ✅ Chat completed.
2025-10-28 19:14:53,948 | INFO | MainThread | [global] Session air-881f3cc5-c0f8-4659-92f5-e851ac5d816c cleaned up after completion.
2025-10-28 19:15:05,147 | INFO | MainThread | [global] 🆕 New session started: air-d45548ce-533c-498f-9e4d-88eaf00a6008
2025-10-28 19:15:19,066 | INFO | MainThread | [global] 🆕 New session started: air-86a50d2a-76ea-43c8-916a-9fbf44072698
2025-10-28 19:15:19,068 | INFO | MainThread | [global] 🆕 New session started: air-8985f47f-970e-4264-8844-8e0e1caffa9c
2025-10-28 19:15:19,069 | INFO | MainThread | [global] 🆕 New session started: air-925705cc-d0f8-4240-bb13-6775982e98a1
2025-10-28 19:15:19,071 | INFO | MainThread | [global] 🆕 New session started: air-b7a6e481-5ea8-4c3b-bfe9-2493994d7cc9
2025-10-28 19:15:19,072 | INFO | MainThread | [global] 🆕 New session started: air-ba16cad8-99ee-40ea-adc6-998fb50433c4
2025-10-28 19:15:19,073 | INFO | MainThread | [global] 🆕 New session started: air-2eab80c9-78c0-45a2-a1a9-c6bc79d03c62
2025-10-28 19:15:19,075 | INFO | MainThread | [global] 🆕 New session started: air-efdc0941-4f09-4598-8268-cc42cb66604a
2025-10-28 19:15:19,076 | INFO | MainThread | [global] 🆕 New session started: air-dbc22ab1-84bb-4879-a8a9-229c5af6b3ac
2025-10-28 19:15:19,077 | INFO | MainThread | [global] 🆕 New session started: air-d5549c01-c771-4a09-bf2c-d95dc414090c
2025-10-28 19:15:19,078 | INFO | MainThread | [global] 🆕 New session started: air-5117e768-b7fd-4ecd-a30a-2275c95709f4
2025-10-28 19:17:21,232 | INFO | MainThread | [global] 🧹 Cleaning stale session air-d45548ce-533c-498f-9e4d-88eaf00a6008
2025-10-28 19:17:21,252 | INFO | MainThread | [global] 🧹 Cleaning stale session air-86a50d2a-76ea-43c8-916a-9fbf44072698
2025-10-28 19:17:21,285 | INFO | MainThread | [global] 🧹 Cleaning stale session air-8985f47f-970e-4264-8844-8e0e1caffa9c
2025-10-28 19:17:21,316 | INFO | MainThread | [global] 🧹 Cleaning stale session air-925705cc-d0f8-4240-bb13-6775982e98a1
2025-10-28 19:17:21,346 | INFO | MainThread | [global] 🧹 Cleaning stale session air-b7a6e481-5ea8-4c3b-bfe9-2493994d7cc9
2025-10-28 19:17:21,355 | INFO | MainThread | [global] 🧹 Cleaning stale session air-ba16cad8-99ee-40ea-adc6-998fb50433c4
2025-10-28 19:17:21,365 | INFO | MainThread | [global] 🧹 Cleaning stale session air-2eab80c9-78c0-45a2-a1a9-c6bc79d03c62
2025-10-28 19:17:21,394 | INFO | MainThread | [global] 🧹 Cleaning stale session air-efdc0941-4f09-4598-8268-cc42cb66604a
2025-10-28 19:17:21,403 | INFO | MainThread | [global] 🧹 Cleaning stale session air-dbc22ab1-84bb-4879-a8a9-229c5af6b3ac
2025-10-28 19:17:21,427 | INFO | MainThread | [global] 🧹 Cleaning stale session air-d5549c01-c771-4a09-bf2c-d95dc414090c
2025-10-28 19:17:21,457 | INFO | MainThread | [global] 🧹 Cleaning stale session air-5117e768-b7fd-4ecd-a30a-2275c95709f4
2025-10-28 19:18:23,741 | INFO | MainThread | [global] [air-d45548ce-533c-498f-9e4d-88eaf00a6008] USER: unable to connect to wifi
2025-10-28 19:18:23,742 | ERROR | MainThread | [global] ❌ Error processing message for air-d45548ce-533c-498f-9e4d-88eaf00a6008: 404: Invalid session_id: air-d45548ce-533c-498f-9e4d-88eaf00a6008
Traceback (most recent call last):
  File "D:\AIR-DATA\Prototype\api_server_2.py", line 164, in chat_message
    raise HTTPException(status_code=404, detail=f"Invalid session_id: {session_id}")
fastapi.exceptions.HTTPException: 404: Invalid session_id: air-d45548ce-533c-498f-9e4d-88eaf00a6008
2025-10-28 19:18:28,111 | INFO | MainThread | [global] 🆕 New session started: air-b108b792-ea9c-4371-95a7-86f9f3a866cb
2025-10-28 19:18:35,215 | INFO | MainThread | [global] [air-b108b792-ea9c-4371-95a7-86f9f3a866cb] USER: unable to connect to wifi
2025-10-28 19:18:35,215 | INFO | MainThread | [air-b108b792-ea9c-4371-95a7-86f9f3a866cb] STATE=waiting_for_query | USER='unable to connect to wifi'
2025-10-28 19:18:35,263 | INFO | MainThread | [global] [air-b108b792-ea9c-4371-95a7-86f9f3a866cb] BOT: I found these top categories for your issue — please reply with the number (1-3) of the best match:
1. Wi-Fi Issues
2. Certificates & DNS
3. VPN Access & Connectivity
2025-10-28 19:18:38,369 | INFO | MainThread | [global] [air-b108b792-ea9c-4371-95a7-86f9f3a866cb] USER: Wi-Fi Issues
2025-10-28 19:18:38,369 | INFO | MainThread | [air-b108b792-ea9c-4371-95a7-86f9f3a866cb] STATE=waiting_for_category | USER='Wi-Fi Issues'
2025-10-28 19:18:40,406 | INFO | MainThread | [global] [air-b108b792-ea9c-4371-95a7-86f9f3a866cb] BOT: Is your device showing a Wi-Fi signal?
2025-10-28 19:18:45,003 | INFO | MainThread | [global] [air-b108b792-ea9c-4371-95a7-86f9f3a866cb] USER: no
2025-10-28 19:18:45,003 | INFO | MainThread | [air-b108b792-ea9c-4371-95a7-86f9f3a866cb] STATE=waiting_q1 | USER='no'
2025-10-28 19:18:47,155 | INFO | MainThread | [global] [air-b108b792-ea9c-4371-95a7-86f9f3a866cb] BOT: Is the router turned on?
2025-10-28 19:18:49,968 | INFO | MainThread | [global] [air-b108b792-ea9c-4371-95a7-86f9f3a866cb] USER: yes
2025-10-28 19:18:49,968 | INFO | MainThread | [air-b108b792-ea9c-4371-95a7-86f9f3a866cb] STATE=waiting_q2 | USER='yes'
2025-10-28 19:18:52,528 | INFO | MainThread | [global] [air-b108b792-ea9c-4371-95a7-86f9f3a866cb] BOT: Have you tried forgetting the network and reconnecting?
2025-10-28 19:18:54,912 | INFO | MainThread | [global] [air-b108b792-ea9c-4371-95a7-86f9f3a866cb] USER: no
2025-10-28 19:18:54,913 | INFO | MainThread | [air-b108b792-ea9c-4371-95a7-86f9f3a866cb] STATE=waiting_q3 | USER='no'
2025-10-28 19:18:54,913 | INFO | MainThread | [global] [air-b108b792-ea9c-4371-95a7-86f9f3a866cb] BOT: Please provide some more context or details about the issue, in form of text or screenshots. (optional)
2025-10-28 19:18:57,938 | INFO | MainThread | [global] [air-b108b792-ea9c-4371-95a7-86f9f3a866cb] USER: njnjasd
2025-10-28 19:18:57,938 | INFO | MainThread | [air-b108b792-ea9c-4371-95a7-86f9f3a866cb] STATE=waiting_q4 | USER='njnjasd'
2025-10-28 19:18:58,810 | INFO | MainThread | [air-b108b792-ea9c-4371-95a7-86f9f3a866cb] BOT: Ticket creation returned: 401 - {"errorMessages":["You do not have permission to create issues in this project."],"errors":{}}

Your issue has been processed successfully.
You can start a new chat if you'd like to raise another ticket. | NEXT_STATE: final
2025-10-28 19:18:58,810 | INFO | MainThread | [global] [air-b108b792-ea9c-4371-95a7-86f9f3a866cb] BOT: Ticket creation returned: 401 - {"errorMessages":["You do not have permission to create issues in this project."],"errors":{}}
2025-10-28 19:18:58,810 | INFO | MainThread | [global] [air-b108b792-ea9c-4371-95a7-86f9f3a866cb] ✅ Chat completed.
2025-10-28 19:19:08,806 | INFO | MainThread | [global] Session air-b108b792-ea9c-4371-95a7-86f9f3a866cb cleaned up after completion.
2025-10-28 19:19:21,917 | INFO | MainThread | [global] cleanup_stale_sessions task was cancelled
2025-10-28 19:19:21,917 | INFO | MainThread | [global] 🔻 Shutting down API...
2025-10-28 19:19:21,917 | INFO | MainThread | [global] ✅ Shutdown cleanup complete.
2025-10-28 19:19:30,511 | INFO | MainThread | [global] 🚀 Starting IT Support Chatbot API (async version)...
2025-10-28 19:19:30,513 | INFO | MainThread | [global] ✅ Readiness check passed — environment and dataset OK.
2025-10-28 19:19:30,513 | INFO | MainThread | [global] 🧹 Background cleanup task started.
2025-10-28 19:19:31,091 | INFO | MainThread | [global] 🆕 New session started: air-b6fac030-826d-4b24-b987-2344294145c7
2025-10-28 19:19:31,092 | INFO | MainThread | [global] 🆕 New session started: air-b9599800-84dd-4faf-a521-19efe1fbe6e2
2025-10-28 19:19:31,093 | INFO | MainThread | [global] 🆕 New session started: air-814b5230-c330-4f50-86d9-83ebe1c526cc
2025-10-28 19:19:31,093 | INFO | MainThread | [global] 🆕 New session started: air-95adfa31-0940-4c60-94a0-28a21f825717
2025-10-28 19:19:31,094 | INFO | MainThread | [global] 🆕 New session started: air-25dba4ac-bd48-4e5d-8d83-3a9c4a5541c9
2025-10-28 19:19:31,095 | INFO | MainThread | [global] 🆕 New session started: air-99e211aa-e5e4-49c9-bf96-9a44347d265a
2025-10-28 19:19:31,097 | INFO | MainThread | [global] 🆕 New session started: air-490aa15f-7664-4e91-87e8-64c5c9ad0778
2025-10-28 19:19:31,098 | INFO | MainThread | [global] 🆕 New session started: air-6df90ba3-01e5-4c2e-b15b-86ea4a0ae5e4
2025-10-28 19:19:31,098 | INFO | MainThread | [global] 🆕 New session started: air-95591299-004e-4b18-a9a1-b56e278aa143
2025-10-28 19:19:31,100 | INFO | MainThread | [global] 🆕 New session started: air-4487da72-17e6-4c9e-8a52-7d3826b256c2
2025-10-28 19:19:57,881 | INFO | MainThread | [global] [air-b108b792-ea9c-4371-95a7-86f9f3a866cb] USER: need access for d365
2025-10-28 19:19:57,881 | ERROR | MainThread | [global] ❌ Error processing message for air-b108b792-ea9c-4371-95a7-86f9f3a866cb: 404: Invalid session_id: air-b108b792-ea9c-4371-95a7-86f9f3a866cb
Traceback (most recent call last):
  File "D:\AIR-DATA\Prototype\api_server_2.py", line 164, in chat_message
    raise HTTPException(status_code=404, detail=f"Invalid session_id: {session_id}")
fastapi.exceptions.HTTPException: 404: Invalid session_id: air-b108b792-ea9c-4371-95a7-86f9f3a866cb
2025-10-28 19:20:04,920 | INFO | MainThread | [global] 🆕 New session started: air-878bd4dc-fc5b-4bc6-b51a-f9cdb695cfff
2025-10-28 19:20:10,712 | INFO | MainThread | [global] 🆕 New session started: air-271d5ffc-06ba-49d6-baba-d749afbd9b23
2025-10-28 19:20:10,714 | INFO | MainThread | [global] 🆕 New session started: air-72010877-7efa-4058-b064-1674eb752e3a
2025-10-28 19:20:10,715 | INFO | MainThread | [global] 🆕 New session started: air-b1688635-e42f-4152-ba84-8a626e2fdb3a
2025-10-28 19:20:10,716 | INFO | MainThread | [global] 🆕 New session started: air-82796563-5eff-4583-a5eb-3bc6525567b6
2025-10-28 19:20:10,717 | INFO | MainThread | [global] 🆕 New session started: air-2d48a72c-265a-4714-b31a-b8c61ba76c83
2025-10-28 19:20:10,719 | INFO | MainThread | [global] 🆕 New session started: air-728c0038-87a5-4f2d-97f6-65c30b33554e
2025-10-28 19:20:10,720 | INFO | MainThread | [global] 🆕 New session started: air-65b2ae82-3214-4a0f-bd3d-21ac08d6d907
2025-10-28 19:20:10,722 | INFO | MainThread | [global] 🆕 New session started: air-8327141d-ddc2-4244-a9db-976d01695dc5
2025-10-28 19:20:10,723 | INFO | MainThread | [global] 🆕 New session started: air-2006ae77-1fa6-4499-b33b-8a4208435ec2
2025-10-28 19:20:10,724 | INFO | MainThread | [global] 🆕 New session started: air-8d9a2f92-d1b9-4411-b335-f1b367c5fd7a
2025-10-28 19:20:21,448 | INFO | MainThread | [global] cleanup_stale_sessions task was cancelled
2025-10-28 19:20:21,449 | INFO | MainThread | [global] 🔻 Shutting down API...
2025-10-28 19:20:21,902 | INFO | MainThread | [global] ✅ Shutdown cleanup complete.
2025-10-28 19:20:33,632 | INFO | MainThread | [global] 🚀 Starting IT Support Chatbot API (async version)...
2025-10-28 19:20:33,633 | INFO | MainThread | [global] ✅ Readiness check passed — environment and dataset OK.
2025-10-28 19:20:33,633 | INFO | MainThread | [global] 🧹 Background cleanup task started.
2025-10-28 19:56:36,895 | INFO | MainThread | [global] 🆕 New session started: air-88dc9b36-94d8-4edb-910f-e7695beb7b95
2025-10-28 19:56:42,756 | INFO | MainThread | [global] 🆕 New session started: air-8a3e6dd6-1ca6-4041-8182-3dc1baa5190b
2025-10-28 19:56:42,757 | INFO | MainThread | [global] 🆕 New session started: air-7350d2b9-b434-4a1a-9e69-4b5c987ea2c7
2025-10-28 19:56:42,758 | INFO | MainThread | [global] 🆕 New session started: air-5a96d00f-d346-4447-9135-3484f0cf56a7
2025-10-28 19:56:42,761 | INFO | MainThread | [global] 🆕 New session started: air-0b4883ae-6e27-42f6-8a41-1d0287ecf076
2025-10-28 19:56:42,762 | INFO | MainThread | [global] 🆕 New session started: air-b568c312-f696-4263-bf86-2f5eac0d11d3
2025-10-28 19:56:42,763 | INFO | MainThread | [global] 🆕 New session started: air-72658ceb-72c7-4974-92f6-5b3e2ae4110e
2025-10-28 19:56:42,764 | INFO | MainThread | [global] 🆕 New session started: air-ee2119b9-76d4-45ff-b69a-a8e01fa05a9e
2025-10-28 19:56:42,765 | INFO | MainThread | [global] 🆕 New session started: air-e1afc415-09e0-45e8-a2d9-e03de9615783
2025-10-28 19:56:42,766 | INFO | MainThread | [global] 🆕 New session started: air-1054dedb-d7d3-4407-a637-ca9c90a5dcc6
2025-10-28 19:56:42,768 | INFO | MainThread | [global] 🆕 New session started: air-b16cceaa-add8-4921-8606-1b2e23c2b96b
2025-10-28 19:58:11,060 | INFO | MainThread | [global] cleanup_stale_sessions task was cancelled
2025-10-28 19:58:11,060 | INFO | MainThread | [global] 🔻 Shutting down API...
2025-10-28 19:58:11,312 | INFO | MainThread | [global] ✅ Shutdown cleanup complete.
2025-10-28 19:58:20,656 | INFO | MainThread | [global] 🚀 Starting IT Support Chatbot API (async version)...
2025-10-28 19:58:20,658 | INFO | MainThread | [global] ✅ Readiness check passed — environment and dataset OK.
2025-10-28 19:58:20,658 | INFO | MainThread | [global] 🧹 Background cleanup task started.
2025-10-28 19:58:21,352 | INFO | MainThread | [global] 🆕 New session started: air-28664196-fa63-4409-bd38-2590b53801d4
2025-10-28 19:58:21,353 | INFO | MainThread | [global] 🆕 New session started: air-bfe6226b-43c0-4ce4-a6cb-0f2d8dda0c3b
2025-10-28 19:58:21,354 | INFO | MainThread | [global] 🆕 New session started: air-e8ab0dc9-71a7-40bd-9c15-7ebbb1eec461
2025-10-28 19:58:21,355 | INFO | MainThread | [global] 🆕 New session started: air-4b5f5984-6084-4839-b827-468e2665bd26
2025-10-28 19:58:21,356 | INFO | MainThread | [global] 🆕 New session started: air-12fce346-d31f-4cef-be70-43e7b437d1a1
2025-10-28 19:58:21,357 | INFO | MainThread | [global] 🆕 New session started: air-42449165-e6b1-4e57-8033-ef72cb138423
2025-10-28 19:58:21,358 | INFO | MainThread | [global] 🆕 New session started: air-bfefebc7-db12-4b90-8396-2c78fad2e95a
2025-10-28 19:58:21,359 | INFO | MainThread | [global] 🆕 New session started: air-e72e72c9-a6a7-4cbd-b0e5-7d70a2bf7360
2025-10-28 19:58:21,361 | INFO | MainThread | [global] 🆕 New session started: air-8a919bf0-46b8-4b5f-9d42-4d8a1fd893e4
2025-10-28 19:58:21,363 | INFO | MainThread | [global] 🆕 New session started: air-9af76aa1-e878-4cd3-9a17-0fcd71fb10f9
2025-10-28 19:58:22,191 | INFO | MainThread | [global] [air-28664196-fa63-4409-bd38-2590b53801d4] USER: unable to connect to wifi
2025-10-28 19:58:22,191 | INFO | MainThread | [air-28664196-fa63-4409-bd38-2590b53801d4] STATE=waiting_for_query | USER='unable to connect to wifi'
2025-10-28 19:58:22,197 | INFO | MainThread | [global] [air-bfe6226b-43c0-4ce4-a6cb-0f2d8dda0c3b] USER: forgot password for Jira
2025-10-28 19:58:22,198 | INFO | MainThread | [air-bfe6226b-43c0-4ce4-a6cb-0f2d8dda0c3b] STATE=waiting_for_query | USER='forgot password for Jira'
2025-10-28 19:58:22,199 | INFO | MainThread | [global] [air-9af76aa1-e878-4cd3-9a17-0fcd71fb10f9] USER: VPN not connecting
2025-10-28 19:58:22,199 | INFO | MainThread | [air-9af76aa1-e878-4cd3-9a17-0fcd71fb10f9] STATE=waiting_for_query | USER='VPN not connecting'
2025-10-28 19:58:22,222 | INFO | MainThread | [global] [air-4b5f5984-6084-4839-b827-468e2665bd26] USER: email not syncing in Outlook
2025-10-28 19:58:22,223 | INFO | MainThread | [air-4b5f5984-6084-4839-b827-468e2665bd26] STATE=waiting_for_query | USER='email not syncing in Outlook'
2025-10-28 19:58:22,397 | INFO | MainThread | [global] [air-bfefebc7-db12-4b90-8396-2c78fad2e95a] USER: system not booting up
2025-10-28 19:58:22,400 | INFO | MainThread | [air-bfefebc7-db12-4b90-8396-2c78fad2e95a] STATE=waiting_for_query | USER='system not booting up'
2025-10-28 19:58:22,553 | INFO | MainThread | [global] [air-12fce346-d31f-4cef-be70-43e7b437d1a1] USER: printer not detected
2025-10-28 19:58:22,554 | INFO | MainThread | [air-12fce346-d31f-4cef-be70-43e7b437d1a1] STATE=waiting_for_query | USER='printer not detected'
2025-10-28 19:58:22,942 | INFO | MainThread | [global] [air-8a919bf0-46b8-4b5f-9d42-4d8a1fd893e4] USER: Teams keeps crashing
2025-10-28 19:58:22,943 | INFO | MainThread | [air-8a919bf0-46b8-4b5f-9d42-4d8a1fd893e4] STATE=waiting_for_query | USER='Teams keeps crashing'
2025-10-28 19:58:23,130 | INFO | MainThread | [global] [air-e72e72c9-a6a7-4cbd-b0e5-7d70a2bf7360] USER: unable to access shared folder
2025-10-28 19:58:23,131 | INFO | MainThread | [air-e72e72c9-a6a7-4cbd-b0e5-7d70a2bf7360] STATE=waiting_for_query | USER='unable to access shared folder'
2025-10-28 19:58:23,211 | INFO | MainThread | [global] [air-42449165-e6b1-4e57-8033-ef72cb138423] USER: need access for D365
2025-10-28 19:58:23,217 | INFO | MainThread | [air-42449165-e6b1-4e57-8033-ef72cb138423] STATE=waiting_for_query | USER='need access for D365'
2025-10-28 19:58:23,349 | INFO | MainThread | [global] [air-e8ab0dc9-71a7-40bd-9c15-7ebbb1eec461] USER: laptop is running slow
2025-10-28 19:58:23,351 | INFO | MainThread | [air-e8ab0dc9-71a7-40bd-9c15-7ebbb1eec461] STATE=waiting_for_query | USER='laptop is running slow'
2025-10-28 19:58:27,846 | INFO | MainThread | [global] [air-e72e72c9-a6a7-4cbd-b0e5-7d70a2bf7360] BOT: I found these top categories for your issue — please reply with the number (1-3) of the best match:
1. Storage & Keys
2. SharePoint / OneDrive
3. SharePoint / OneDrive
2025-10-28 19:58:27,848 | INFO | MainThread | [global] [air-28664196-fa63-4409-bd38-2590b53801d4] BOT: I found these top categories for your issue — please reply with the number (1-3) of the best match:
1. Wi-Fi Issues
2. Certificates & DNS
3. VPN Access & Connectivity
2025-10-28 19:58:27,933 | INFO | MainThread | [global] [air-4b5f5984-6084-4839-b827-468e2665bd26] BOT: I found these top categories for your issue — please reply with the number (1-3) of the best match:
1. Email & Collaboration
2. Data Issues / Schema & Object Changes / Data Sync Failures
3. Mailbox & Group Emails
2025-10-28 19:58:28,141 | INFO | MainThread | [global] [air-42449165-e6b1-4e57-8033-ef72cb138423] BOT: I found these top categories for your issue — please reply with the number (1-3) of the best match:
1. External System Interfaces
2. Email & Collaboration
3. Mailbox & Group Emails
2025-10-28 19:58:28,177 | INFO | MainThread | [global] [air-8a919bf0-46b8-4b5f-9d42-4d8a1fd893e4] BOT: I found these top categories for your issue — please reply with the number (1-3) of the best match:
1. Teams / Voice
2. Wi-Fi Issues
3. General Troubleshooting
2025-10-28 19:58:28,326 | INFO | MainThread | [global] [air-12fce346-d31f-4cef-be70-43e7b437d1a1] BOT: I found these top categories for your issue — please reply with the number (1-3) of the best match:
1. Printer Issues
2. LAN / Port Issues
3. Laptop Issues
2025-10-28 19:58:28,381 | INFO | MainThread | [global] [air-bfefebc7-db12-4b90-8396-2c78fad2e95a] BOT: I found these top categories for your issue — please reply with the number (1-3) of the best match:
1. Laptop Issues
2. LAN / Port Issues
3. Asset & Backup
2025-10-28 19:58:28,414 | INFO | MainThread | [global] [air-9af76aa1-e878-4cd3-9a17-0fcd71fb10f9] BOT: I found these top categories for your issue — please reply with the number (1-3) of the best match:
1. VPN Access & Connectivity
2. VPN & Remote Access
3. Certificates & DNS
2025-10-28 19:58:28,440 | INFO | MainThread | [global] [air-bfe6226b-43c0-4ce4-a6cb-0f2d8dda0c3b] BOT: I found these top categories for your issue — please reply with the number (1-3) of the best match:
1. Authentication & MFA
2. Unauthorized Access
3. ERP Access & Permissions
2025-10-28 19:58:28,454 | INFO | MainThread | [global] [air-e8ab0dc9-71a7-40bd-9c15-7ebbb1eec461] BOT: I found these top categories for your issue — please reply with the number (1-3) of the best match:
1. Laptop Issues
2. WAN / Internet
3. Network Performance
2025-10-28 19:58:28,703 | INFO | MainThread | [global] [air-e72e72c9-a6a7-4cbd-b0e5-7d70a2bf7360] USER: 1
2025-10-28 19:58:28,703 | INFO | MainThread | [air-e72e72c9-a6a7-4cbd-b0e5-7d70a2bf7360] STATE=waiting_for_category | USER='1'
2025-10-28 19:58:30,427 | INFO | MainThread | [global] [air-e72e72c9-a6a7-4cbd-b0e5-7d70a2bf7360] BOT: Do you have access to the folder?
2025-10-28 19:58:30,431 | INFO | MainThread | [global] [air-28664196-fa63-4409-bd38-2590b53801d4] USER: 2
2025-10-28 19:58:30,432 | INFO | MainThread | [air-28664196-fa63-4409-bd38-2590b53801d4] STATE=waiting_for_category | USER='2'
2025-10-28 19:58:32,140 | INFO | MainThread | [global] [air-28664196-fa63-4409-bd38-2590b53801d4] BOT: Is the Wi-Fi working on another device?
2025-10-28 19:58:32,142 | INFO | MainThread | [global] [air-bfe6226b-43c0-4ce4-a6cb-0f2d8dda0c3b] USER: 2
2025-10-28 19:58:32,142 | INFO | MainThread | [air-bfe6226b-43c0-4ce4-a6cb-0f2d8dda0c3b] STATE=waiting_for_category | USER='2'
2025-10-28 19:58:33,755 | INFO | MainThread | [global] [air-bfe6226b-43c0-4ce4-a6cb-0f2d8dda0c3b] BOT: Is it for your personal account?
2025-10-28 19:58:33,756 | INFO | MainThread | [global] [air-e8ab0dc9-71a7-40bd-9c15-7ebbb1eec461] USER: 3
2025-10-28 19:58:33,757 | INFO | MainThread | [air-e8ab0dc9-71a7-40bd-9c15-7ebbb1eec461] STATE=waiting_for_category | USER='3'
2025-10-28 19:58:35,657 | INFO | MainThread | [global] [air-e8ab0dc9-71a7-40bd-9c15-7ebbb1eec461] BOT: Is it just the laptop, or does it happen on other devices too?
2025-10-28 19:58:35,658 | INFO | MainThread | [global] [air-4b5f5984-6084-4839-b827-468e2665bd26] USER: 2
2025-10-28 19:58:35,659 | INFO | MainThread | [air-4b5f5984-6084-4839-b827-468e2665bd26] STATE=waiting_for_category | USER='2'
2025-10-28 19:58:37,334 | INFO | MainThread | [global] [air-4b5f5984-6084-4839-b827-468e2665bd26] BOT: Is it syncing to a specific account?
2025-10-28 19:58:37,335 | INFO | MainThread | [global] [air-12fce346-d31f-4cef-be70-43e7b437d1a1] USER: 3
2025-10-28 19:58:37,336 | INFO | MainThread | [air-12fce346-d31f-4cef-be70-43e7b437d1a1] STATE=waiting_for_category | USER='3'
2025-10-28 19:58:38,930 | INFO | MainThread | [global] [air-12fce346-d31f-4cef-be70-43e7b437d1a1] BOT: Is the printer plugged in?
2025-10-28 19:58:38,931 | INFO | MainThread | [global] [air-42449165-e6b1-4e57-8033-ef72cb138423] USER: 2
2025-10-28 19:58:38,932 | INFO | MainThread | [air-42449165-e6b1-4e57-8033-ef72cb138423] STATE=waiting_for_category | USER='2'
2025-10-28 19:58:40,616 | INFO | MainThread | [global] [air-42449165-e6b1-4e57-8033-ef72cb138423] BOT: Is it for apps or data access?
2025-10-28 19:58:40,617 | INFO | MainThread | [global] [air-bfefebc7-db12-4b90-8396-2c78fad2e95a] USER: 3
2025-10-28 19:58:40,618 | INFO | MainThread | [air-bfefebc7-db12-4b90-8396-2c78fad2e95a] STATE=waiting_for_category | USER='3'
2025-10-28 19:58:42,256 | INFO | MainThread | [global] [air-bfefebc7-db12-4b90-8396-2c78fad2e95a] BOT: Is it showing an error message?
2025-10-28 19:58:42,257 | INFO | MainThread | [global] [air-8a919bf0-46b8-4b5f-9d42-4d8a1fd893e4] USER: 1
2025-10-28 19:58:42,258 | INFO | MainThread | [air-8a919bf0-46b8-4b5f-9d42-4d8a1fd893e4] STATE=waiting_for_category | USER='1'
2025-10-28 19:58:43,951 | INFO | MainThread | [global] [air-8a919bf0-46b8-4b5f-9d42-4d8a1fd893e4] BOT: Is it crashing when you join a meeting?
2025-10-28 19:58:43,952 | INFO | MainThread | [global] [air-9af76aa1-e878-4cd3-9a17-0fcd71fb10f9] USER: 2
2025-10-28 19:58:43,952 | INFO | MainThread | [air-9af76aa1-e878-4cd3-9a17-0fcd71fb10f9] STATE=waiting_for_category | USER='2'
2025-10-28 19:58:45,577 | INFO | MainThread | [global] [air-9af76aa1-e878-4cd3-9a17-0fcd71fb10f9] BOT: Is the VPN showing as connected?
2025-10-28 19:58:45,579 | INFO | MainThread | [global] [air-28664196-fa63-4409-bd38-2590b53801d4] USER: auto_answer_1_1
2025-10-28 19:58:45,580 | INFO | MainThread | [air-28664196-fa63-4409-bd38-2590b53801d4] STATE=waiting_q1 | USER='auto_answer_1_1'
2025-10-28 19:58:47,826 | INFO | MainThread | [global] [air-28664196-fa63-4409-bd38-2590b53801d4] BOT: Is the router turning on?
2025-10-28 19:58:47,827 | INFO | MainThread | [global] [air-bfe6226b-43c0-4ce4-a6cb-0f2d8dda0c3b] USER: auto_answer_1_6
2025-10-28 19:58:47,828 | INFO | MainThread | [air-bfe6226b-43c0-4ce4-a6cb-0f2d8dda0c3b] STATE=waiting_q1 | USER='auto_answer_1_6'
2025-10-28 19:58:49,936 | INFO | MainThread | [global] [air-bfe6226b-43c0-4ce4-a6cb-0f2d8dda0c3b] BOT: Is it limited to one user or multiple?
2025-10-28 19:58:49,937 | INFO | MainThread | [global] [air-e8ab0dc9-71a7-40bd-9c15-7ebbb1eec461] USER: auto_answer_1_3
2025-10-28 19:58:49,938 | INFO | MainThread | [air-e8ab0dc9-71a7-40bd-9c15-7ebbb1eec461] STATE=waiting_q1 | USER='auto_answer_1_3'
2025-10-28 19:58:52,337 | INFO | MainThread | [global] [air-e8ab0dc9-71a7-40bd-9c15-7ebbb1eec461] BOT: Is this affecting specific apps or the entire system?
2025-10-28 19:58:52,339 | INFO | MainThread | [global] [air-4b5f5984-6084-4839-b827-468e2665bd26] USER: auto_answer_1_5
2025-10-28 19:58:52,339 | INFO | MainThread | [air-4b5f5984-6084-4839-b827-468e2665bd26] STATE=waiting_q1 | USER='auto_answer_1_5'
2025-10-28 19:58:54,396 | INFO | MainThread | [global] [air-4b5f5984-6084-4839-b827-468e2665bd26] BOT: Is it for one or multiple accounts?
2025-10-28 19:58:54,397 | INFO | MainThread | [global] [air-12fce346-d31f-4cef-be70-43e7b437d1a1] USER: auto_answer_1_8
2025-10-28 19:58:54,398 | INFO | MainThread | [air-12fce346-d31f-4cef-be70-43e7b437d1a1] STATE=waiting_q1 | USER='auto_answer_1_8'
2025-10-28 19:58:56,369 | INFO | MainThread | [global] [air-12fce346-d31f-4cef-be70-43e7b437d1a1] BOT: Does the printer turn on?
2025-10-28 19:58:56,370 | INFO | MainThread | [global] [air-42449165-e6b1-4e57-8033-ef72cb138423] USER: auto_answer_1_2
2025-10-28 19:58:56,371 | INFO | MainThread | [air-42449165-e6b1-4e57-8033-ef72cb138423] STATE=waiting_q1 | USER='auto_answer_1_2'
2025-10-28 19:58:58,498 | INFO | MainThread | [global] [air-42449165-e6b1-4e57-8033-ef72cb138423] BOT: Is this affecting only one user or multiple users?
2025-10-28 19:58:58,499 | INFO | MainThread | [global] [air-bfefebc7-db12-4b90-8396-2c78fad2e95a] USER: auto_answer_1_7
2025-10-28 19:58:58,500 | INFO | MainThread | [air-bfefebc7-db12-4b90-8396-2c78fad2e95a] STATE=waiting_q1 | USER='auto_answer_1_7'
2025-10-28 19:59:00,588 | INFO | MainThread | [global] [air-bfefebc7-db12-4b90-8396-2c78fad2e95a] BOT: Is it a single system or multiple systems?
2025-10-28 19:59:00,589 | INFO | MainThread | [global] [air-e72e72c9-a6a7-4cbd-b0e5-7d70a2bf7360] USER: auto_answer_1_10
2025-10-28 19:59:00,590 | INFO | MainThread | [air-e72e72c9-a6a7-4cbd-b0e5-7d70a2bf7360] STATE=waiting_q1 | USER='auto_answer_1_10'
2025-10-28 19:59:02,706 | INFO | MainThread | [global] [air-e72e72c9-a6a7-4cbd-b0e5-7d70a2bf7360] BOT: Is it for OneDrive or multiple drives?
2025-10-28 19:59:02,707 | INFO | MainThread | [global] [air-8a919bf0-46b8-4b5f-9d42-4d8a1fd893e4] USER: auto_answer_1_9
2025-10-28 19:59:02,707 | INFO | MainThread | [air-8a919bf0-46b8-4b5f-9d42-4d8a1fd893e4] STATE=waiting_q1 | USER='auto_answer_1_9'
2025-10-28 19:59:04,860 | INFO | MainThread | [global] [air-8a919bf0-46b8-4b5f-9d42-4d8a1fd893e4] BOT: Is this affecting your account only or multiple users?
2025-10-28 19:59:04,862 | INFO | MainThread | [global] [air-28664196-fa63-4409-bd38-2590b53801d4] USER: auto_answer_2_1
2025-10-28 19:59:04,863 | INFO | MainThread | [air-28664196-fa63-4409-bd38-2590b53801d4] STATE=waiting_q2 | USER='auto_answer_2_1'
2025-10-28 19:59:07,226 | INFO | MainThread | [global] [air-28664196-fa63-4409-bd38-2590b53801d4] BOT: Has the router been restarted recently?
2025-10-28 19:59:07,227 | INFO | MainThread | [global] [air-bfe6226b-43c0-4ce4-a6cb-0f2d8dda0c3b] USER: auto_answer_2_6
2025-10-28 19:59:07,228 | INFO | MainThread | [air-bfe6226b-43c0-4ce4-a6cb-0f2d8dda0c3b] STATE=waiting_q2 | USER='auto_answer_2_6'
2025-10-28 19:59:09,787 | INFO | MainThread | [global] [air-bfe6226b-43c0-4ce4-a6cb-0f2d8dda0c3b] BOT: Have you tried resetting the password through the Jira login page?
2025-10-28 19:59:09,788 | INFO | MainThread | [global] [air-e8ab0dc9-71a7-40bd-9c15-7ebbb1eec461] USER: auto_answer_2_3
2025-10-28 19:59:09,788 | INFO | MainThread | [air-e8ab0dc9-71a7-40bd-9c15-7ebbb1eec461] STATE=waiting_q2 | USER='auto_answer_2_3'
2025-10-28 19:59:12,793 | INFO | MainThread | [global] [air-e8ab0dc9-71a7-40bd-9c15-7ebbb1eec461] BOT: Have you checked the task manager or activity monitor for any specific processes using high CPU or memory?
2025-10-28 19:59:12,795 | INFO | MainThread | [global] [air-4b5f5984-6084-4839-b827-468e2665bd26] USER: auto_answer_2_5
2025-10-28 19:59:12,795 | INFO | MainThread | [air-4b5f5984-6084-4839-b827-468e2665bd26] STATE=waiting_q2 | USER='auto_answer_2_5'
2025-10-28 19:59:15,370 | INFO | MainThread | [global] [air-4b5f5984-6084-4839-b827-468e2665bd26] BOT: Has the email been successfully syncing on any other device or platform?
2025-10-28 19:59:15,371 | INFO | MainThread | [global] [air-12fce346-d31f-4cef-be70-43e7b437d1a1] USER: auto_answer_2_8
2025-10-28 19:59:15,371 | INFO | MainThread | [air-12fce346-d31f-4cef-be70-43e7b437d1a1] STATE=waiting_q2 | USER='auto_answer_2_8'
2025-10-28 19:59:17,920 | INFO | MainThread | [global] [air-12fce346-d31f-4cef-be70-43e7b437d1a1] BOT: Has the printer been connected to the same network as your computer recently?
2025-10-28 19:59:17,921 | INFO | MainThread | [global] [air-42449165-e6b1-4e57-8033-ef72cb138423] USER: auto_answer_2_2
2025-10-28 19:59:17,921 | INFO | MainThread | [air-42449165-e6b1-4e57-8033-ef72cb138423] STATE=waiting_q2 | USER='auto_answer_2_2'
2025-10-28 19:59:20,640 | INFO | MainThread | [global] [air-42449165-e6b1-4e57-8033-ef72cb138423] BOT: Have you tried accessing D365 via web, desktop, or mobile?
2025-10-28 19:59:20,641 | INFO | MainThread | [global] [air-bfefebc7-db12-4b90-8396-2c78fad2e95a] USER: auto_answer_2_7
2025-10-28 19:59:20,642 | INFO | MainThread | [air-bfefebc7-db12-4b90-8396-2c78fad2e95a] STATE=waiting_q2 | USER='auto_answer_2_7'
2025-10-28 19:59:23,140 | INFO | MainThread | [global] [air-bfefebc7-db12-4b90-8396-2c78fad2e95a] BOT: Has the system attempted a power cycle or reboot recently?
2025-10-28 19:59:23,142 | INFO | MainThread | [global] [air-e72e72c9-a6a7-4cbd-b0e5-7d70a2bf7360] USER: auto_answer_2_10
2025-10-28 19:59:23,142 | INFO | MainThread | [air-e72e72c9-a6a7-4cbd-b0e5-7d70a2bf7360] STATE=waiting_q2 | USER='auto_answer_2_10'
2025-10-28 19:59:25,955 | INFO | MainThread | [global] [air-e72e72c9-a6a7-4cbd-b0e5-7d70a2bf7360] BOT: Have you verified that the shared folder is accessible from the network or via the correct path?
2025-10-28 19:59:25,957 | INFO | MainThread | [global] [air-9af76aa1-e878-4cd3-9a17-0fcd71fb10f9] USER: auto_answer_1_4
2025-10-28 19:59:25,957 | INFO | MainThread | [air-9af76aa1-e878-4cd3-9a17-0fcd71fb10f9] STATE=waiting_q1 | USER='auto_answer_1_4'
2025-10-28 19:59:28,087 | INFO | MainThread | [global] [air-9af76aa1-e878-4cd3-9a17-0fcd71fb10f9] BOT: Is it happening on all devices?
2025-10-28 19:59:28,091 | INFO | MainThread | [global] [air-28664196-fa63-4409-bd38-2590b53801d4] USER: auto_answer_3_1
2025-10-28 19:59:28,091 | INFO | MainThread | [air-28664196-fa63-4409-bd38-2590b53801d4] STATE=waiting_q3 | USER='auto_answer_3_1'
2025-10-28 19:59:28,091 | INFO | MainThread | [global] [air-28664196-fa63-4409-bd38-2590b53801d4] BOT: Please provide some more context or details about the issue, in form of text or screenshots. (optional)
2025-10-28 19:59:28,093 | INFO | MainThread | [global] [air-bfe6226b-43c0-4ce4-a6cb-0f2d8dda0c3b] USER: auto_answer_3_6
2025-10-28 19:59:28,093 | INFO | MainThread | [air-bfe6226b-43c0-4ce4-a6cb-0f2d8dda0c3b] STATE=waiting_q3 | USER='auto_answer_3_6'
2025-10-28 19:59:28,093 | INFO | MainThread | [global] [air-bfe6226b-43c0-4ce4-a6cb-0f2d8dda0c3b] BOT: Please provide some more context or details about the issue, in form of text or screenshots. (optional)
2025-10-28 19:59:28,094 | INFO | MainThread | [global] [air-e8ab0dc9-71a7-40bd-9c15-7ebbb1eec461] USER: auto_answer_3_3
2025-10-28 19:59:28,095 | INFO | MainThread | [air-e8ab0dc9-71a7-40bd-9c15-7ebbb1eec461] STATE=waiting_q3 | USER='auto_answer_3_3'
2025-10-28 19:59:28,095 | INFO | MainThread | [global] [air-e8ab0dc9-71a7-40bd-9c15-7ebbb1eec461] BOT: Please provide some more context or details about the issue, in form of text or screenshots. (optional)
2025-10-28 19:59:28,096 | INFO | MainThread | [global] [air-4b5f5984-6084-4839-b827-468e2665bd26] USER: auto_answer_3_5
2025-10-28 19:59:28,097 | INFO | MainThread | [air-4b5f5984-6084-4839-b827-468e2665bd26] STATE=waiting_q3 | USER='auto_answer_3_5'
2025-10-28 19:59:28,097 | INFO | MainThread | [global] [air-4b5f5984-6084-4839-b827-468e2665bd26] BOT: Please provide some more context or details about the issue, in form of text or screenshots. (optional)
2025-10-28 19:59:28,098 | INFO | MainThread | [global] [air-12fce346-d31f-4cef-be70-43e7b437d1a1] USER: auto_answer_3_8
2025-10-28 19:59:28,099 | INFO | MainThread | [air-12fce346-d31f-4cef-be70-43e7b437d1a1] STATE=waiting_q3 | USER='auto_answer_3_8'
2025-10-28 19:59:28,099 | INFO | MainThread | [global] [air-12fce346-d31f-4cef-be70-43e7b437d1a1] BOT: Please provide some more context or details about the issue, in form of text or screenshots. (optional)
2025-10-28 19:59:28,100 | INFO | MainThread | [global] [air-42449165-e6b1-4e57-8033-ef72cb138423] USER: auto_answer_3_2
2025-10-28 19:59:28,101 | INFO | MainThread | [air-42449165-e6b1-4e57-8033-ef72cb138423] STATE=waiting_q3 | USER='auto_answer_3_2'
2025-10-28 19:59:28,101 | INFO | MainThread | [global] [air-42449165-e6b1-4e57-8033-ef72cb138423] BOT: Please provide some more context or details about the issue, in form of text or screenshots. (optional)
2025-10-28 19:59:28,102 | INFO | MainThread | [global] [air-bfefebc7-db12-4b90-8396-2c78fad2e95a] USER: auto_answer_3_7
2025-10-28 19:59:28,102 | INFO | MainThread | [air-bfefebc7-db12-4b90-8396-2c78fad2e95a] STATE=waiting_q3 | USER='auto_answer_3_7'
2025-10-28 19:59:28,102 | INFO | MainThread | [global] [air-bfefebc7-db12-4b90-8396-2c78fad2e95a] BOT: Please provide some more context or details about the issue, in form of text or screenshots. (optional)
2025-10-28 19:59:28,104 | INFO | MainThread | [global] [air-e72e72c9-a6a7-4cbd-b0e5-7d70a2bf7360] USER: auto_answer_3_10
2025-10-28 19:59:28,104 | INFO | MainThread | [air-e72e72c9-a6a7-4cbd-b0e5-7d70a2bf7360] STATE=waiting_q3 | USER='auto_answer_3_10'
2025-10-28 19:59:28,105 | INFO | MainThread | [global] [air-e72e72c9-a6a7-4cbd-b0e5-7d70a2bf7360] BOT: Please provide some more context or details about the issue, in form of text or screenshots. (optional)
2025-10-28 19:59:28,107 | INFO | MainThread | [global] [air-8a919bf0-46b8-4b5f-9d42-4d8a1fd893e4] USER: auto_answer_2_9
2025-10-28 19:59:28,107 | INFO | MainThread | [air-8a919bf0-46b8-4b5f-9d42-4d8a1fd893e4] STATE=waiting_q2 | USER='auto_answer_2_9'
2025-10-28 19:59:31,002 | INFO | MainThread | [global] [air-8a919bf0-46b8-4b5f-9d42-4d8a1fd893e4] BOT: Have you checked if the issue occurs during specific actions, like joining a meeting or sharing screen?
2025-10-28 19:59:31,006 | INFO | MainThread | [global] [air-28664196-fa63-4409-bd38-2590b53801d4] USER: auto_answer_4_1
2025-10-28 19:59:31,007 | INFO | MainThread | [air-28664196-fa63-4409-bd38-2590b53801d4] STATE=waiting_q4 | USER='auto_answer_4_1'
2025-10-28 19:59:31,008 | INFO | MainThread | [global] [air-bfe6226b-43c0-4ce4-a6cb-0f2d8dda0c3b] USER: auto_answer_4_6
2025-10-28 19:59:31,009 | INFO | MainThread | [air-bfe6226b-43c0-4ce4-a6cb-0f2d8dda0c3b] STATE=waiting_q4 | USER='auto_answer_4_6'
2025-10-28 19:59:31,012 | INFO | MainThread | [global] [air-e8ab0dc9-71a7-40bd-9c15-7ebbb1eec461] USER: auto_answer_4_3
2025-10-28 19:59:31,014 | INFO | MainThread | [air-e8ab0dc9-71a7-40bd-9c15-7ebbb1eec461] STATE=waiting_q4 | USER='auto_answer_4_3'
2025-10-28 19:59:31,015 | INFO | MainThread | [global] [air-4b5f5984-6084-4839-b827-468e2665bd26] USER: auto_answer_4_5
2025-10-28 19:59:31,017 | INFO | MainThread | [air-4b5f5984-6084-4839-b827-468e2665bd26] STATE=waiting_q4 | USER='auto_answer_4_5'
2025-10-28 19:59:31,017 | INFO | MainThread | [global] [air-12fce346-d31f-4cef-be70-43e7b437d1a1] USER: auto_answer_4_8
2025-10-28 19:59:31,019 | INFO | MainThread | [air-12fce346-d31f-4cef-be70-43e7b437d1a1] STATE=waiting_q4 | USER='auto_answer_4_8'
2025-10-28 19:59:31,020 | INFO | MainThread | [global] [air-42449165-e6b1-4e57-8033-ef72cb138423] USER: auto_answer_4_2
2025-10-28 19:59:31,021 | INFO | MainThread | [air-42449165-e6b1-4e57-8033-ef72cb138423] STATE=waiting_q4 | USER='auto_answer_4_2'
2025-10-28 19:59:31,022 | INFO | MainThread | [global] [air-bfefebc7-db12-4b90-8396-2c78fad2e95a] USER: auto_answer_4_7
2025-10-28 19:59:31,024 | INFO | MainThread | [air-bfefebc7-db12-4b90-8396-2c78fad2e95a] STATE=waiting_q4 | USER='auto_answer_4_7'
2025-10-28 19:59:31,025 | INFO | MainThread | [global] [air-e72e72c9-a6a7-4cbd-b0e5-7d70a2bf7360] USER: auto_answer_4_10
2025-10-28 19:59:31,029 | INFO | MainThread | [air-e72e72c9-a6a7-4cbd-b0e5-7d70a2bf7360] STATE=waiting_q4 | USER='auto_answer_4_10'
2025-10-28 19:59:31,030 | INFO | MainThread | [global] [air-9af76aa1-e878-4cd3-9a17-0fcd71fb10f9] USER: auto_answer_2_4
2025-10-28 19:59:31,032 | INFO | MainThread | [air-9af76aa1-e878-4cd3-9a17-0fcd71fb10f9] STATE=waiting_q2 | USER='auto_answer_2_4'
2025-10-28 19:59:33,609 | INFO | MainThread | [global] [air-9af76aa1-e878-4cd3-9a17-0fcd71fb10f9] BOT: Have you tried restarting the VPN client or router?
2025-10-28 19:59:33,613 | INFO | MainThread | [global] [air-8a919bf0-46b8-4b5f-9d42-4d8a1fd893e4] USER: auto_answer_3_9
2025-10-28 19:59:33,618 | INFO | MainThread | [air-8a919bf0-46b8-4b5f-9d42-4d8a1fd893e4] STATE=waiting_q3 | USER='auto_answer_3_9'
2025-10-28 19:59:33,619 | INFO | MainThread | [global] [air-8a919bf0-46b8-4b5f-9d42-4d8a1fd893e4] BOT: Please provide some more context or details about the issue, in form of text or screenshots. (optional)
2025-10-28 19:59:34,932 | INFO | MainThread | [global] [air-8a919bf0-46b8-4b5f-9d42-4d8a1fd893e4] USER: auto_answer_4_9
2025-10-28 19:59:34,932 | INFO | MainThread | [air-8a919bf0-46b8-4b5f-9d42-4d8a1fd893e4] STATE=waiting_q4 | USER='auto_answer_4_9'
2025-10-28 19:59:35,388 | INFO | MainThread | [global] [air-9af76aa1-e878-4cd3-9a17-0fcd71fb10f9] USER: auto_answer_3_4
2025-10-28 19:59:35,388 | INFO | MainThread | [air-9af76aa1-e878-4cd3-9a17-0fcd71fb10f9] STATE=waiting_q3 | USER='auto_answer_3_4'
2025-10-28 19:59:35,389 | INFO | MainThread | [global] [air-9af76aa1-e878-4cd3-9a17-0fcd71fb10f9] BOT: Please provide some more context or details about the issue, in form of text or screenshots. (optional)
2025-10-28 19:59:35,546 | INFO | MainThread | [air-12fce346-d31f-4cef-be70-43e7b437d1a1] BOT: Ticket creation returned: 401 - {"errorMessages":["You do not have permission to create issues in this project."],"errors":{}}

Your issue has been processed successfully.
You can start a new chat if you'd like to raise another ticket. | NEXT_STATE: final
2025-10-28 19:59:35,546 | INFO | MainThread | [global] [air-12fce346-d31f-4cef-be70-43e7b437d1a1] BOT: Ticket creation returned: 401 - {"errorMessages":["You do not have permission to create issues in this project."],"errors":{}}
2025-10-28 19:59:35,547 | INFO | MainThread | [global] [air-12fce346-d31f-4cef-be70-43e7b437d1a1] ✅ Chat completed.
2025-10-28 19:59:35,550 | INFO | MainThread | [air-28664196-fa63-4409-bd38-2590b53801d4] BOT: Ticket creation returned: 401 - {"errorMessages":["You do not have permission to create issues in this project."],"errors":{}}

Your issue has been processed successfully.
You can start a new chat if you'd like to raise another ticket. | NEXT_STATE: final
2025-10-28 19:59:35,550 | INFO | MainThread | [global] [air-28664196-fa63-4409-bd38-2590b53801d4] BOT: Ticket creation returned: 401 - {"errorMessages":["You do not have permission to create issues in this project."],"errors":{}}
2025-10-28 19:59:35,550 | INFO | MainThread | [global] [air-28664196-fa63-4409-bd38-2590b53801d4] ✅ Chat completed.
2025-10-28 19:59:35,554 | INFO | MainThread | [air-e72e72c9-a6a7-4cbd-b0e5-7d70a2bf7360] BOT: Ticket creation returned: 401 - {"errorMessages":["You do not have permission to create issues in this project."],"errors":{}}

Your issue has been processed successfully.
You can start a new chat if you'd like to raise another ticket. | NEXT_STATE: final
2025-10-28 19:59:35,554 | INFO | MainThread | [global] [air-e72e72c9-a6a7-4cbd-b0e5-7d70a2bf7360] BOT: Ticket creation returned: 401 - {"errorMessages":["You do not have permission to create issues in this project."],"errors":{}}
2025-10-28 19:59:35,554 | INFO | MainThread | [global] [air-e72e72c9-a6a7-4cbd-b0e5-7d70a2bf7360] ✅ Chat completed.
2025-10-28 19:59:35,575 | INFO | MainThread | [air-bfe6226b-43c0-4ce4-a6cb-0f2d8dda0c3b] BOT: Ticket creation returned: 401 - {"errorMessages":["You do not have permission to create issues in this project."],"errors":{}}

Your issue has been processed successfully.
You can start a new chat if you'd like to raise another ticket. | NEXT_STATE: final
2025-10-28 19:59:35,575 | INFO | MainThread | [global] [air-bfe6226b-43c0-4ce4-a6cb-0f2d8dda0c3b] BOT: Ticket creation returned: 401 - {"errorMessages":["You do not have permission to create issues in this project."],"errors":{}}
2025-10-28 19:59:35,575 | INFO | MainThread | [global] [air-bfe6226b-43c0-4ce4-a6cb-0f2d8dda0c3b] ✅ Chat completed.
2025-10-28 19:59:36,234 | INFO | MainThread | [air-e8ab0dc9-71a7-40bd-9c15-7ebbb1eec461] BOT: Ticket creation returned: 401 - {"errorMessages":["You do not have permission to create issues in this project."],"errors":{}}

Your issue has been processed successfully.
You can start a new chat if you'd like to raise another ticket. | NEXT_STATE: final
2025-10-28 19:59:36,235 | INFO | MainThread | [global] [air-e8ab0dc9-71a7-40bd-9c15-7ebbb1eec461] BOT: Ticket creation returned: 401 - {"errorMessages":["You do not have permission to create issues in this project."],"errors":{}}
2025-10-28 19:59:36,235 | INFO | MainThread | [global] [air-e8ab0dc9-71a7-40bd-9c15-7ebbb1eec461] ✅ Chat completed.
2025-10-28 19:59:36,248 | INFO | MainThread | [air-42449165-e6b1-4e57-8033-ef72cb138423] BOT: Ticket creation returned: 401 - {"errorMessages":["You do not have permission to create issues in this project."],"errors":{}}

Your issue has been processed successfully.
You can start a new chat if you'd like to raise another ticket. | NEXT_STATE: final
2025-10-28 19:59:36,248 | INFO | MainThread | [global] [air-42449165-e6b1-4e57-8033-ef72cb138423] BOT: Ticket creation returned: 401 - {"errorMessages":["You do not have permission to create issues in this project."],"errors":{}}
2025-10-28 19:59:36,248 | INFO | MainThread | [global] [air-42449165-e6b1-4e57-8033-ef72cb138423] ✅ Chat completed.
2025-10-28 19:59:36,251 | INFO | MainThread | [air-4b5f5984-6084-4839-b827-468e2665bd26] BOT: Ticket creation returned: 401 - {"errorMessages":["You do not have permission to create issues in this project."],"errors":{}}

Your issue has been processed successfully.
You can start a new chat if you'd like to raise another ticket. | NEXT_STATE: final
2025-10-28 19:59:36,251 | INFO | MainThread | [global] [air-4b5f5984-6084-4839-b827-468e2665bd26] BOT: Ticket creation returned: 401 - {"errorMessages":["You do not have permission to create issues in this project."],"errors":{}}
2025-10-28 19:59:36,251 | INFO | MainThread | [global] [air-4b5f5984-6084-4839-b827-468e2665bd26] ✅ Chat completed.
2025-10-28 19:59:36,259 | INFO | MainThread | [air-bfefebc7-db12-4b90-8396-2c78fad2e95a] BOT: Ticket creation returned: 401 - {"errorMessages":["You do not have permission to create issues in this project."],"errors":{}}

Your issue has been processed successfully.
You can start a new chat if you'd like to raise another ticket. | NEXT_STATE: final
2025-10-28 19:59:36,259 | INFO | MainThread | [global] [air-bfefebc7-db12-4b90-8396-2c78fad2e95a] BOT: Ticket creation returned: 401 - {"errorMessages":["You do not have permission to create issues in this project."],"errors":{}}
2025-10-28 19:59:36,259 | INFO | MainThread | [global] [air-bfefebc7-db12-4b90-8396-2c78fad2e95a] ✅ Chat completed.
2025-10-28 19:59:36,548 | INFO | MainThread | [global] [air-9af76aa1-e878-4cd3-9a17-0fcd71fb10f9] USER: auto_answer_4_4
2025-10-28 19:59:36,548 | INFO | MainThread | [air-9af76aa1-e878-4cd3-9a17-0fcd71fb10f9] STATE=waiting_q4 | USER='auto_answer_4_4'
2025-10-28 19:59:36,754 | INFO | MainThread | [air-8a919bf0-46b8-4b5f-9d42-4d8a1fd893e4] BOT: Ticket creation returned: 401 - {"errorMessages":["You do not have permission to create issues in this project."],"errors":{}}

Your issue has been processed successfully.
You can start a new chat if you'd like to raise another ticket. | NEXT_STATE: final
2025-10-28 19:59:36,754 | INFO | MainThread | [global] [air-8a919bf0-46b8-4b5f-9d42-4d8a1fd893e4] BOT: Ticket creation returned: 401 - {"errorMessages":["You do not have permission to create issues in this project."],"errors":{}}
2025-10-28 19:59:36,754 | INFO | MainThread | [global] [air-8a919bf0-46b8-4b5f-9d42-4d8a1fd893e4] ✅ Chat completed.
2025-10-28 19:59:37,661 | INFO | MainThread | [air-9af76aa1-e878-4cd3-9a17-0fcd71fb10f9] BOT: Ticket creation returned: 401 - {"errorMessages":["You do not have permission to create issues in this project."],"errors":{}}

Your issue has been processed successfully.
You can start a new chat if you'd like to raise another ticket. | NEXT_STATE: final
2025-10-28 19:59:37,661 | INFO | MainThread | [global] [air-9af76aa1-e878-4cd3-9a17-0fcd71fb10f9] BOT: Ticket creation returned: 401 - {"errorMessages":["You do not have permission to create issues in this project."],"errors":{}}
2025-10-28 19:59:37,661 | INFO | MainThread | [global] [air-9af76aa1-e878-4cd3-9a17-0fcd71fb10f9] ✅ Chat completed.
2025-10-28 19:59:45,572 | INFO | MainThread | [global] Session air-12fce346-d31f-4cef-be70-43e7b437d1a1 cleaned up after completion.
2025-10-28 19:59:45,572 | INFO | MainThread | [global] Session air-28664196-fa63-4409-bd38-2590b53801d4 cleaned up after completion.
2025-10-28 19:59:45,572 | INFO | MainThread | [global] Session air-e72e72c9-a6a7-4cbd-b0e5-7d70a2bf7360 cleaned up after completion.
2025-10-28 19:59:45,572 | INFO | MainThread | [global] Session air-bfe6226b-43c0-4ce4-a6cb-0f2d8dda0c3b cleaned up after completion.
2025-10-28 19:59:46,261 | INFO | MainThread | [global] Session air-e8ab0dc9-71a7-40bd-9c15-7ebbb1eec461 cleaned up after completion.
2025-10-28 19:59:46,261 | INFO | MainThread | [global] Session air-42449165-e6b1-4e57-8033-ef72cb138423 cleaned up after completion.
2025-10-28 19:59:46,261 | INFO | MainThread | [global] Session air-4b5f5984-6084-4839-b827-468e2665bd26 cleaned up after completion.
2025-10-28 19:59:46,261 | INFO | MainThread | [global] Session air-bfefebc7-db12-4b90-8396-2c78fad2e95a cleaned up after completion.
2025-10-28 19:59:46,780 | INFO | MainThread | [global] Session air-8a919bf0-46b8-4b5f-9d42-4d8a1fd893e4 cleaned up after completion.
2025-10-28 19:59:47,686 | INFO | MainThread | [global] Session air-9af76aa1-e878-4cd3-9a17-0fcd71fb10f9 cleaned up after completion.
2025-10-28 20:01:14,623 | INFO | MainThread | [global] cleanup_stale_sessions task was cancelled
2025-10-28 20:01:14,623 | INFO | MainThread | [global] 🔻 Shutting down API...
2025-10-28 20:01:14,623 | INFO | MainThread | [global] ✅ Shutdown cleanup complete.
2025-10-28 20:01:24,463 | INFO | MainThread | [global] 🚀 Starting IT Support Chatbot API (async version)...
2025-10-28 20:01:24,466 | INFO | MainThread | [global] ✅ Readiness check passed — environment and dataset OK.
2025-10-28 20:01:24,466 | INFO | MainThread | [global] 🧹 Background cleanup task started.
2025-10-28 20:01:50,145 | INFO | MainThread | [global] cleanup_stale_sessions task was cancelled
2025-10-28 20:01:50,145 | INFO | MainThread | [global] 🔻 Shutting down API...
2025-10-28 20:01:50,145 | INFO | MainThread | [global] ✅ Shutdown cleanup complete.
2025-10-28 20:01:58,791 | INFO | MainThread | [global] 🚀 Starting IT Support Chatbot API (async version)...
2025-10-28 20:01:58,793 | INFO | MainThread | [global] ✅ Readiness check passed — environment and dataset OK.
2025-10-28 20:01:58,793 | INFO | MainThread | [global] 🧹 Background cleanup task started.
2025-10-28 20:01:59,452 | INFO | MainThread | [global] 🆕 New session started: air-0cbac778-e904-49e7-bfd9-6c141c2a42f3
2025-10-28 20:01:59,453 | INFO | MainThread | [global] 🆕 New session started: air-5b87c1c9-cde0-440c-a1d4-3e04d6d8de3b
2025-10-28 20:01:59,454 | INFO | MainThread | [global] 🆕 New session started: air-1fcb6a54-293d-49c5-b70d-2e019b52ed8c
2025-10-28 20:01:59,455 | INFO | MainThread | [global] 🆕 New session started: air-eddaa3c7-ee20-4c41-957c-baff628a4cd6
2025-10-28 20:01:59,456 | INFO | MainThread | [global] 🆕 New session started: air-ac043fb4-6ba7-4abe-82da-cf8f8c7bfb30
2025-10-28 20:01:59,574 | INFO | MainThread | [global] [air-1fcb6a54-293d-49c5-b70d-2e019b52ed8c] USER: email not syncing in Outlook
2025-10-28 20:01:59,574 | INFO | MainThread | [air-1fcb6a54-293d-49c5-b70d-2e019b52ed8c] STATE=waiting_for_query | USER='email not syncing in Outlook'
2025-10-28 20:01:59,621 | INFO | MainThread | [global] [air-ac043fb4-6ba7-4abe-82da-cf8f8c7bfb30] USER: VPN not connecting
2025-10-28 20:01:59,621 | INFO | MainThread | [air-ac043fb4-6ba7-4abe-82da-cf8f8c7bfb30] STATE=waiting_for_query | USER='VPN not connecting'
2025-10-28 20:01:59,748 | INFO | MainThread | [global] [air-eddaa3c7-ee20-4c41-957c-baff628a4cd6] USER: need access for D365
2025-10-28 20:01:59,749 | INFO | MainThread | [air-eddaa3c7-ee20-4c41-957c-baff628a4cd6] STATE=waiting_for_query | USER='need access for D365'
2025-10-28 20:01:59,751 | INFO | MainThread | [global] [air-5b87c1c9-cde0-440c-a1d4-3e04d6d8de3b] USER: laptop is running slow
2025-10-28 20:01:59,752 | INFO | MainThread | [air-5b87c1c9-cde0-440c-a1d4-3e04d6d8de3b] STATE=waiting_for_query | USER='laptop is running slow'
2025-10-28 20:01:59,759 | INFO | MainThread | [global] [air-0cbac778-e904-49e7-bfd9-6c141c2a42f3] USER: unable to connect to wifi
2025-10-28 20:01:59,761 | INFO | MainThread | [air-0cbac778-e904-49e7-bfd9-6c141c2a42f3] STATE=waiting_for_query | USER='unable to connect to wifi'
2025-10-28 20:02:05,021 | INFO | MainThread | [global] [air-1fcb6a54-293d-49c5-b70d-2e019b52ed8c] BOT: I found these top categories for your issue — please reply with the number (1-3) of the best match:
1. Email & Collaboration
2. Data Issues / Schema & Object Changes / Data Sync Failures
3. Mailbox & Group Emails
2025-10-28 20:02:05,165 | INFO | MainThread | [global] [air-5b87c1c9-cde0-440c-a1d4-3e04d6d8de3b] BOT: I found these top categories for your issue — please reply with the number (1-3) of the best match:
1. Laptop Issues
2. WAN / Internet
3. Network Performance
2025-10-28 20:02:05,166 | INFO | MainThread | [global] [air-ac043fb4-6ba7-4abe-82da-cf8f8c7bfb30] BOT: I found these top categories for your issue — please reply with the number (1-3) of the best match:
1. VPN Access & Connectivity
2. VPN & Remote Access
3. Certificates & DNS
2025-10-28 20:02:05,167 | INFO | MainThread | [global] [air-eddaa3c7-ee20-4c41-957c-baff628a4cd6] BOT: I found these top categories for your issue — please reply with the number (1-3) of the best match:
1. External System Interfaces
2. Email & Collaboration
3. Mailbox & Group Emails
2025-10-28 20:02:05,221 | INFO | MainThread | [global] [air-0cbac778-e904-49e7-bfd9-6c141c2a42f3] BOT: I found these top categories for your issue — please reply with the number (1-3) of the best match:
1. Wi-Fi Issues
2. Certificates & DNS
3. VPN Access & Connectivity
2025-10-28 20:02:05,225 | INFO | MainThread | [global] [air-1fcb6a54-293d-49c5-b70d-2e019b52ed8c] USER: 2
2025-10-28 20:02:05,225 | INFO | MainThread | [air-1fcb6a54-293d-49c5-b70d-2e019b52ed8c] STATE=waiting_for_category | USER='2'
2025-10-28 20:02:06,927 | INFO | MainThread | [global] [air-1fcb6a54-293d-49c5-b70d-2e019b52ed8c] BOT: Is it syncing at all?
2025-10-28 20:02:06,929 | INFO | MainThread | [global] [air-eddaa3c7-ee20-4c41-957c-baff628a4cd6] USER: 3
2025-10-28 20:02:06,929 | INFO | MainThread | [air-eddaa3c7-ee20-4c41-957c-baff628a4cd6] STATE=waiting_for_category | USER='3'
2025-10-28 20:02:08,857 | INFO | MainThread | [global] [air-eddaa3c7-ee20-4c41-957c-baff628a4cd6] BOT: Do you need D365 app access or data view access?
2025-10-28 20:02:08,858 | INFO | MainThread | [global] [air-0cbac778-e904-49e7-bfd9-6c141c2a42f3] USER: 3
2025-10-28 20:02:08,859 | INFO | MainThread | [air-0cbac778-e904-49e7-bfd9-6c141c2a42f3] STATE=waiting_for_category | USER='3'
2025-10-28 20:02:10,447 | INFO | MainThread | [global] [air-0cbac778-e904-49e7-bfd9-6c141c2a42f3] BOT: Is your router working?
2025-10-28 20:02:10,448 | INFO | MainThread | [global] [air-ac043fb4-6ba7-4abe-82da-cf8f8c7bfb30] USER: 2
2025-10-28 20:02:10,449 | INFO | MainThread | [air-ac043fb4-6ba7-4abe-82da-cf8f8c7bfb30] STATE=waiting_for_category | USER='2'
2025-10-28 20:02:12,197 | INFO | MainThread | [global] [air-ac043fb4-6ba7-4abe-82da-cf8f8c7bfb30] BOT: Is it connecting to the right server?
2025-10-28 20:02:12,200 | INFO | MainThread | [global] [air-5b87c1c9-cde0-440c-a1d4-3e04d6d8de3b] USER: 2
2025-10-28 20:02:12,200 | INFO | MainThread | [air-5b87c1c9-cde0-440c-a1d4-3e04d6d8de3b] STATE=waiting_for_category | USER='2'
2025-10-28 20:02:14,026 | INFO | MainThread | [global] [air-5b87c1c9-cde0-440c-a1d4-3e04d6d8de3b] BOT: Is it just the laptop, or the whole system?
2025-10-28 20:02:14,028 | INFO | MainThread | [global] [air-eddaa3c7-ee20-4c41-957c-baff628a4cd6] USER: auto_answer_1_2
2025-10-28 20:02:14,028 | INFO | MainThread | [air-eddaa3c7-ee20-4c41-957c-baff628a4cd6] STATE=waiting_q1 | USER='auto_answer_1_2'
2025-10-28 20:02:16,402 | INFO | MainThread | [global] [air-eddaa3c7-ee20-4c41-957c-baff628a4cd6] BOT: Is this for one or multiple users?
2025-10-28 20:02:16,403 | INFO | MainThread | [global] [air-0cbac778-e904-49e7-bfd9-6c141c2a42f3] USER: auto_answer_1_1
2025-10-28 20:02:16,403 | INFO | MainThread | [air-0cbac778-e904-49e7-bfd9-6c141c2a42f3] STATE=waiting_q1 | USER='auto_answer_1_1'
2025-10-28 20:02:18,449 | INFO | MainThread | [global] [air-0cbac778-e904-49e7-bfd9-6c141c2a42f3] BOT: Is this happening on all devices?
2025-10-28 20:02:18,449 | INFO | MainThread | [global] [air-1fcb6a54-293d-49c5-b70d-2e019b52ed8c] USER: auto_answer_1_5
2025-10-28 20:02:18,450 | INFO | MainThread | [air-1fcb6a54-293d-49c5-b70d-2e019b52ed8c] STATE=waiting_q1 | USER='auto_answer_1_5'
2025-10-28 20:02:20,467 | INFO | MainThread | [global] [air-1fcb6a54-293d-49c5-b70d-2e019b52ed8c] BOT: Is it syncing at all?
2025-10-28 20:02:20,469 | INFO | MainThread | [global] [air-ac043fb4-6ba7-4abe-82da-cf8f8c7bfb30] USER: auto_answer_1_4
2025-10-28 20:02:20,470 | INFO | MainThread | [air-ac043fb4-6ba7-4abe-82da-cf8f8c7bfb30] STATE=waiting_q1 | USER='auto_answer_1_4'
2025-10-28 20:02:22,503 | INFO | MainThread | [global] [air-ac043fb4-6ba7-4abe-82da-cf8f8c7bfb30] BOT: Is it working for others?
2025-10-28 20:02:22,505 | INFO | MainThread | [global] [air-eddaa3c7-ee20-4c41-957c-baff628a4cd6] USER: auto_answer_2_2
2025-10-28 20:02:22,506 | INFO | MainThread | [air-eddaa3c7-ee20-4c41-957c-baff628a4cd6] STATE=waiting_q2 | USER='auto_answer_2_2'
2025-10-28 20:02:25,236 | INFO | MainThread | [global] [air-eddaa3c7-ee20-4c41-957c-baff628a4cd6] BOT: Do you have a specific list of users who need D365 access?
2025-10-28 20:02:25,238 | INFO | MainThread | [global] [air-5b87c1c9-cde0-440c-a1d4-3e04d6d8de3b] USER: auto_answer_1_3
2025-10-28 20:02:25,238 | INFO | MainThread | [air-5b87c1c9-cde0-440c-a1d4-3e04d6d8de3b] STATE=waiting_q1 | USER='auto_answer_1_3'
2025-10-28 20:02:27,424 | INFO | MainThread | [global] [air-5b87c1c9-cde0-440c-a1d4-3e04d6d8de3b] BOT: Is this affecting only one device or multiple users?
2025-10-28 20:02:27,425 | INFO | MainThread | [global] [air-1fcb6a54-293d-49c5-b70d-2e019b52ed8c] USER: auto_answer_2_5
2025-10-28 20:02:27,425 | INFO | MainThread | [air-1fcb6a54-293d-49c5-b70d-2e019b52ed8c] STATE=waiting_q2 | USER='auto_answer_2_5'
2025-10-28 20:02:30,074 | INFO | MainThread | [global] [air-1fcb6a54-293d-49c5-b70d-2e019b52ed8c] BOT: Has the email been successfully syncing on any other device or account?
2025-10-28 20:02:30,076 | INFO | MainThread | [global] [air-0cbac778-e904-49e7-bfd9-6c141c2a42f3] USER: auto_answer_2_1
2025-10-28 20:02:30,076 | INFO | MainThread | [air-0cbac778-e904-49e7-bfd9-6c141c2a42f3] STATE=waiting_q2 | USER='auto_answer_2_1'
2025-10-28 20:02:32,600 | INFO | MainThread | [global] [air-0cbac778-e904-49e7-bfd9-6c141c2a42f3] BOT: Have you tried restarting your router or device?
2025-10-28 20:02:32,602 | INFO | MainThread | [global] [air-eddaa3c7-ee20-4c41-957c-baff628a4cd6] USER: auto_answer_3_2
2025-10-28 20:02:32,603 | INFO | MainThread | [air-eddaa3c7-ee20-4c41-957c-baff628a4cd6] STATE=waiting_q3 | USER='auto_answer_3_2'
2025-10-28 20:02:32,603 | INFO | MainThread | [global] [air-eddaa3c7-ee20-4c41-957c-baff628a4cd6] BOT: Please provide some more context or details about the issue, in form of text or screenshots. (optional)
2025-10-28 20:02:32,604 | INFO | MainThread | [global] [air-5b87c1c9-cde0-440c-a1d4-3e04d6d8de3b] USER: auto_answer_2_3
2025-10-28 20:02:32,605 | INFO | MainThread | [air-5b87c1c9-cde0-440c-a1d4-3e04d6d8de3b] STATE=waiting_q2 | USER='auto_answer_2_3'
2025-10-28 20:02:35,376 | INFO | MainThread | [global] [air-5b87c1c9-cde0-440c-a1d4-3e04d6d8de3b] BOT: Have you checked if the laptop has sufficient RAM or storage space?
2025-10-28 20:02:35,378 | INFO | MainThread | [global] [air-1fcb6a54-293d-49c5-b70d-2e019b52ed8c] USER: auto_answer_3_5
2025-10-28 20:02:35,378 | INFO | MainThread | [air-1fcb6a54-293d-49c5-b70d-2e019b52ed8c] STATE=waiting_q3 | USER='auto_answer_3_5'
2025-10-28 20:02:35,378 | INFO | MainThread | [global] [air-1fcb6a54-293d-49c5-b70d-2e019b52ed8c] BOT: Please provide some more context or details about the issue, in form of text or screenshots. (optional)
2025-10-28 20:02:35,380 | INFO | MainThread | [global] [air-ac043fb4-6ba7-4abe-82da-cf8f8c7bfb30] USER: auto_answer_2_4
2025-10-28 20:02:35,380 | INFO | MainThread | [air-ac043fb4-6ba7-4abe-82da-cf8f8c7bfb30] STATE=waiting_q2 | USER='auto_answer_2_4'
2025-10-28 20:02:38,209 | INFO | MainThread | [global] [air-ac043fb4-6ba7-4abe-82da-cf8f8c7bfb30] BOT: Have you verified the VPN client is configured with the correct server address and authentication settings?
2025-10-28 20:02:38,211 | INFO | MainThread | [global] [air-eddaa3c7-ee20-4c41-957c-baff628a4cd6] USER: auto_answer_4_2
2025-10-28 20:02:38,212 | INFO | MainThread | [air-eddaa3c7-ee20-4c41-957c-baff628a4cd6] STATE=waiting_q4 | USER='auto_answer_4_2'
2025-10-28 20:02:38,213 | INFO | MainThread | [global] [air-5b87c1c9-cde0-440c-a1d4-3e04d6d8de3b] USER: auto_answer_3_3
2025-10-28 20:02:38,214 | INFO | MainThread | [air-5b87c1c9-cde0-440c-a1d4-3e04d6d8de3b] STATE=waiting_q3 | USER='auto_answer_3_3'
2025-10-28 20:02:38,214 | INFO | MainThread | [global] [air-5b87c1c9-cde0-440c-a1d4-3e04d6d8de3b] BOT: Please provide some more context or details about the issue, in form of text or screenshots. (optional)
2025-10-28 20:02:38,215 | INFO | MainThread | [global] [air-1fcb6a54-293d-49c5-b70d-2e019b52ed8c] USER: auto_answer_4_5
2025-10-28 20:02:38,216 | INFO | MainThread | [air-1fcb6a54-293d-49c5-b70d-2e019b52ed8c] STATE=waiting_q4 | USER='auto_answer_4_5'
2025-10-28 20:02:38,230 | INFO | MainThread | [global] [air-0cbac778-e904-49e7-bfd9-6c141c2a42f3] USER: auto_answer_3_1
2025-10-28 20:02:38,233 | INFO | MainThread | [air-0cbac778-e904-49e7-bfd9-6c141c2a42f3] STATE=waiting_q3 | USER='auto_answer_3_1'
2025-10-28 20:02:38,233 | INFO | MainThread | [global] [air-0cbac778-e904-49e7-bfd9-6c141c2a42f3] BOT: Please provide some more context or details about the issue, in form of text or screenshots. (optional)
2025-10-28 20:02:38,399 | INFO | MainThread | [global] [air-0cbac778-e904-49e7-bfd9-6c141c2a42f3] USER: auto_answer_4_1
2025-10-28 20:02:38,400 | INFO | MainThread | [air-0cbac778-e904-49e7-bfd9-6c141c2a42f3] STATE=waiting_q4 | USER='auto_answer_4_1'
2025-10-28 20:02:38,510 | INFO | MainThread | [global] [air-5b87c1c9-cde0-440c-a1d4-3e04d6d8de3b] USER: auto_answer_4_3
2025-10-28 20:02:38,510 | INFO | MainThread | [air-5b87c1c9-cde0-440c-a1d4-3e04d6d8de3b] STATE=waiting_q4 | USER='auto_answer_4_3'
2025-10-28 20:02:38,511 | INFO | MainThread | [global] [air-ac043fb4-6ba7-4abe-82da-cf8f8c7bfb30] USER: auto_answer_3_4
2025-10-28 20:02:38,512 | INFO | MainThread | [air-ac043fb4-6ba7-4abe-82da-cf8f8c7bfb30] STATE=waiting_q3 | USER='auto_answer_3_4'
2025-10-28 20:02:38,512 | INFO | MainThread | [global] [air-ac043fb4-6ba7-4abe-82da-cf8f8c7bfb30] BOT: Please provide some more context or details about the issue, in form of text or screenshots. (optional)
2025-10-28 20:02:38,727 | INFO | MainThread | [global] [air-ac043fb4-6ba7-4abe-82da-cf8f8c7bfb30] USER: auto_answer_4_4
2025-10-28 20:02:38,728 | INFO | MainThread | [air-ac043fb4-6ba7-4abe-82da-cf8f8c7bfb30] STATE=waiting_q4 | USER='auto_answer_4_4'
2025-10-28 20:02:38,783 | INFO | MainThread | [air-1fcb6a54-293d-49c5-b70d-2e019b52ed8c] BOT: Ticket creation returned: 401 - {"errorMessages":["You do not have permission to create issues in this project."],"errors":{}}

Your issue has been processed successfully.
You can start a new chat if you'd like to raise another ticket. | NEXT_STATE: final
2025-10-28 20:02:38,784 | INFO | MainThread | [global] [air-1fcb6a54-293d-49c5-b70d-2e019b52ed8c] BOT: Ticket creation returned: 401 - {"errorMessages":["You do not have permission to create issues in this project."],"errors":{}}
2025-10-28 20:02:38,784 | INFO | MainThread | [global] [air-1fcb6a54-293d-49c5-b70d-2e019b52ed8c] ✅ Chat completed.
2025-10-28 20:02:38,803 | INFO | MainThread | [global] 🆕 New session started: air-b5e08103-721f-49e2-a9dd-70bda9325c07
2025-10-28 20:02:38,930 | INFO | MainThread | [global] [air-b5e08103-721f-49e2-a9dd-70bda9325c07] USER: forgot password for Jira
2025-10-28 20:02:38,930 | INFO | MainThread | [air-b5e08103-721f-49e2-a9dd-70bda9325c07] STATE=waiting_for_query | USER='forgot password for Jira'
2025-10-28 20:02:39,176 | INFO | MainThread | [air-eddaa3c7-ee20-4c41-957c-baff628a4cd6] BOT: Ticket creation returned: 401 - {"errorMessages":["You do not have permission to create issues in this project."],"errors":{}}

Your issue has been processed successfully.
You can start a new chat if you'd like to raise another ticket. | NEXT_STATE: final
2025-10-28 20:02:39,178 | INFO | MainThread | [global] [air-eddaa3c7-ee20-4c41-957c-baff628a4cd6] BOT: Ticket creation returned: 401 - {"errorMessages":["You do not have permission to create issues in this project."],"errors":{}}
2025-10-28 20:02:39,178 | INFO | MainThread | [global] [air-eddaa3c7-ee20-4c41-957c-baff628a4cd6] ✅ Chat completed.
2025-10-28 20:02:39,211 | INFO | MainThread | [global] 🆕 New session started: air-f24a4154-5f76-449d-8046-d708222cc9a3
2025-10-28 20:02:39,295 | INFO | MainThread | [air-0cbac778-e904-49e7-bfd9-6c141c2a42f3] BOT: Ticket creation returned: 401 - {"errorMessages":["You do not have permission to create issues in this project."],"errors":{}}

Your issue has been processed successfully.
You can start a new chat if you'd like to raise another ticket. | NEXT_STATE: final
2025-10-28 20:02:39,295 | INFO | MainThread | [global] [air-0cbac778-e904-49e7-bfd9-6c141c2a42f3] BOT: Ticket creation returned: 401 - {"errorMessages":["You do not have permission to create issues in this project."],"errors":{}}
2025-10-28 20:02:39,295 | INFO | MainThread | [global] [air-0cbac778-e904-49e7-bfd9-6c141c2a42f3] ✅ Chat completed.
2025-10-28 20:02:39,319 | INFO | MainThread | [global] 🆕 New session started: air-15eb2f87-c10f-4899-babe-3803a99b32f6
2025-10-28 20:02:39,360 | INFO | MainThread | [air-5b87c1c9-cde0-440c-a1d4-3e04d6d8de3b] BOT: Ticket creation returned: 401 - {"errorMessages":["You do not have permission to create issues in this project."],"errors":{}}

Your issue has been processed successfully.
You can start a new chat if you'd like to raise another ticket. | NEXT_STATE: final
2025-10-28 20:02:39,360 | INFO | MainThread | [global] [air-5b87c1c9-cde0-440c-a1d4-3e04d6d8de3b] BOT: Ticket creation returned: 401 - {"errorMessages":["You do not have permission to create issues in this project."],"errors":{}}
2025-10-28 20:02:39,360 | INFO | MainThread | [global] [air-5b87c1c9-cde0-440c-a1d4-3e04d6d8de3b] ✅ Chat completed.
2025-10-28 20:02:39,367 | INFO | MainThread | [global] [air-f24a4154-5f76-449d-8046-d708222cc9a3] USER: system not booting up
2025-10-28 20:02:39,368 | INFO | MainThread | [air-f24a4154-5f76-449d-8046-d708222cc9a3] STATE=waiting_for_query | USER='system not booting up'
2025-10-28 20:02:39,385 | INFO | MainThread | [global] 🆕 New session started: air-0ea4b7d1-5b41-4c4c-b960-6ab37c370990
2025-10-28 20:02:39,491 | INFO | MainThread | [air-ac043fb4-6ba7-4abe-82da-cf8f8c7bfb30] BOT: Ticket creation returned: 401 - {"errorMessages":["You do not have permission to create issues in this project."],"errors":{}}

Your issue has been processed successfully.
You can start a new chat if you'd like to raise another ticket. | NEXT_STATE: final
2025-10-28 20:02:39,491 | INFO | MainThread | [global] [air-ac043fb4-6ba7-4abe-82da-cf8f8c7bfb30] BOT: Ticket creation returned: 401 - {"errorMessages":["You do not have permission to create issues in this project."],"errors":{}}
2025-10-28 20:02:39,492 | INFO | MainThread | [global] [air-ac043fb4-6ba7-4abe-82da-cf8f8c7bfb30] ✅ Chat completed.
2025-10-28 20:02:39,500 | INFO | MainThread | [global] [air-15eb2f87-c10f-4899-babe-3803a99b32f6] USER: printer not detected
2025-10-28 20:02:39,500 | INFO | MainThread | [air-15eb2f87-c10f-4899-babe-3803a99b32f6] STATE=waiting_for_query | USER='printer not detected'
2025-10-28 20:02:39,522 | INFO | MainThread | [global] 🆕 New session started: air-a0a85c2b-b378-46a7-a348-8b00073658ef
2025-10-28 20:02:39,572 | INFO | MainThread | [global] [air-0ea4b7d1-5b41-4c4c-b960-6ab37c370990] USER: Teams keeps crashing
2025-10-28 20:02:39,573 | INFO | MainThread | [air-0ea4b7d1-5b41-4c4c-b960-6ab37c370990] STATE=waiting_for_query | USER='Teams keeps crashing'
2025-10-28 20:02:39,778 | INFO | MainThread | [global] [air-a0a85c2b-b378-46a7-a348-8b00073658ef] USER: unable to access shared folder
2025-10-28 20:02:39,780 | INFO | MainThread | [air-a0a85c2b-b378-46a7-a348-8b00073658ef] STATE=waiting_for_query | USER='unable to access shared folder'
2025-10-28 20:02:42,443 | INFO | MainThread | [global] [air-b5e08103-721f-49e2-a9dd-70bda9325c07] BOT: I found these top categories for your issue — please reply with the number (1-3) of the best match:
1. Authentication & MFA
2. Unauthorized Access
3. ERP Access & Permissions
2025-10-28 20:02:42,731 | INFO | MainThread | [global] [air-b5e08103-721f-49e2-a9dd-70bda9325c07] USER: 2
2025-10-28 20:02:42,732 | INFO | MainThread | [air-b5e08103-721f-49e2-a9dd-70bda9325c07] STATE=waiting_for_category | USER='2'
2025-10-28 20:02:44,715 | INFO | MainThread | [global] [air-b5e08103-721f-49e2-a9dd-70bda9325c07] BOT: Is it for your personal account?
2025-10-28 20:02:44,717 | INFO | MainThread | [global] [air-15eb2f87-c10f-4899-babe-3803a99b32f6] BOT: I found these top categories for your issue — please reply with the number (1-3) of the best match:
1. Printer Issues
2. LAN / Port Issues
3. Laptop Issues
2025-10-28 20:02:44,718 | INFO | MainThread | [global] [air-0ea4b7d1-5b41-4c4c-b960-6ab37c370990] BOT: I found these top categories for your issue — please reply with the number (1-3) of the best match:
1. Teams / Voice
2. Wi-Fi Issues
3. General Troubleshooting
2025-10-28 20:02:44,719 | INFO | MainThread | [global] [air-f24a4154-5f76-449d-8046-d708222cc9a3] BOT: I found these top categories for your issue — please reply with the number (1-3) of the best match:
1. Laptop Issues
2. LAN / Port Issues
3. Asset & Backup
2025-10-28 20:02:44,721 | INFO | MainThread | [global] [air-a0a85c2b-b378-46a7-a348-8b00073658ef] BOT: I found these top categories for your issue — please reply with the number (1-3) of the best match:
1. Storage & Keys
2. SharePoint / OneDrive
3. SharePoint / OneDrive
2025-10-28 20:02:44,868 | INFO | MainThread | [global] [air-f24a4154-5f76-449d-8046-d708222cc9a3] USER: 2
2025-10-28 20:02:44,869 | INFO | MainThread | [air-f24a4154-5f76-449d-8046-d708222cc9a3] STATE=waiting_for_category | USER='2'
2025-10-28 20:02:46,835 | INFO | MainThread | [global] [air-f24a4154-5f76-449d-8046-d708222cc9a3] BOT: Is it showing any error code?
2025-10-28 20:02:46,840 | INFO | MainThread | [global] [air-0ea4b7d1-5b41-4c4c-b960-6ab37c370990] USER: 3
2025-10-28 20:02:46,840 | INFO | MainThread | [air-0ea4b7d1-5b41-4c4c-b960-6ab37c370990] STATE=waiting_for_category | USER='3'
2025-10-28 20:02:49,043 | INFO | MainThread | [global] [air-0ea4b7d1-5b41-4c4c-b960-6ab37c370990] BOT: Is it crashing on startup or during use?
2025-10-28 20:02:49,046 | INFO | MainThread | [global] [air-b5e08103-721f-49e2-a9dd-70bda9325c07] USER: auto_answer_1_6
2025-10-28 20:02:49,046 | INFO | MainThread | [air-b5e08103-721f-49e2-a9dd-70bda9325c07] STATE=waiting_q1 | USER='auto_answer_1_6'
2025-10-28 20:02:51,738 | INFO | MainThread | [global] [air-b5e08103-721f-49e2-a9dd-70bda9325c07] BOT: Is it limited to one user or multiple?
2025-10-28 20:02:51,740 | INFO | MainThread | [global] [air-15eb2f87-c10f-4899-babe-3803a99b32f6] USER: 1
2025-10-28 20:02:51,740 | INFO | MainThread | [air-15eb2f87-c10f-4899-babe-3803a99b32f6] STATE=waiting_for_category | USER='1'
2025-10-28 20:02:53,641 | INFO | MainThread | [global] [air-15eb2f87-c10f-4899-babe-3803a99b32f6] BOT: Is it showing up in the list?
2025-10-28 20:02:53,643 | INFO | MainThread | [global] [air-a0a85c2b-b378-46a7-a348-8b00073658ef] USER: 3
2025-10-28 20:02:53,644 | INFO | MainThread | [air-a0a85c2b-b378-46a7-a348-8b00073658ef] STATE=waiting_for_category | USER='3'
2025-10-28 20:02:55,428 | INFO | MainThread | [global] [air-a0a85c2b-b378-46a7-a348-8b00073658ef] BOT: Can you access it from your device?
2025-10-28 20:02:55,431 | INFO | MainThread | [global] [air-f24a4154-5f76-449d-8046-d708222cc9a3] USER: auto_answer_1_7
2025-10-28 20:02:55,431 | INFO | MainThread | [air-f24a4154-5f76-449d-8046-d708222cc9a3] STATE=waiting_q1 | USER='auto_answer_1_7'
2025-10-28 20:02:57,689 | INFO | MainThread | [global] [air-f24a4154-5f76-449d-8046-d708222cc9a3] BOT: Is auto_answer_1_7 a known error code?
2025-10-28 20:02:57,691 | INFO | MainThread | [global] [air-b5e08103-721f-49e2-a9dd-70bda9325c07] USER: auto_answer_2_6
2025-10-28 20:02:57,691 | INFO | MainThread | [air-b5e08103-721f-49e2-a9dd-70bda9325c07] STATE=waiting_q2 | USER='auto_answer_2_6'
2025-10-28 20:03:00,340 | INFO | MainThread | [global] [air-b5e08103-721f-49e2-a9dd-70bda9325c07] BOT: Have you tried resetting the password through the Jira login page?
2025-10-28 20:03:00,342 | INFO | MainThread | [global] [air-15eb2f87-c10f-4899-babe-3803a99b32f6] USER: auto_answer_1_8
2025-10-28 20:03:00,343 | INFO | MainThread | [air-15eb2f87-c10f-4899-babe-3803a99b32f6] STATE=waiting_q1 | USER='auto_answer_1_8'
2025-10-28 20:03:02,496 | INFO | MainThread | [global] [air-15eb2f87-c10f-4899-babe-3803a99b32f6] BOT: Is it powered on?
2025-10-28 20:03:02,497 | INFO | MainThread | [global] [air-0ea4b7d1-5b41-4c4c-b960-6ab37c370990] USER: auto_answer_1_9
2025-10-28 20:03:02,498 | INFO | MainThread | [air-0ea4b7d1-5b41-4c4c-b960-6ab37c370990] STATE=waiting_q1 | USER='auto_answer_1_9'
2025-10-28 20:03:04,806 | INFO | MainThread | [global] [air-0ea4b7d1-5b41-4c4c-b960-6ab37c370990] BOT: Is it a specific server or multiple?
2025-10-28 20:03:04,808 | INFO | MainThread | [global] Session air-1fcb6a54-293d-49c5-b70d-2e019b52ed8c cleaned up after completion.
2025-10-28 20:03:04,808 | INFO | MainThread | [global] Session air-eddaa3c7-ee20-4c41-957c-baff628a4cd6 cleaned up after completion.
2025-10-28 20:03:04,808 | INFO | MainThread | [global] Session air-0cbac778-e904-49e7-bfd9-6c141c2a42f3 cleaned up after completion.
2025-10-28 20:03:04,809 | INFO | MainThread | [global] Session air-5b87c1c9-cde0-440c-a1d4-3e04d6d8de3b cleaned up after completion.
2025-10-28 20:03:04,809 | INFO | MainThread | [global] Session air-ac043fb4-6ba7-4abe-82da-cf8f8c7bfb30 cleaned up after completion.
2025-10-28 20:03:04,810 | INFO | MainThread | [global] [air-f24a4154-5f76-449d-8046-d708222cc9a3] USER: auto_answer_2_7
2025-10-28 20:03:04,811 | INFO | MainThread | [air-f24a4154-5f76-449d-8046-d708222cc9a3] STATE=waiting_q2 | USER='auto_answer_2_7'
2025-10-28 20:03:07,673 | INFO | MainThread | [global] [air-f24a4154-5f76-449d-8046-d708222cc9a3] BOT: Have you checked the power supply or recent system updates?
2025-10-28 20:03:07,676 | INFO | MainThread | [global] [air-b5e08103-721f-49e2-a9dd-70bda9325c07] USER: auto_answer_3_6
2025-10-28 20:03:07,676 | INFO | MainThread | [air-b5e08103-721f-49e2-a9dd-70bda9325c07] STATE=waiting_q3 | USER='auto_answer_3_6'
2025-10-28 20:03:07,677 | INFO | MainThread | [global] [air-b5e08103-721f-49e2-a9dd-70bda9325c07] BOT: Please provide some more context or details about the issue, in form of text or screenshots. (optional)
2025-10-28 20:03:07,679 | INFO | MainThread | [global] [air-15eb2f87-c10f-4899-babe-3803a99b32f6] USER: auto_answer_2_8
2025-10-28 20:03:07,679 | INFO | MainThread | [air-15eb2f87-c10f-4899-babe-3803a99b32f6] STATE=waiting_q2 | USER='auto_answer_2_8'
2025-10-28 20:03:10,361 | INFO | MainThread | [global] [air-15eb2f87-c10f-4899-babe-3803a99b32f6] BOT: Have you checked if the printer is connected to the same network as your computer?
2025-10-28 20:03:10,362 | INFO | MainThread | [global] [air-a0a85c2b-b378-46a7-a348-8b00073658ef] USER: auto_answer_1_10
2025-10-28 20:03:10,363 | INFO | MainThread | [air-a0a85c2b-b378-46a7-a348-8b00073658ef] STATE=waiting_q1 | USER='auto_answer_1_10'
2025-10-28 20:03:12,520 | INFO | MainThread | [global] [air-a0a85c2b-b378-46a7-a348-8b00073658ef] BOT: Is this affecting only your files or others?
2025-10-28 20:03:12,523 | INFO | MainThread | [global] [air-f24a4154-5f76-449d-8046-d708222cc9a3] USER: auto_answer_3_7
2025-10-28 20:03:12,523 | INFO | MainThread | [air-f24a4154-5f76-449d-8046-d708222cc9a3] STATE=waiting_q3 | USER='auto_answer_3_7'
2025-10-28 20:03:12,523 | INFO | MainThread | [global] [air-f24a4154-5f76-449d-8046-d708222cc9a3] BOT: Please provide some more context or details about the issue, in form of text or screenshots. (optional)
2025-10-28 20:03:12,525 | INFO | MainThread | [global] [air-b5e08103-721f-49e2-a9dd-70bda9325c07] USER: auto_answer_4_6
2025-10-28 20:03:12,525 | INFO | MainThread | [air-b5e08103-721f-49e2-a9dd-70bda9325c07] STATE=waiting_q4 | USER='auto_answer_4_6'
2025-10-28 20:03:12,526 | INFO | MainThread | [global] [air-15eb2f87-c10f-4899-babe-3803a99b32f6] USER: auto_answer_3_8
2025-10-28 20:03:12,527 | INFO | MainThread | [air-15eb2f87-c10f-4899-babe-3803a99b32f6] STATE=waiting_q3 | USER='auto_answer_3_8'
2025-10-28 20:03:12,527 | INFO | MainThread | [global] [air-15eb2f87-c10f-4899-babe-3803a99b32f6] BOT: Please provide some more context or details about the issue, in form of text or screenshots. (optional)
2025-10-28 20:03:12,529 | INFO | MainThread | [global] [air-0ea4b7d1-5b41-4c4c-b960-6ab37c370990] USER: auto_answer_2_9
2025-10-28 20:03:12,530 | INFO | MainThread | [air-0ea4b7d1-5b41-4c4c-b960-6ab37c370990] STATE=waiting_q2 | USER='auto_answer_2_9'
2025-10-28 20:03:15,370 | INFO | MainThread | [global] [air-0ea4b7d1-5b41-4c4c-b960-6ab37c370990] BOT: Have you tried restarting Teams or reinstalling it as a basic troubleshooting step?
2025-10-28 20:03:15,374 | INFO | MainThread | [global] [air-15eb2f87-c10f-4899-babe-3803a99b32f6] USER: auto_answer_4_8
2025-10-28 20:03:15,375 | INFO | MainThread | [air-15eb2f87-c10f-4899-babe-3803a99b32f6] STATE=waiting_q4 | USER='auto_answer_4_8'
2025-10-28 20:03:15,376 | INFO | MainThread | [global] [air-a0a85c2b-b378-46a7-a348-8b00073658ef] USER: auto_answer_2_10
2025-10-28 20:03:15,378 | INFO | MainThread | [air-a0a85c2b-b378-46a7-a348-8b00073658ef] STATE=waiting_q2 | USER='auto_answer_2_10'
2025-10-28 20:03:18,222 | INFO | MainThread | [global] [air-a0a85c2b-b378-46a7-a348-8b00073658ef] BOT: Have you tried accessing the shared folder through the web client or desktop app?
2025-10-28 20:03:18,224 | INFO | MainThread | [global] [air-f24a4154-5f76-449d-8046-d708222cc9a3] USER: auto_answer_4_7
2025-10-28 20:03:18,225 | INFO | MainThread | [air-f24a4154-5f76-449d-8046-d708222cc9a3] STATE=waiting_q4 | USER='auto_answer_4_7'
2025-10-28 20:03:18,228 | INFO | MainThread | [air-b5e08103-721f-49e2-a9dd-70bda9325c07] BOT: Ticket creation returned: 401 - {"errorMessages":["You do not have permission to create issues in this project."],"errors":{}}

Your issue has been processed successfully.
You can start a new chat if you'd like to raise another ticket. | NEXT_STATE: final
2025-10-28 20:03:18,229 | INFO | MainThread | [global] [air-b5e08103-721f-49e2-a9dd-70bda9325c07] BOT: Ticket creation returned: 401 - {"errorMessages":["You do not have permission to create issues in this project."],"errors":{}}
2025-10-28 20:03:18,229 | INFO | MainThread | [global] [air-b5e08103-721f-49e2-a9dd-70bda9325c07] ✅ Chat completed.
2025-10-28 20:03:18,235 | INFO | MainThread | [global] [air-0ea4b7d1-5b41-4c4c-b960-6ab37c370990] USER: auto_answer_3_9
2025-10-28 20:03:18,236 | INFO | MainThread | [air-0ea4b7d1-5b41-4c4c-b960-6ab37c370990] STATE=waiting_q3 | USER='auto_answer_3_9'
2025-10-28 20:03:18,236 | INFO | MainThread | [global] [air-0ea4b7d1-5b41-4c4c-b960-6ab37c370990] BOT: Please provide some more context or details about the issue, in form of text or screenshots. (optional)
2025-10-28 20:03:18,412 | INFO | MainThread | [global] [air-0ea4b7d1-5b41-4c4c-b960-6ab37c370990] USER: auto_answer_4_9
2025-10-28 20:03:18,412 | INFO | MainThread | [air-0ea4b7d1-5b41-4c4c-b960-6ab37c370990] STATE=waiting_q4 | USER='auto_answer_4_9'
2025-10-28 20:03:18,505 | INFO | MainThread | [global] [air-a0a85c2b-b378-46a7-a348-8b00073658ef] USER: auto_answer_3_10
2025-10-28 20:03:18,505 | INFO | MainThread | [air-a0a85c2b-b378-46a7-a348-8b00073658ef] STATE=waiting_q3 | USER='auto_answer_3_10'
2025-10-28 20:03:18,505 | INFO | MainThread | [global] [air-a0a85c2b-b378-46a7-a348-8b00073658ef] BOT: Please provide some more context or details about the issue, in form of text or screenshots. (optional)
2025-10-28 20:03:18,787 | INFO | MainThread | [global] [air-a0a85c2b-b378-46a7-a348-8b00073658ef] USER: auto_answer_4_10
2025-10-28 20:03:18,788 | INFO | MainThread | [air-a0a85c2b-b378-46a7-a348-8b00073658ef] STATE=waiting_q4 | USER='auto_answer_4_10'
2025-10-28 20:03:18,797 | INFO | MainThread | [air-f24a4154-5f76-449d-8046-d708222cc9a3] BOT: Ticket creation returned: 401 - {"errorMessages":["You do not have permission to create issues in this project."],"errors":{}}

Your issue has been processed successfully.
You can start a new chat if you'd like to raise another ticket. | NEXT_STATE: final
2025-10-28 20:03:18,798 | INFO | MainThread | [global] [air-f24a4154-5f76-449d-8046-d708222cc9a3] BOT: Ticket creation returned: 401 - {"errorMessages":["You do not have permission to create issues in this project."],"errors":{}}
2025-10-28 20:03:18,798 | INFO | MainThread | [global] [air-f24a4154-5f76-449d-8046-d708222cc9a3] ✅ Chat completed.
2025-10-28 20:03:18,953 | INFO | MainThread | [air-0ea4b7d1-5b41-4c4c-b960-6ab37c370990] BOT: Ticket creation returned: 401 - {"errorMessages":["You do not have permission to create issues in this project."],"errors":{}}

Your issue has been processed successfully.
You can start a new chat if you'd like to raise another ticket. | NEXT_STATE: final
2025-10-28 20:03:18,953 | INFO | MainThread | [global] [air-0ea4b7d1-5b41-4c4c-b960-6ab37c370990] BOT: Ticket creation returned: 401 - {"errorMessages":["You do not have permission to create issues in this project."],"errors":{}}
2025-10-28 20:03:18,954 | INFO | MainThread | [global] [air-0ea4b7d1-5b41-4c4c-b960-6ab37c370990] ✅ Chat completed.
2025-10-28 20:03:19,200 | INFO | MainThread | [air-15eb2f87-c10f-4899-babe-3803a99b32f6] BOT: Ticket creation returned: 401 - {"errorMessages":["You do not have permission to create issues in this project."],"errors":{}}

Your issue has been processed successfully.
You can start a new chat if you'd like to raise another ticket. | NEXT_STATE: final
2025-10-28 20:03:19,200 | INFO | MainThread | [global] [air-15eb2f87-c10f-4899-babe-3803a99b32f6] BOT: Ticket creation returned: 401 - {"errorMessages":["You do not have permission to create issues in this project."],"errors":{}}
2025-10-28 20:03:19,200 | INFO | MainThread | [global] [air-15eb2f87-c10f-4899-babe-3803a99b32f6] ✅ Chat completed.
2025-10-28 20:03:19,672 | INFO | MainThread | [air-a0a85c2b-b378-46a7-a348-8b00073658ef] BOT: Ticket creation returned: 401 - {"errorMessages":["You do not have permission to create issues in this project."],"errors":{}}

Your issue has been processed successfully.
You can start a new chat if you'd like to raise another ticket. | NEXT_STATE: final
2025-10-28 20:03:19,673 | INFO | MainThread | [global] [air-a0a85c2b-b378-46a7-a348-8b00073658ef] BOT: Ticket creation returned: 401 - {"errorMessages":["You do not have permission to create issues in this project."],"errors":{}}
2025-10-28 20:03:19,673 | INFO | MainThread | [global] [air-a0a85c2b-b378-46a7-a348-8b00073658ef] ✅ Chat completed.
2025-10-28 20:03:28,237 | INFO | MainThread | [global] Session air-b5e08103-721f-49e2-a9dd-70bda9325c07 cleaned up after completion.
2025-10-28 20:03:28,816 | INFO | MainThread | [global] Session air-f24a4154-5f76-449d-8046-d708222cc9a3 cleaned up after completion.
2025-10-28 20:03:28,972 | INFO | MainThread | [global] Session air-0ea4b7d1-5b41-4c4c-b960-6ab37c370990 cleaned up after completion.
2025-10-28 20:03:29,204 | INFO | MainThread | [global] Session air-15eb2f87-c10f-4899-babe-3803a99b32f6 cleaned up after completion.
2025-10-28 20:03:29,674 | INFO | MainThread | [global] Session air-a0a85c2b-b378-46a7-a348-8b00073658ef cleaned up after completion.
2025-10-28 20:06:46,493 | INFO | MainThread | [global] cleanup_stale_sessions task was cancelled
2025-10-28 20:06:46,493 | INFO | MainThread | [global] 🔻 Shutting down API...
2025-10-28 20:06:46,493 | INFO | MainThread | [global] ✅ Shutdown cleanup complete.
2025-10-28 20:07:15,737 | INFO | MainThread | [global] 🚀 Starting IT Support Chatbot API (async version)...
2025-10-28 20:07:15,740 | INFO | MainThread | [global] ✅ Readiness check passed — environment and dataset OK.
2025-10-28 20:07:15,740 | INFO | MainThread | [global] 🧹 Background cleanup task started.
2025-10-28 20:07:28,351 | INFO | MainThread | [global] 🆕 New session started: air-42224469-14c4-48a9-915a-f70e0dfa072d
2025-10-28 20:07:28,351 | INFO | MainThread | [global] 🆕 New session started: air-e5ddc464-c1f5-4236-aaca-445ef89bcb1c
2025-10-28 20:07:28,353 | INFO | MainThread | [global] 🆕 New session started: air-70df5597-d997-4921-bc97-a6dc55d29dee
2025-10-28 20:07:28,354 | INFO | MainThread | [global] 🆕 New session started: air-2ed5a19a-4720-4339-96ad-b42edd2d0de5
2025-10-28 20:07:28,355 | INFO | MainThread | [global] 🆕 New session started: air-81585e2b-3507-48a4-a74d-388049333c0a
2025-10-28 20:07:28,483 | INFO | MainThread | [global] [air-70df5597-d997-4921-bc97-a6dc55d29dee] USER: VPN not connecting
2025-10-28 20:07:28,486 | INFO | MainThread | [air-70df5597-d997-4921-bc97-a6dc55d29dee] STATE=waiting_for_query | USER='VPN not connecting'
2025-10-28 20:07:28,515 | INFO | MainThread | [global] [air-81585e2b-3507-48a4-a74d-388049333c0a] USER: email not syncing in Outlook
2025-10-28 20:07:28,515 | INFO | MainThread | [air-81585e2b-3507-48a4-a74d-388049333c0a] STATE=waiting_for_query | USER='email not syncing in Outlook'
2025-10-28 20:07:28,579 | INFO | MainThread | [global] [air-2ed5a19a-4720-4339-96ad-b42edd2d0de5] USER: need access for D365
2025-10-28 20:07:28,579 | INFO | MainThread | [air-2ed5a19a-4720-4339-96ad-b42edd2d0de5] STATE=waiting_for_query | USER='need access for D365'
2025-10-28 20:07:28,583 | INFO | MainThread | [global] [air-e5ddc464-c1f5-4236-aaca-445ef89bcb1c] USER: laptop is running slow
2025-10-28 20:07:28,584 | INFO | MainThread | [air-e5ddc464-c1f5-4236-aaca-445ef89bcb1c] STATE=waiting_for_query | USER='laptop is running slow'
2025-10-28 20:07:28,671 | INFO | MainThread | [global] [air-42224469-14c4-48a9-915a-f70e0dfa072d] USER: unable to connect to wifi
2025-10-28 20:07:28,671 | INFO | MainThread | [air-42224469-14c4-48a9-915a-f70e0dfa072d] STATE=waiting_for_query | USER='unable to connect to wifi'
2025-10-28 20:07:35,613 | INFO | MainThread | [global] [air-70df5597-d997-4921-bc97-a6dc55d29dee] BOT: I found these top categories for your issue — please reply with the number (1-3) of the best match:
1. VPN Access & Connectivity
2. VPN & Remote Access
3. Certificates & DNS
2025-10-28 20:07:35,708 | INFO | MainThread | [global] [air-e5ddc464-c1f5-4236-aaca-445ef89bcb1c] BOT: I found these top categories for your issue — please reply with the number (1-3) of the best match:
1. Laptop Issues
2. WAN / Internet
3. Network Performance
2025-10-28 20:07:35,889 | INFO | MainThread | [global] [air-81585e2b-3507-48a4-a74d-388049333c0a] BOT: I found these top categories for your issue — please reply with the number (1-3) of the best match:
1. Email & Collaboration
2. Data Issues / Schema & Object Changes / Data Sync Failures
3. Mailbox & Group Emails
2025-10-28 20:07:35,947 | INFO | MainThread | [global] [air-70df5597-d997-4921-bc97-a6dc55d29dee] USER: 3
2025-10-28 20:07:35,995 | INFO | MainThread | [air-70df5597-d997-4921-bc97-a6dc55d29dee] STATE=waiting_for_category | USER='3'
2025-10-28 20:09:41,906 | INFO | MainThread | [global] 🚀 Starting IT Support Chatbot API (async version)...
2025-10-28 20:09:41,909 | INFO | MainThread | [global] ✅ Readiness check passed — environment and dataset OK.
2025-10-28 20:09:41,909 | INFO | MainThread | [global] 🧹 Background cleanup task started.
2025-10-28 20:09:49,292 | INFO | MainThread | [global] 🆕 New session started: air-047c882a-aeb3-41d7-8b9a-2e5b1686c066
2025-10-28 20:09:49,293 | INFO | MainThread | [global] 🆕 New session started: air-98389ca8-c699-4886-8f2b-9645e2aca777
2025-10-28 20:09:49,294 | INFO | MainThread | [global] 🆕 New session started: air-968f9490-8e8c-4735-8e3b-7e25d607e1e7
2025-10-28 20:09:49,295 | INFO | MainThread | [global] 🆕 New session started: air-80b8952d-0d31-4b2e-82b8-34d80574979c
2025-10-28 20:09:49,296 | INFO | MainThread | [global] 🆕 New session started: air-2b064786-8617-479d-ae67-b95c6c9c46ee
2025-10-28 20:09:49,442 | INFO | MainThread | [global] [air-047c882a-aeb3-41d7-8b9a-2e5b1686c066] USER: unable to connect to wifi
2025-10-28 20:09:49,442 | INFO | MainThread | [air-047c882a-aeb3-41d7-8b9a-2e5b1686c066] STATE=waiting_for_query | USER='unable to connect to wifi'
2025-10-28 20:09:49,445 | INFO | MainThread | [global] [air-98389ca8-c699-4886-8f2b-9645e2aca777] USER: need access for D365
2025-10-28 20:09:49,445 | INFO | MainThread | [air-98389ca8-c699-4886-8f2b-9645e2aca777] STATE=waiting_for_query | USER='need access for D365'
2025-10-28 20:09:49,492 | INFO | MainThread | [global] [air-968f9490-8e8c-4735-8e3b-7e25d607e1e7] USER: laptop is running slow
2025-10-28 20:09:49,492 | INFO | MainThread | [air-968f9490-8e8c-4735-8e3b-7e25d607e1e7] STATE=waiting_for_query | USER='laptop is running slow'
2025-10-28 20:09:49,495 | INFO | MainThread | [global] [air-2b064786-8617-479d-ae67-b95c6c9c46ee] USER: VPN not connecting
2025-10-28 20:09:49,496 | INFO | MainThread | [air-2b064786-8617-479d-ae67-b95c6c9c46ee] STATE=waiting_for_query | USER='VPN not connecting'
2025-10-28 20:09:49,538 | INFO | MainThread | [global] [air-80b8952d-0d31-4b2e-82b8-34d80574979c] USER: email not syncing in Outlook
2025-10-28 20:09:49,539 | INFO | MainThread | [air-80b8952d-0d31-4b2e-82b8-34d80574979c] STATE=waiting_for_query | USER='email not syncing in Outlook'
2025-10-28 20:09:55,171 | INFO | MainThread | [global] [air-968f9490-8e8c-4735-8e3b-7e25d607e1e7] BOT: I found these top categories for your issue — please reply with the number (1-3) of the best match:
1. Laptop Issues
2. WAN / Internet
3. Network Performance
2025-10-28 20:09:55,377 | INFO | MainThread | [global] [air-968f9490-8e8c-4735-8e3b-7e25d607e1e7] USER: 3
2025-10-28 20:09:55,378 | INFO | MainThread | [air-968f9490-8e8c-4735-8e3b-7e25d607e1e7] STATE=waiting_for_category | USER='3'
2025-10-29 19:54:48,771 | INFO | MainThread | [global] 🚀 Starting IT Support Chatbot API (async version)...
2025-10-29 19:54:48,795 | INFO | MainThread | [global] ✅ Readiness check passed — environment and dataset OK.
2025-10-29 19:54:48,795 | INFO | MainThread | [global] 🧹 Background cleanup task started.
2025-10-29 19:55:03,553 | INFO | MainThread | [global] 🆕 New session started: air-9669a51c-1da5-4d2b-bc2a-4464c814b333
2025-10-29 19:55:46,286 | INFO | MainThread | [global] 🔻 Shutting down API...
2025-10-29 19:55:46,380 | INFO | MainThread | [global] ✅ Shutdown cleanup complete.
2025-10-29 19:56:16,916 | INFO | MainThread | [global] 🚀 Starting IT Support Chatbot API (async version)...
2025-10-29 19:56:16,918 | INFO | MainThread | [global] ✅ Readiness check passed — environment and dataset OK.
2025-10-29 19:56:16,918 | INFO | MainThread | [global] 🧹 Background cleanup task started.
2025-10-29 19:56:31,018 | INFO | MainThread | [global] 🆕 New session started: air-c1722260-9e29-4336-9822-4cd38acfa790
2025-10-29 19:56:52,098 | INFO | MainThread | [global] 🔻 Shutting down API...
2025-10-29 19:56:52,259 | INFO | MainThread | [global] ✅ Shutdown cleanup complete.
2025-10-29 19:57:16,722 | INFO | MainThread | [global] 🚀 Starting IT Support Chatbot API (async version)...
2025-10-29 19:57:16,724 | INFO | MainThread | [global] ✅ Readiness check passed — environment and dataset OK.
2025-10-29 19:57:16,724 | INFO | MainThread | [global] 🧹 Background cleanup task started.
2025-10-29 19:57:21,274 | INFO | MainThread | [global] 🆕 New session started: air-51c95e31-3558-4917-a5c0-d562867069e1
2025-10-29 19:57:29,987 | INFO | MainThread | [global] [air-51c95e31-3558-4917-a5c0-d562867069e1] USER: unable to connect to wifi
2025-10-29 19:57:29,987 | INFO | MainThread | [air-51c95e31-3558-4917-a5c0-d562867069e1] STATE=waiting_for_query | USER='unable to connect to wifi'
2025-10-29 19:57:55,382 | INFO | MainThread | [global] [air-51c95e31-3558-4917-a5c0-d562867069e1] BOT: I found these top categories for your issue — please reply with the number (1-3) of the best match:
1. Wi-Fi Issues
2. Certificates & DNS
3. VPN Access & Connectivity
2025-10-29 19:57:59,565 | INFO | MainThread | [global] [air-51c95e31-3558-4917-a5c0-d562867069e1] USER: Wi-Fi Issues
2025-10-29 19:57:59,565 | INFO | MainThread | [air-51c95e31-3558-4917-a5c0-d562867069e1] STATE=waiting_for_category | USER='Wi-Fi Issues'
2025-10-29 19:58:01,425 | INFO | MainThread | [global] [air-51c95e31-3558-4917-a5c0-d562867069e1] BOT: Is your device showing a Wi-Fi signal?
2025-10-29 19:58:10,167 | INFO | MainThread | [global] [air-51c95e31-3558-4917-a5c0-d562867069e1] USER: yes it is
2025-10-29 19:58:10,168 | INFO | MainThread | [air-51c95e31-3558-4917-a5c0-d562867069e1] STATE=waiting_q1 | USER='yes it is'
2025-10-29 19:58:12,007 | INFO | MainThread | [global] [air-51c95e31-3558-4917-a5c0-d562867069e1] BOT: Is it connecting to the same network?
2025-10-29 19:58:21,318 | INFO | MainThread | [global] [air-51c95e31-3558-4917-a5c0-d562867069e1] USER: yes
2025-10-29 19:58:21,319 | INFO | MainThread | [air-51c95e31-3558-4917-a5c0-d562867069e1] STATE=waiting_q2 | USER='yes'
2025-10-29 19:58:23,329 | INFO | MainThread | [global] [air-51c95e31-3558-4917-a5c0-d562867069e1] BOT: Have you tried forgetting the network and reconnecting?
2025-10-29 19:58:28,312 | INFO | MainThread | [global] [air-51c95e31-3558-4917-a5c0-d562867069e1] USER: yes i did
2025-10-29 19:58:28,313 | INFO | MainThread | [air-51c95e31-3558-4917-a5c0-d562867069e1] STATE=waiting_q3 | USER='yes i did'
2025-10-29 19:58:28,313 | INFO | MainThread | [global] [air-51c95e31-3558-4917-a5c0-d562867069e1] BOT: Please provide some more context or details about the issue, in form of text or screenshots. (optional)
2025-10-29 19:58:32,930 | INFO | MainThread | [global] [air-51c95e31-3558-4917-a5c0-d562867069e1] USER: nota
2025-10-29 19:58:32,930 | INFO | MainThread | [air-51c95e31-3558-4917-a5c0-d562867069e1] STATE=waiting_q4 | USER='nota'
2025-10-29 19:58:33,459 | INFO | MainThread | [air-51c95e31-3558-4917-a5c0-d562867069e1] BOT: Ticket creation returned: 401 - {"errorMessages":["You do not have permission to create issues in this project."],"errors":{}}

Your issue has been processed successfully.
You can start a new chat if you'd like to raise another ticket. | NEXT_STATE: final
2025-10-29 19:58:33,459 | INFO | MainThread | [global] [air-51c95e31-3558-4917-a5c0-d562867069e1] BOT: Ticket creation returned: 401 - {"errorMessages":["You do not have permission to create issues in this project."],"errors":{}}
2025-10-29 19:58:33,459 | INFO | MainThread | [global] [air-51c95e31-3558-4917-a5c0-d562867069e1] ✅ Chat completed.
2025-10-29 19:58:43,473 | INFO | MainThread | [global] Session air-51c95e31-3558-4917-a5c0-d562867069e1 cleaned up after completion.
2025-10-29 20:00:11,680 | INFO | MainThread | [global] cleanup_stale_sessions task was cancelled
2025-10-29 20:00:11,680 | INFO | MainThread | [global] 🔻 Shutting down API...
2025-10-29 20:00:11,680 | INFO | MainThread | [global] ✅ Shutdown cleanup complete.
2025-10-29 20:00:22,731 | INFO | MainThread | [global] 🚀 Starting IT Support Chatbot API (async version)...
2025-10-29 20:00:22,733 | INFO | MainThread | [global] ✅ Readiness check passed — environment and dataset OK.
2025-10-29 20:00:22,733 | INFO | MainThread | [global] 🧹 Background cleanup task started.
2025-10-29 20:00:40,279 | INFO | MainThread | [global] 🆕 New session started: air-4a6ad50a-b892-4a4a-b2ff-5feb511d399a
2025-10-29 20:00:50,483 | INFO | MainThread | [global] [air-4a6ad50a-b892-4a4a-b2ff-5feb511d399a] USER: unable to access D365
2025-10-29 20:00:50,484 | INFO | MainThread | [air-4a6ad50a-b892-4a4a-b2ff-5feb511d399a] STATE=waiting_for_query | USER='unable to access D365'
2025-10-29 20:00:57,095 | INFO | MainThread | [global] [air-4a6ad50a-b892-4a4a-b2ff-5feb511d399a] BOT: I found these top categories for your issue — please reply with the number (1-3) of the best match:
1. External System Interfaces
2. Email & Collaboration
3. DNS Records
2025-10-29 20:01:00,252 | INFO | MainThread | [global] [air-4a6ad50a-b892-4a4a-b2ff-5feb511d399a] USER: Email & Collaboration
2025-10-29 20:01:00,253 | INFO | MainThread | [air-4a6ad50a-b892-4a4a-b2ff-5feb511d399a] STATE=waiting_for_category | USER='Email & Collaboration'
2025-10-29 20:01:01,934 | INFO | MainThread | [global] [air-4a6ad50a-b892-4a4a-b2ff-5feb511d399a] BOT: Is D365 crashing or just not loading?
2025-10-29 20:01:07,238 | INFO | MainThread | [global] [air-4a6ad50a-b892-4a4a-b2ff-5feb511d399a] USER: yes
2025-10-29 20:01:07,238 | INFO | MainThread | [air-4a6ad50a-b892-4a4a-b2ff-5feb511d399a] STATE=waiting_q1 | USER='yes'
2025-10-29 20:01:09,137 | INFO | MainThread | [global] [air-4a6ad50a-b892-4a4a-b2ff-5feb511d399a] BOT: Is this affecting only your device or multiple users?
2025-10-29 20:01:13,906 | INFO | MainThread | [global] [air-4a6ad50a-b892-4a4a-b2ff-5feb511d399a] USER: yes it is
2025-10-29 20:01:13,906 | INFO | MainThread | [air-4a6ad50a-b892-4a4a-b2ff-5feb511d399a] STATE=waiting_q2 | USER='yes it is'
2025-10-29 20:01:16,463 | INFO | MainThread | [global] [air-4a6ad50a-b892-4a4a-b2ff-5feb511d399a] BOT: "Has this issue occurred across all D365 environments (e.g., online, on-premises, or both)?"
2025-10-29 20:01:25,584 | INFO | MainThread | [global] [air-4a6ad50a-b892-4a4a-b2ff-5feb511d399a] USER: yes it is
2025-10-29 20:01:25,584 | INFO | MainThread | [air-4a6ad50a-b892-4a4a-b2ff-5feb511d399a] STATE=waiting_q3 | USER='yes it is'
2025-10-29 20:01:25,584 | INFO | MainThread | [global] [air-4a6ad50a-b892-4a4a-b2ff-5feb511d399a] BOT: Please provide some more context or details about the issue, in form of text or screenshots. (optional)
2025-10-29 20:01:28,860 | INFO | MainThread | [global] [air-4a6ad50a-b892-4a4a-b2ff-5feb511d399a] USER: not
2025-10-29 20:01:28,861 | INFO | MainThread | [air-4a6ad50a-b892-4a4a-b2ff-5feb511d399a] STATE=waiting_q4 | USER='not'
2025-10-29 20:01:29,826 | INFO | MainThread | [air-4a6ad50a-b892-4a4a-b2ff-5feb511d399a] BOT: Ticket creation returned: 401 - {"errorMessages":["You do not have permission to create issues in this project."],"errors":{}}

Your issue has been processed successfully.
You can start a new chat if you'd like to raise another ticket. | NEXT_STATE: final
2025-10-29 20:01:29,826 | INFO | MainThread | [global] [air-4a6ad50a-b892-4a4a-b2ff-5feb511d399a] BOT: Ticket creation returned: 401 - {"errorMessages":["You do not have permission to create issues in this project."],"errors":{}}
2025-10-29 20:01:29,826 | INFO | MainThread | [global] [air-4a6ad50a-b892-4a4a-b2ff-5feb511d399a] ✅ Chat completed.
2025-10-29 20:01:39,848 | INFO | MainThread | [global] Session air-4a6ad50a-b892-4a4a-b2ff-5feb511d399a cleaned up after completion.
2025-10-29 20:04:57,192 | INFO | MainThread | [global] cleanup_stale_sessions task was cancelled
2025-10-29 20:04:57,193 | INFO | MainThread | [global] 🔻 Shutting down API...
2025-10-29 20:04:57,193 | INFO | MainThread | [global] ✅ Shutdown cleanup complete.
2025-10-29 20:05:08,352 | INFO | MainThread | [global] 🚀 Starting IT Support Chatbot API (async version)...
2025-10-29 20:05:08,354 | INFO | MainThread | [global] ✅ Readiness check passed — environment and dataset OK.
2025-10-29 20:05:08,355 | INFO | MainThread | [global] 🧹 Background cleanup task started.
2025-10-29 20:12:57,213 | INFO | MainThread | [global] cleanup_stale_sessions task was cancelled
2025-10-29 20:12:57,213 | INFO | MainThread | [global] 🔻 Shutting down API...
2025-10-29 20:12:57,214 | INFO | MainThread | [global] ✅ Shutdown cleanup complete.
2025-10-29 20:13:07,009 | INFO | MainThread | [global] 🚀 Starting IT Support Chatbot API (async version)...
2025-10-29 20:13:07,012 | INFO | MainThread | [global] ✅ Readiness check passed — environment and dataset OK.
2025-10-29 20:13:07,012 | INFO | MainThread | [global] 🧹 Background cleanup task started.
2025-10-29 20:13:20,142 | INFO | MainThread | [global] cleanup_stale_sessions task was cancelled
2025-10-29 20:13:20,143 | INFO | MainThread | [global] 🔻 Shutting down API...
2025-10-29 20:13:20,143 | INFO | MainThread | [global] ✅ Shutdown cleanup complete.
2025-10-29 20:13:29,384 | INFO | MainThread | [global] 🚀 Starting IT Support Chatbot API (async version)...
2025-10-29 20:13:29,386 | INFO | MainThread | [global] ✅ Readiness check passed — environment and dataset OK.
2025-10-29 20:13:29,386 | INFO | MainThread | [global] 🧹 Background cleanup task started.
2025-10-29 20:13:41,875 | INFO | MainThread | [global] cleanup_stale_sessions task was cancelled
2025-10-29 20:13:41,875 | INFO | MainThread | [global] 🔻 Shutting down API...
2025-10-29 20:13:41,875 | INFO | MainThread | [global] ✅ Shutdown cleanup complete.
2025-10-29 20:13:51,044 | INFO | MainThread | [global] 🚀 Starting IT Support Chatbot API (async version)...
2025-10-29 20:13:51,046 | INFO | MainThread | [global] ✅ Readiness check passed — environment and dataset OK.
2025-10-29 20:13:51,046 | INFO | MainThread | [global] 🧹 Background cleanup task started.
2025-10-29 20:13:51,047 | INFO | MainThread | [global] cleanup_stale_sessions task was cancelled
2025-10-29 20:13:51,047 | INFO | MainThread | [global] 🔻 Shutting down API...
2025-10-29 20:13:51,047 | INFO | MainThread | [global] ✅ Shutdown cleanup complete.
2025-10-29 20:14:00,688 | INFO | MainThread | [global] 🚀 Starting IT Support Chatbot API (async version)...
2025-10-29 20:14:00,691 | INFO | MainThread | [global] ✅ Readiness check passed — environment and dataset OK.
2025-10-29 20:14:00,691 | INFO | MainThread | [global] 🧹 Background cleanup task started.
2025-10-29 20:14:00,691 | INFO | MainThread | [global] cleanup_stale_sessions task was cancelled
2025-10-29 20:14:00,691 | INFO | MainThread | [global] 🔻 Shutting down API...
2025-10-29 20:14:00,691 | INFO | MainThread | [global] ✅ Shutdown cleanup complete.
2025-10-29 20:14:10,107 | INFO | MainThread | [global] 🚀 Starting IT Support Chatbot API (async version)...
2025-10-29 20:14:10,110 | INFO | MainThread | [global] ✅ Readiness check passed — environment and dataset OK.
2025-10-29 20:14:10,110 | INFO | MainThread | [global] 🧹 Background cleanup task started.
2025-10-29 20:16:26,725 | INFO | MainThread | [global] cleanup_stale_sessions task was cancelled
2025-10-29 20:16:26,725 | INFO | MainThread | [global] 🔻 Shutting down API...
2025-10-29 20:16:26,725 | INFO | MainThread | [global] ✅ Shutdown cleanup complete.
2025-10-30 09:47:36,799 | INFO | MainThread | [global] 🚀 Starting IT Support Chatbot API (async version)...
2025-10-30 09:47:36,818 | INFO | MainThread | [global] ✅ Readiness check passed — environment and dataset OK.
2025-10-30 09:47:36,833 | INFO | MainThread | [global] 🧹 Background cleanup task started.
2025-10-30 09:48:00,711 | INFO | MainThread | [global] 🆕 New session started: air-91f4fb29-1d56-425c-96f2-a93d32ed975e
2025-10-30 09:48:11,196 | INFO | MainThread | [global] [air-91f4fb29-1d56-425c-96f2-a93d32ed975e] USER: unable to access D365
2025-10-30 09:48:11,197 | INFO | MainThread | [air-91f4fb29-1d56-425c-96f2-a93d32ed975e] STATE=waiting_for_query | USER='unable to access D365'
2025-10-30 09:48:30,728 | INFO | MainThread | [global] [air-91f4fb29-1d56-425c-96f2-a93d32ed975e] BOT: I found these top categories for your issue — please reply with the number (1-3) of the best match:
1. External System Interfaces
2. Email & Collaboration
3. DNS Records
2025-10-30 09:48:35,609 | INFO | MainThread | [global] [air-91f4fb29-1d56-425c-96f2-a93d32ed975e] USER: Email & Collaboration
2025-10-30 09:48:35,609 | INFO | MainThread | [air-91f4fb29-1d56-425c-96f2-a93d32ed975e] STATE=waiting_for_category | USER='Email & Collaboration'
2025-10-30 09:48:37,595 | INFO | MainThread | [global] [air-91f4fb29-1d56-425c-96f2-a93d32ed975e] BOT: Is D365 crashing or just not loading?
2025-10-30 09:48:44,649 | INFO | MainThread | [global] [air-91f4fb29-1d56-425c-96f2-a93d32ed975e] USER: yes it is
2025-10-30 09:48:44,650 | INFO | MainThread | [air-91f4fb29-1d56-425c-96f2-a93d32ed975e] STATE=waiting_q1 | USER='yes it is'
2025-10-30 09:48:46,631 | INFO | MainThread | [global] [air-91f4fb29-1d56-425c-96f2-a93d32ed975e] BOT: Is this affecting only your device or multiple users?
2025-10-30 09:48:52,816 | INFO | MainThread | [global] [air-91f4fb29-1d56-425c-96f2-a93d32ed975e] USER: only me
2025-10-30 09:48:52,817 | INFO | MainThread | [air-91f4fb29-1d56-425c-96f2-a93d32ed975e] STATE=waiting_q2 | USER='only me'
2025-10-30 09:48:55,126 | INFO | MainThread | [global] [air-91f4fb29-1d56-425c-96f2-a93d32ed975e] BOT: "Has D365 crashed on startup or only during specific actions like opening a record?"
2025-10-30 09:49:01,685 | INFO | MainThread | [global] [air-91f4fb29-1d56-425c-96f2-a93d32ed975e] USER: yes
2025-10-30 09:49:01,685 | INFO | MainThread | [air-91f4fb29-1d56-425c-96f2-a93d32ed975e] STATE=waiting_q3 | USER='yes'
2025-10-30 09:49:01,685 | INFO | MainThread | [global] [air-91f4fb29-1d56-425c-96f2-a93d32ed975e] BOT: Please provide some more context or details about the issue, in form of text or screenshots. (optional)
2025-10-30 09:49:05,870 | INFO | MainThread | [global] [air-91f4fb29-1d56-425c-96f2-a93d32ed975e] USER: test
2025-10-30 09:49:05,871 | INFO | MainThread | [air-91f4fb29-1d56-425c-96f2-a93d32ed975e] STATE=waiting_q4 | USER='test'
2025-10-30 09:49:07,937 | INFO | MainThread | [air-91f4fb29-1d56-425c-96f2-a93d32ed975e] BOT: Ticket raised successfully. Reference: DITSD-105

Your issue has been processed successfully.
You can start a new chat if you'd like to raise another ticket. | NEXT_STATE: final
2025-10-30 09:49:07,938 | INFO | MainThread | [global] [air-91f4fb29-1d56-425c-96f2-a93d32ed975e] BOT: Ticket raised successfully. Reference: DITSD-105
2025-10-30 09:49:07,939 | INFO | MainThread | [global] [air-91f4fb29-1d56-425c-96f2-a93d32ed975e] ✅ Chat completed.
2025-10-30 09:49:17,936 | INFO | MainThread | [global] Session air-91f4fb29-1d56-425c-96f2-a93d32ed975e cleaned up after completion.
2025-10-30 09:50:20,749 | INFO | MainThread | [global] cleanup_stale_sessions task was cancelled
2025-10-30 09:50:20,749 | INFO | MainThread | [global] 🔻 Shutting down API...
2025-10-30 09:50:20,749 | INFO | MainThread | [global] ✅ Shutdown cleanup complete.
2025-10-30 09:50:37,096 | INFO | MainThread | [global] 🚀 Starting IT Support Chatbot API (async version)...
2025-10-30 09:50:37,099 | INFO | MainThread | [global] ✅ Readiness check passed — environment and dataset OK.
2025-10-30 09:50:37,099 | INFO | MainThread | [global] 🧹 Background cleanup task started.
2025-10-30 09:50:37,787 | INFO | MainThread | [global] 🆕 New session started: air-df73155c-1855-4d54-9e6c-33dfe9dba743
2025-10-30 09:51:49,902 | INFO | MainThread | [global] [air-df73155c-1855-4d54-9e6c-33dfe9dba743] USER: unable to connect to wifi network
2025-10-30 09:51:49,902 | INFO | MainThread | [air-df73155c-1855-4d54-9e6c-33dfe9dba743] STATE=waiting_for_query | USER='unable to connect to wifi network'
2025-10-30 09:51:57,085 | INFO | MainThread | [global] [air-df73155c-1855-4d54-9e6c-33dfe9dba743] BOT: I found these top categories for your issue — please reply with the number (1-3) of the best match:
1. Wi-Fi Issues
2. VPN Access & Connectivity
3. Firewall & Security Rules
2025-10-30 09:52:00,498 | INFO | MainThread | [global] [air-df73155c-1855-4d54-9e6c-33dfe9dba743] USER: Wi-Fi Issues
2025-10-30 09:52:00,498 | INFO | MainThread | [air-df73155c-1855-4d54-9e6c-33dfe9dba743] STATE=waiting_for_category | USER='Wi-Fi Issues'
2025-10-30 09:52:02,006 | INFO | MainThread | [global] [air-df73155c-1855-4d54-9e6c-33dfe9dba743] BOT: Is your device showing the network?
2025-10-30 09:52:12,022 | INFO | MainThread | [global] [air-df73155c-1855-4d54-9e6c-33dfe9dba743] USER: yes it is
2025-10-30 09:52:12,023 | INFO | MainThread | [air-df73155c-1855-4d54-9e6c-33dfe9dba743] STATE=waiting_q1 | USER='yes it is'
2025-10-30 09:52:13,653 | INFO | MainThread | [global] [air-df73155c-1855-4d54-9e6c-33dfe9dba743] BOT: Is the password correct?
2025-10-30 09:52:21,874 | INFO | MainThread | [global] [air-df73155c-1855-4d54-9e6c-33dfe9dba743] USER: yes i guess
2025-10-30 09:52:21,874 | INFO | MainThread | [air-df73155c-1855-4d54-9e6c-33dfe9dba743] STATE=waiting_q2 | USER='yes i guess'
2025-10-30 09:52:23,854 | INFO | MainThread | [global] [air-df73155c-1855-4d54-9e6c-33dfe9dba743] BOT: Have you tried forgetting the network and reconnecting?
2025-10-30 09:52:39,065 | INFO | MainThread | [global] [air-df73155c-1855-4d54-9e6c-33dfe9dba743] USER: yes i did
2025-10-30 09:52:39,065 | INFO | MainThread | [air-df73155c-1855-4d54-9e6c-33dfe9dba743] STATE=waiting_q3 | USER='yes i did'
2025-10-30 09:52:39,065 | INFO | MainThread | [global] [air-df73155c-1855-4d54-9e6c-33dfe9dba743] BOT: Please provide some more context or details about the issue, in form of text or screenshots. (optional)
2025-10-30 09:53:38,061 | INFO | MainThread | [global] [air-df73155c-1855-4d54-9e6c-33dfe9dba743] USER: no I can't provide
2025-10-30 09:53:38,061 | INFO | MainThread | [air-df73155c-1855-4d54-9e6c-33dfe9dba743] STATE=waiting_q4 | USER='no I can't provide'
2025-10-30 09:53:39,556 | INFO | MainThread | [air-df73155c-1855-4d54-9e6c-33dfe9dba743] BOT: Ticket raised successfully. Reference: DITSD-106

Your issue has been processed successfully.
You can start a new chat if you'd like to raise another ticket. | NEXT_STATE: final
2025-10-30 09:53:39,558 | INFO | MainThread | [global] [air-df73155c-1855-4d54-9e6c-33dfe9dba743] BOT: Ticket raised successfully. Reference: DITSD-106
2025-10-30 09:53:39,558 | INFO | MainThread | [global] [air-df73155c-1855-4d54-9e6c-33dfe9dba743] ✅ Chat completed.
2025-10-30 09:53:49,575 | INFO | MainThread | [global] Session air-df73155c-1855-4d54-9e6c-33dfe9dba743 cleaned up after completion.
2025-10-30 09:53:55,465 | INFO | MainThread | [global] cleanup_stale_sessions task was cancelled
2025-10-30 09:53:55,465 | INFO | MainThread | [global] 🔻 Shutting down API...
2025-10-30 09:53:55,465 | INFO | MainThread | [global] ✅ Shutdown cleanup complete.
2025-10-30 09:54:04,517 | INFO | MainThread | [global] 🚀 Starting IT Support Chatbot API (async version)...
2025-10-30 09:54:04,519 | INFO | MainThread | [global] ✅ Readiness check passed — environment and dataset OK.
2025-10-30 09:54:04,519 | INFO | MainThread | [global] 🧹 Background cleanup task started.
2025-10-30 09:54:24,690 | INFO | MainThread | [global] 🆕 New session started: air-8f2c7052-b156-4399-a8d0-a12764f43e89
2025-10-30 09:54:35,734 | INFO | MainThread | [global] [air-8f2c7052-b156-4399-a8d0-a12764f43e89] USER: unable to connect to wifi
2025-10-30 09:54:35,734 | INFO | MainThread | [air-8f2c7052-b156-4399-a8d0-a12764f43e89] STATE=waiting_for_query | USER='unable to connect to wifi'
2025-10-30 09:54:42,234 | INFO | MainThread | [global] [air-8f2c7052-b156-4399-a8d0-a12764f43e89] BOT: I found these top categories for your issue — please reply with the number (1-3) of the best match:
1. Wi-Fi Issues
2. Certificates & DNS
3. VPN Access & Connectivity
2025-10-30 09:54:45,765 | INFO | MainThread | [global] [air-8f2c7052-b156-4399-a8d0-a12764f43e89] USER: Wi-Fi Issues
2025-10-30 09:54:45,765 | INFO | MainThread | [air-8f2c7052-b156-4399-a8d0-a12764f43e89] STATE=waiting_for_category | USER='Wi-Fi Issues'
2025-10-30 09:54:47,310 | INFO | MainThread | [global] [air-8f2c7052-b156-4399-a8d0-a12764f43e89] BOT: Is your device showing a Wi-Fi signal?
2025-10-30 09:55:02,825 | INFO | MainThread | [global] [air-8f2c7052-b156-4399-a8d0-a12764f43e89] USER: yes it is
2025-10-30 09:55:02,825 | INFO | MainThread | [air-8f2c7052-b156-4399-a8d0-a12764f43e89] STATE=waiting_q1 | USER='yes it is'
2025-10-30 09:55:04,718 | INFO | MainThread | [global] [air-8f2c7052-b156-4399-a8d0-a12764f43e89] BOT: Is it connecting to the same network?
2025-10-30 09:55:11,647 | INFO | MainThread | [global] [air-8f2c7052-b156-4399-a8d0-a12764f43e89] USER: yes
2025-10-30 09:55:11,647 | INFO | MainThread | [air-8f2c7052-b156-4399-a8d0-a12764f43e89] STATE=waiting_q2 | USER='yes'
2025-10-30 09:55:13,691 | INFO | MainThread | [global] [air-8f2c7052-b156-4399-a8d0-a12764f43e89] BOT: Have you tried forgetting the network and reconnecting?
2025-10-30 09:55:23,057 | INFO | MainThread | [global] [air-8f2c7052-b156-4399-a8d0-a12764f43e89] USER: yes it did
2025-10-30 09:55:23,058 | INFO | MainThread | [air-8f2c7052-b156-4399-a8d0-a12764f43e89] STATE=waiting_q3 | USER='yes it did'
2025-10-30 09:55:23,058 | INFO | MainThread | [global] [air-8f2c7052-b156-4399-a8d0-a12764f43e89] BOT: Please provide some more context or details about the issue, in form of text or screenshots. (optional)
2025-10-30 09:55:41,612 | INFO | MainThread | [global] [air-8f2c7052-b156-4399-a8d0-a12764f43e89] USER: at this time, I cannot provide more information
2025-10-30 09:55:41,613 | INFO | MainThread | [air-8f2c7052-b156-4399-a8d0-a12764f43e89] STATE=waiting_q4 | USER='at this time, I cannot provide more information'
2025-10-30 09:55:43,309 | INFO | MainThread | [air-8f2c7052-b156-4399-a8d0-a12764f43e89] BOT: Ticket raised successfully. Reference: DITSD-107

Your issue has been processed successfully.
You can start a new chat if you'd like to raise another ticket. | NEXT_STATE: final
2025-10-30 09:55:43,311 | INFO | MainThread | [global] [air-8f2c7052-b156-4399-a8d0-a12764f43e89] BOT: Ticket raised successfully. Reference: DITSD-107
2025-10-30 09:55:43,311 | INFO | MainThread | [global] [air-8f2c7052-b156-4399-a8d0-a12764f43e89] ✅ Chat completed.
2025-10-30 09:55:53,308 | INFO | MainThread | [global] Session air-8f2c7052-b156-4399-a8d0-a12764f43e89 cleaned up after completion.
2025-10-30 09:56:10,450 | INFO | MainThread | [global] cleanup_stale_sessions task was cancelled
2025-10-30 09:56:10,450 | INFO | MainThread | [global] 🔻 Shutting down API...
2025-10-30 09:56:10,451 | INFO | MainThread | [global] ✅ Shutdown cleanup complete.
2025-10-30 09:56:19,221 | INFO | MainThread | [global] 🚀 Starting IT Support Chatbot API (async version)...
2025-10-30 09:56:19,223 | INFO | MainThread | [global] ✅ Readiness check passed — environment and dataset OK.
2025-10-30 09:56:19,223 | INFO | MainThread | [global] 🧹 Background cleanup task started.
2025-10-30 09:58:12,030 | INFO | MainThread | [global] cleanup_stale_sessions task was cancelled
2025-10-30 09:58:12,030 | INFO | MainThread | [global] 🔻 Shutting down API...
2025-10-30 09:58:12,030 | INFO | MainThread | [global] ✅ Shutdown cleanup complete.
2025-10-30 09:58:22,306 | INFO | MainThread | [global] 🚀 Starting IT Support Chatbot API (async version)...
2025-10-30 09:58:22,308 | INFO | MainThread | [global] ✅ Readiness check passed — environment and dataset OK.
2025-10-30 09:58:22,308 | INFO | MainThread | [global] 🧹 Background cleanup task started.
2025-10-30 10:26:50,221 | INFO | MainThread | [global] 🆕 New session started: air-fe394b30-ca3d-4776-91e0-5f5390b1676d
2025-10-30 10:27:01,145 | INFO | MainThread | [global] [air-fe394b30-ca3d-4776-91e0-5f5390b1676d] USER: laptop is running slow
2025-10-30 10:27:01,146 | INFO | MainThread | [air-fe394b30-ca3d-4776-91e0-5f5390b1676d] STATE=waiting_for_query | USER='laptop is running slow'
2025-10-30 10:27:17,100 | INFO | MainThread | [global] [air-fe394b30-ca3d-4776-91e0-5f5390b1676d] BOT: I found these top categories for your issue — please reply with the number (1-3) of the best match:
1. Laptop Issues
2. WAN / Internet
3. Network Performance
2025-10-30 10:27:20,910 | INFO | MainThread | [global] [air-fe394b30-ca3d-4776-91e0-5f5390b1676d] USER: Laptop Issues
2025-10-30 10:27:20,910 | INFO | MainThread | [air-fe394b30-ca3d-4776-91e0-5f5390b1676d] STATE=waiting_for_category | USER='Laptop Issues'
2025-10-30 10:27:22,583 | INFO | MainThread | [global] [air-fe394b30-ca3d-4776-91e0-5f5390b1676d] BOT: Is it just one app or the whole system?
2025-10-30 10:27:29,350 | INFO | MainThread | [global] [air-fe394b30-ca3d-4776-91e0-5f5390b1676d] USER: whole system
2025-10-30 10:27:29,351 | INFO | MainThread | [air-fe394b30-ca3d-4776-91e0-5f5390b1676d] STATE=waiting_q1 | USER='whole system'
2025-10-30 10:27:30,828 | INFO | MainThread | [global] [air-fe394b30-ca3d-4776-91e0-5f5390b1676d] BOT: Does it freeze randomly?
2025-10-30 10:27:42,249 | INFO | MainThread | [global] [air-fe394b30-ca3d-4776-91e0-5f5390b1676d] USER: yes
2025-10-30 10:27:42,250 | INFO | MainThread | [air-fe394b30-ca3d-4776-91e0-5f5390b1676d] STATE=waiting_q2 | USER='yes'
2025-10-30 10:27:44,442 | INFO | MainThread | [global] [air-fe394b30-ca3d-4776-91e0-5f5390b1676d] BOT: Have you recently installed any new software or updated the operating system?
2025-10-30 10:27:53,434 | INFO | MainThread | [global] [air-fe394b30-ca3d-4776-91e0-5f5390b1676d] USER: updated 
2025-10-30 10:27:53,434 | INFO | MainThread | [air-fe394b30-ca3d-4776-91e0-5f5390b1676d] STATE=waiting_q3 | USER='updated '
2025-10-30 10:27:53,434 | INFO | MainThread | [global] [air-fe394b30-ca3d-4776-91e0-5f5390b1676d] BOT: Please provide some more context or details about the issue, in form of text or screenshots. (optional)
2025-10-30 10:27:57,131 | INFO | MainThread | [global] [air-fe394b30-ca3d-4776-91e0-5f5390b1676d] USER: no
2025-10-30 10:27:57,131 | INFO | MainThread | [air-fe394b30-ca3d-4776-91e0-5f5390b1676d] STATE=waiting_q4 | USER='no'
2025-10-30 10:27:58,771 | INFO | MainThread | [air-fe394b30-ca3d-4776-91e0-5f5390b1676d] BOT: Ticket raised successfully. Reference: DITSD-108

Your issue has been processed successfully.
You can start a new chat if you'd like to raise another ticket. | NEXT_STATE: final
2025-10-30 10:27:58,774 | INFO | MainThread | [global] [air-fe394b30-ca3d-4776-91e0-5f5390b1676d] BOT: Ticket raised successfully. Reference: DITSD-108
2025-10-30 10:27:58,774 | INFO | MainThread | [global] [air-fe394b30-ca3d-4776-91e0-5f5390b1676d] ✅ Chat completed.
2025-10-30 10:28:08,777 | INFO | MainThread | [global] Session air-fe394b30-ca3d-4776-91e0-5f5390b1676d cleaned up after completion.
2025-10-30 10:30:50,561 | INFO | MainThread | [global] cleanup_stale_sessions task was cancelled
2025-10-30 10:30:50,561 | INFO | MainThread | [global] 🔻 Shutting down API...
2025-10-30 10:30:50,561 | INFO | MainThread | [global] ✅ Shutdown cleanup complete.
2025-10-30 10:31:17,281 | INFO | MainThread | [global] 🚀 Starting IT Support Chatbot API (async version)...
2025-10-30 10:31:17,282 | INFO | MainThread | [global] ✅ Readiness check passed — environment and dataset OK.
2025-10-30 10:31:17,282 | INFO | MainThread | [global] 🧹 Background cleanup task started.
2025-10-30 10:33:36,965 | INFO | MainThread | [global] 🆕 New session started: air-a371ed44-c122-4c2c-a980-040bbcad1221
2025-10-30 10:33:45,643 | INFO | MainThread | [global] [air-a371ed44-c122-4c2c-a980-040bbcad1221] USER: unable to connect to wifi
2025-10-30 10:33:45,644 | INFO | MainThread | [air-a371ed44-c122-4c2c-a980-040bbcad1221] STATE=waiting_for_query | USER='unable to connect to wifi'
2025-10-30 10:33:53,649 | INFO | MainThread | [global] [air-a371ed44-c122-4c2c-a980-040bbcad1221] BOT: I found these top categories for your issue — please reply with the number (1-3) of the best match:
1. Wi-Fi Issues
2. Certificates & DNS
3. VPN Access & Connectivity
2025-10-30 10:33:57,431 | INFO | MainThread | [global] [air-a371ed44-c122-4c2c-a980-040bbcad1221] USER: Wi-Fi Issues
2025-10-30 10:33:57,432 | INFO | MainThread | [air-a371ed44-c122-4c2c-a980-040bbcad1221] STATE=waiting_for_category | USER='Wi-Fi Issues'
2025-10-30 10:33:59,025 | INFO | MainThread | [global] [air-a371ed44-c122-4c2c-a980-040bbcad1221] BOT: Is your device showing a Wi-Fi signal?
2025-10-30 10:34:05,580 | INFO | MainThread | [global] [air-a371ed44-c122-4c2c-a980-040bbcad1221] USER: yes
2025-10-30 10:34:05,581 | INFO | MainThread | [air-a371ed44-c122-4c2c-a980-040bbcad1221] STATE=waiting_q1 | USER='yes'
2025-10-30 10:34:07,614 | INFO | MainThread | [global] [air-a371ed44-c122-4c2c-a980-040bbcad1221] BOT: Is it connecting to the same network?
2025-10-30 10:34:13,400 | INFO | MainThread | [global] [air-a371ed44-c122-4c2c-a980-040bbcad1221] USER: yes
2025-10-30 10:34:13,400 | INFO | MainThread | [air-a371ed44-c122-4c2c-a980-040bbcad1221] STATE=waiting_q2 | USER='yes'
2025-10-30 10:34:15,595 | INFO | MainThread | [global] [air-a371ed44-c122-4c2c-a980-040bbcad1221] BOT: Have you tried forgetting the network and reconnecting?
2025-10-30 10:34:20,402 | INFO | MainThread | [global] [air-a371ed44-c122-4c2c-a980-040bbcad1221] USER: yes i did
2025-10-30 10:34:20,402 | INFO | MainThread | [air-a371ed44-c122-4c2c-a980-040bbcad1221] STATE=waiting_q3 | USER='yes i did'
2025-10-30 10:34:20,402 | INFO | MainThread | [global] [air-a371ed44-c122-4c2c-a980-040bbcad1221] BOT: Please provide some more context or details about the issue, in form of text or screenshots. (optional)
2025-10-30 10:34:29,282 | INFO | MainThread | [global] [air-a371ed44-c122-4c2c-a980-040bbcad1221] USER: no
2025-10-30 10:34:29,282 | INFO | MainThread | [air-a371ed44-c122-4c2c-a980-040bbcad1221] STATE=waiting_q4 | USER='no'
2025-10-30 10:34:32,371 | INFO | MainThread | [air-a371ed44-c122-4c2c-a980-040bbcad1221] BOT: Ticket raised successfully. Reference: DITSD-109

Your issue has been processed successfully.
You can start a new chat if you'd like to raise another ticket. | NEXT_STATE: final
2025-10-30 10:34:32,372 | INFO | MainThread | [global] [air-a371ed44-c122-4c2c-a980-040bbcad1221] BOT: Ticket raised successfully. Reference: DITSD-109
2025-10-30 10:34:32,373 | INFO | MainThread | [global] [air-a371ed44-c122-4c2c-a980-040bbcad1221] ✅ Chat completed.
2025-10-30 10:34:37,805 | INFO | MainThread | [global] [air-a371ed44-c122-4c2c-a980-040bbcad1221] USER: k
2025-10-30 10:34:37,805 | INFO | MainThread | [air-a371ed44-c122-4c2c-a980-040bbcad1221] STATE=final | USER='k'
2025-10-30 10:34:37,805 | INFO | MainThread | [global] [air-a371ed44-c122-4c2c-a980-040bbcad1221] BOT: This session is already completed. Start a new chat to raise another ticket.
2025-10-30 10:34:37,805 | INFO | MainThread | [global] [air-a371ed44-c122-4c2c-a980-040bbcad1221] ✅ Chat completed.
2025-10-30 10:34:42,378 | INFO | MainThread | [global] Session air-a371ed44-c122-4c2c-a980-040bbcad1221 cleaned up after completion.
2025-10-30 10:34:47,826 | INFO | MainThread | [global] Session air-a371ed44-c122-4c2c-a980-040bbcad1221 cleaned up after completion.
2025-10-30 11:07:03,933 | INFO | MainThread | [global] cleanup_stale_sessions task was cancelled
2025-10-30 11:07:03,933 | INFO | MainThread | [global] 🔻 Shutting down API...
2025-10-30 11:07:03,933 | INFO | MainThread | [global] ✅ Shutdown cleanup complete.
2025-10-30 11:07:31,380 | INFO | MainThread | [global] 🚀 Starting IT Support Chatbot API (async version)...
2025-10-30 11:07:31,382 | INFO | MainThread | [global] ✅ Readiness check passed — environment and dataset OK.
2025-10-30 11:07:31,382 | INFO | MainThread | [global] 🧹 Background cleanup task started.
2025-10-30 11:07:32,231 | INFO | MainThread | [global] 🆕 New session started: air-e5f9490d-7ef5-465a-82a4-c24f90d488f4
2025-10-30 11:07:55,324 | INFO | MainThread | [global] [air-e5f9490d-7ef5-465a-82a4-c24f90d488f4] USER: unable to connect to wifi
2025-10-30 11:07:55,324 | INFO | MainThread | [air-e5f9490d-7ef5-465a-82a4-c24f90d488f4] STATE=waiting_for_query | USER='unable to connect to wifi'
2025-10-30 11:08:03,400 | INFO | MainThread | [global] [air-e5f9490d-7ef5-465a-82a4-c24f90d488f4] BOT: I found these top categories for your issue — please reply with the number (1-3) of the best match:
1. Wi-Fi Issues
2. Certificates & DNS
3. VPN Access & Connectivity
2025-10-30 11:08:16,507 | INFO | MainThread | [global] 🆕 New session started: air-8bd57ba2-562a-4865-8406-07bd6a852305
2025-10-30 11:08:22,121 | INFO | MainThread | [global] [air-8bd57ba2-562a-4865-8406-07bd6a852305] USER: wifi not working
2025-10-30 11:08:22,122 | INFO | MainThread | [air-8bd57ba2-562a-4865-8406-07bd6a852305] STATE=waiting_for_query | USER='wifi not working'
2025-10-30 11:08:29,554 | INFO | MainThread | [global] [air-8bd57ba2-562a-4865-8406-07bd6a852305] BOT: I found these top categories for your issue — please reply with the number (1-3) of the best match:
1. Wi-Fi Issues
2. Laptop Issues
3. DNS Records
2025-10-30 11:08:38,909 | INFO | MainThread | [global] 🆕 New session started: air-f5ad6696-4f20-41f9-9ae7-2dd3ee4f9608
2025-10-30 11:08:40,984 | INFO | MainThread | [global] cleanup_stale_sessions task was cancelled
2025-10-30 11:08:40,984 | INFO | MainThread | [global] 🔻 Shutting down API...
2025-10-30 11:08:41,104 | INFO | MainThread | [global] ✅ Shutdown cleanup complete.
2025-10-30 11:08:50,827 | INFO | MainThread | [global] 🚀 Starting IT Support Chatbot API (async version)...
2025-10-30 11:08:50,829 | INFO | MainThread | [global] ✅ Readiness check passed — environment and dataset OK.
2025-10-30 11:08:50,829 | INFO | MainThread | [global] 🧹 Background cleanup task started.
2025-10-30 11:09:00,670 | INFO | MainThread | [global] 🆕 New session started: air-50caef20-02eb-4351-8429-72e4b61efc86
2025-10-30 11:09:05,829 | INFO | MainThread | [global] [air-50caef20-02eb-4351-8429-72e4b61efc86] USER: wifi not working
2025-10-30 11:09:05,829 | INFO | MainThread | [air-50caef20-02eb-4351-8429-72e4b61efc86] STATE=waiting_for_query | USER='wifi not working'
2025-10-30 11:09:13,411 | INFO | MainThread | [global] [air-50caef20-02eb-4351-8429-72e4b61efc86] BOT: I found these top categories for your issue — please reply with the number (1-3) of the best match:
1. Wi-Fi Issues
2. Laptop Issues
3. DNS Records
2025-10-30 11:09:16,823 | INFO | MainThread | [global] 🆕 New session started: air-60fdf129-77be-4be0-8797-6e6b444f0ca3
2025-10-30 11:11:20,817 | INFO | MainThread | [global] 🧹 Cleaning stale session air-50caef20-02eb-4351-8429-72e4b61efc86
2025-10-30 11:11:20,853 | INFO | MainThread | [global] 🧹 Cleaning stale session air-60fdf129-77be-4be0-8797-6e6b444f0ca3
2025-10-30 11:45:49,670 | INFO | MainThread | [global] cleanup_stale_sessions task was cancelled
2025-10-30 11:45:49,671 | INFO | MainThread | [global] 🔻 Shutting down API...
2025-10-30 11:45:49,671 | INFO | MainThread | [global] ✅ Shutdown cleanup complete.
2025-10-31 11:13:33,599 | INFO | MainThread | [global] 🚀 Starting IT Support Chatbot API (async version)...
2025-10-31 11:13:33,615 | INFO | MainThread | [global] ✅ Readiness check passed — environment and dataset OK.
2025-10-31 11:13:33,615 | INFO | MainThread | [global] 🧹 Background cleanup task started.
2025-10-31 11:32:04,540 | INFO | MainThread | [global] 🆕 New session started: air-3b80327a-4e56-4832-88ee-6fc9ad741996
2025-10-31 11:32:16,691 | INFO | MainThread | [global] 🆕 New session started: air-6757ff20-c7f1-46ff-92fe-a0abe4929291
2025-10-31 11:32:28,810 | INFO | MainThread | [global] [air-6757ff20-c7f1-46ff-92fe-a0abe4929291] USER: wifi not working
2025-10-31 11:32:28,810 | INFO | MainThread | [air-6757ff20-c7f1-46ff-92fe-a0abe4929291] STATE=waiting_for_query | USER='wifi not working'
2025-10-31 11:32:48,692 | INFO | MainThread | [global] [air-6757ff20-c7f1-46ff-92fe-a0abe4929291] BOT: I found these top categories for your issue — please reply with the number (1-3) of the best match:
1. Wi-Fi Issues
2. Laptop Issues
3. DNS Records
2025-10-31 11:32:55,477 | INFO | MainThread | [global] [air-6757ff20-c7f1-46ff-92fe-a0abe4929291] USER: 1
2025-10-31 11:32:55,479 | INFO | MainThread | [air-6757ff20-c7f1-46ff-92fe-a0abe4929291] STATE=waiting_for_category | USER='1'
2025-10-31 11:32:57,536 | INFO | MainThread | [global] [air-6757ff20-c7f1-46ff-92fe-a0abe4929291] BOT: None
2025-10-31 11:33:14,234 | INFO | MainThread | [global] 🆕 New session started: air-2483e9e0-b2c0-4abd-98db-a58e26f332c7
2025-10-31 11:33:20,881 | INFO | MainThread | [global] [air-2483e9e0-b2c0-4abd-98db-a58e26f332c7] USER: wifi not working
2025-10-31 11:33:20,881 | INFO | MainThread | [air-2483e9e0-b2c0-4abd-98db-a58e26f332c7] STATE=waiting_for_query | USER='wifi not working'
2025-10-31 11:33:24,437 | INFO | MainThread | [global] [air-2483e9e0-b2c0-4abd-98db-a58e26f332c7] BOT: I found these top categories for your issue — please reply with the number (1-3) of the best match:
1. Wi-Fi Issues
2. Laptop Issues
3. DNS Records
2025-10-31 11:33:26,823 | INFO | MainThread | [global] [air-2483e9e0-b2c0-4abd-98db-a58e26f332c7] USER: Wi-Fi Issues
2025-10-31 11:33:26,823 | INFO | MainThread | [air-2483e9e0-b2c0-4abd-98db-a58e26f332c7] STATE=waiting_for_category | USER='Wi-Fi Issues'
2025-10-31 11:33:28,884 | INFO | MainThread | [global] [air-2483e9e0-b2c0-4abd-98db-a58e26f332c7] BOT: None
2025-10-31 11:33:37,873 | INFO | MainThread | [global] 🆕 New session started: air-34b3ee20-49c8-4d4a-b271-77e74d4e0bad
2025-10-31 11:34:04,561 | INFO | MainThread | [global] 🧹 Cleaning stale session air-3b80327a-4e56-4832-88ee-6fc9ad741996
2025-10-31 11:35:04,727 | INFO | MainThread | [global] 🧹 Cleaning stale session air-6757ff20-c7f1-46ff-92fe-a0abe4929291
2025-10-31 11:35:34,751 | INFO | MainThread | [global] 🧹 Cleaning stale session air-2483e9e0-b2c0-4abd-98db-a58e26f332c7
2025-10-31 11:36:04,781 | INFO | MainThread | [global] 🧹 Cleaning stale session air-34b3ee20-49c8-4d4a-b271-77e74d4e0bad
2025-10-31 11:37:11,558 | INFO | MainThread | [global] 🆕 New session started: air-cd15cb56-76bb-4410-9f55-99547e109196
2025-10-31 11:37:15,567 | INFO | MainThread | [global] cleanup_stale_sessions task was cancelled
2025-10-31 11:37:15,567 | INFO | MainThread | [global] 🔻 Shutting down API...
2025-10-31 11:37:15,601 | INFO | MainThread | [global] ✅ Shutdown cleanup complete.
2025-10-31 11:38:28,015 | INFO | MainThread | [global] 🚀 Starting IT Support Chatbot API (async version)...
2025-10-31 11:38:28,018 | INFO | MainThread | [global] ✅ Readiness check passed — environment and dataset OK.
2025-10-31 11:38:28,018 | INFO | MainThread | [global] 🧹 Background cleanup task started.
2025-10-31 11:38:53,378 | INFO | MainThread | [global] 🆕 New session started: air-54f10b6f-4b78-4ab8-80cc-087f99a2604f
2025-10-31 11:39:04,506 | INFO | MainThread | [global] [air-54f10b6f-4b78-4ab8-80cc-087f99a2604f] USER: unable to access D365
2025-10-31 11:39:04,506 | INFO | MainThread | [air-54f10b6f-4b78-4ab8-80cc-087f99a2604f] STATE=waiting_for_query | USER='unable to access D365'
2025-10-31 11:39:14,869 | INFO | MainThread | [global] [air-54f10b6f-4b78-4ab8-80cc-087f99a2604f] BOT: I found these top categories for your issue — please reply with the number (1-3) of the best match:
1. External System Interfaces
2. Email & Collaboration
3. DNS Records
2025-10-31 11:39:19,492 | INFO | MainThread | [global] [air-54f10b6f-4b78-4ab8-80cc-087f99a2604f] USER: Email & Collaboration
2025-10-31 11:39:19,492 | INFO | MainThread | [air-54f10b6f-4b78-4ab8-80cc-087f99a2604f] STATE=waiting_for_category | USER='Email & Collaboration'
2025-10-31 11:39:21,853 | INFO | MainThread | [global] [air-54f10b6f-4b78-4ab8-80cc-087f99a2604f] BOT: Is D365 crashing or just not loading?
2025-10-31 11:39:27,465 | INFO | MainThread | [global] [air-54f10b6f-4b78-4ab8-80cc-087f99a2604f] USER: yes it is
2025-10-31 11:39:27,465 | INFO | MainThread | [air-54f10b6f-4b78-4ab8-80cc-087f99a2604f] STATE=waiting_q1 | USER='yes it is'
2025-10-31 11:39:30,180 | INFO | MainThread | [global] [air-54f10b6f-4b78-4ab8-80cc-087f99a2604f] BOT: Is this affecting only one user or multiple users?
2025-10-31 11:39:40,455 | INFO | MainThread | [global] [air-54f10b6f-4b78-4ab8-80cc-087f99a2604f] USER: single user
2025-10-31 11:39:40,456 | INFO | MainThread | [air-54f10b6f-4b78-4ab8-80cc-087f99a2604f] STATE=waiting_q2 | USER='single user'
2025-10-31 11:39:43,692 | INFO | MainThread | [global] [air-54f10b6f-4b78-4ab8-80cc-087f99a2604f] BOT: "Has this crash occurred only when accessing D365 via the web browser, or also in the desktop app?"
2025-10-31 11:39:54,412 | INFO | MainThread | [global] [air-54f10b6f-4b78-4ab8-80cc-087f99a2604f] USER: in desktop app
2025-10-31 11:39:54,412 | INFO | MainThread | [air-54f10b6f-4b78-4ab8-80cc-087f99a2604f] STATE=waiting_q3 | USER='in desktop app'
2025-10-31 11:39:54,412 | INFO | MainThread | [global] [air-54f10b6f-4b78-4ab8-80cc-087f99a2604f] BOT: Please provide some more context or details about the issue, in form of text or screenshots. (optional)
2025-10-31 11:40:01,683 | INFO | MainThread | [global] [air-54f10b6f-4b78-4ab8-80cc-087f99a2604f] USER: LOREM
2025-10-31 11:40:01,683 | INFO | MainThread | [air-54f10b6f-4b78-4ab8-80cc-087f99a2604f] STATE=waiting_q4 | USER='LOREM'
2025-10-31 11:40:03,647 | INFO | MainThread | [air-54f10b6f-4b78-4ab8-80cc-087f99a2604f] BOT: Ticket raised successfully. Reference: DITSD-112

Your issue has been processed successfully.
You can start a new chat if you'd like to raise another ticket. | NEXT_STATE: final
2025-10-31 11:40:03,648 | INFO | MainThread | [global] [air-54f10b6f-4b78-4ab8-80cc-087f99a2604f] BOT: Ticket raised successfully. Reference: DITSD-112
2025-10-31 11:40:03,648 | INFO | MainThread | [global] [air-54f10b6f-4b78-4ab8-80cc-087f99a2604f] ✅ Chat completed.
2025-10-31 11:40:13,646 | INFO | MainThread | [global] Session air-54f10b6f-4b78-4ab8-80cc-087f99a2604f cleaned up after completion.
2025-10-31 11:41:27,752 | INFO | MainThread | [global] cleanup_stale_sessions task was cancelled
2025-10-31 11:41:27,753 | INFO | MainThread | [global] 🔻 Shutting down API...
2025-10-31 11:41:27,753 | INFO | MainThread | [global] ✅ Shutdown cleanup complete.
2025-11-03 11:05:47,612 | INFO | MainThread | [global] 🚀 Starting IT Support Chatbot API (async version)...
2025-11-03 11:05:47,641 | INFO | MainThread | [global] ✅ Readiness check passed — environment and dataset OK.
2025-11-03 11:05:47,641 | INFO | MainThread | [global] 🧹 Background cleanup task started.
2025-11-03 11:05:52,934 | INFO | MainThread | [global] 🆕 New session started: air-b09f90ae-612c-4084-99cf-b1e552a88091
2025-11-03 11:06:01,303 | INFO | MainThread | [global] [air-b09f90ae-612c-4084-99cf-b1e552a88091] USER: unable to access wifi
2025-11-03 11:06:01,303 | INFO | MainThread | [air-b09f90ae-612c-4084-99cf-b1e552a88091] STATE=waiting_for_query | USER='unable to access wifi'
2025-11-03 11:06:24,310 | INFO | MainThread | [global] [air-b09f90ae-612c-4084-99cf-b1e552a88091] BOT: I found these top categories for your issue — please reply with the number (1-3) of the best match:
1. Wi-Fi Issues
2. VPN & Remote Access
3. Firewall & Security Rules
2025-11-03 11:06:50,953 | INFO | MainThread | [global] [air-b09f90ae-612c-4084-99cf-b1e552a88091] USER: Wi-Fi Issues
2025-11-03 11:06:50,954 | INFO | MainThread | [air-b09f90ae-612c-4084-99cf-b1e552a88091] STATE=waiting_for_category | USER='Wi-Fi Issues'
2025-11-03 11:06:53,568 | INFO | MainThread | [global] [air-b09f90ae-612c-4084-99cf-b1e552a88091] BOT: Is your device connected to the network?
2025-11-03 11:06:57,855 | INFO | MainThread | [global] 🆕 New session started: air-710cba83-dced-4e35-a9da-2aa77e17a665
2025-11-03 11:07:15,743 | INFO | MainThread | [global] 🆕 New session started: air-63c84e90-70ec-4bdc-a561-892415175b04
2025-11-03 11:09:17,693 | INFO | MainThread | [global] 🧹 Cleaning stale session air-b09f90ae-612c-4084-99cf-b1e552a88091
2025-11-03 11:09:18,113 | INFO | MainThread | [global] 🧹 Cleaning stale session air-710cba83-dced-4e35-a9da-2aa77e17a665
2025-11-03 11:09:18,123 | INFO | MainThread | [global] 🧹 Cleaning stale session air-63c84e90-70ec-4bdc-a561-892415175b04
2025-11-03 11:10:26,419 | INFO | MainThread | [global] 🆕 New session started: air-f4f54e49-8d91-46b5-a962-9be3a77f2f14
2025-11-03 11:10:39,814 | INFO | MainThread | [global] [air-f4f54e49-8d91-46b5-a962-9be3a77f2f14] USER: unable to access D365
2025-11-03 11:10:39,814 | INFO | MainThread | [air-f4f54e49-8d91-46b5-a962-9be3a77f2f14] STATE=waiting_for_query | USER='unable to access D365'
2025-11-03 11:10:43,360 | INFO | MainThread | [global] [air-f4f54e49-8d91-46b5-a962-9be3a77f2f14] BOT: I found these top categories for your issue — please reply with the number (1-3) of the best match:
1. External System Interfaces
2. Email & Collaboration
3. DNS Records
2025-11-03 11:10:50,147 | INFO | MainThread | [global] [air-f4f54e49-8d91-46b5-a962-9be3a77f2f14] USER: Email & Collaboration
2025-11-03 11:10:50,148 | INFO | MainThread | [air-f4f54e49-8d91-46b5-a962-9be3a77f2f14] STATE=waiting_for_category | USER='Email & Collaboration'
2025-11-03 11:10:52,442 | INFO | MainThread | [global] [air-f4f54e49-8d91-46b5-a962-9be3a77f2f14] BOT: Is D365 crashing or just not loading?
2025-11-03 11:10:58,580 | INFO | MainThread | [global] [air-f4f54e49-8d91-46b5-a962-9be3a77f2f14] USER: yes
2025-11-03 11:10:58,581 | INFO | MainThread | [air-f4f54e49-8d91-46b5-a962-9be3a77f2f14] STATE=waiting_q1 | USER='yes'
2025-11-03 11:11:01,328 | INFO | MainThread | [global] [air-f4f54e49-8d91-46b5-a962-9be3a77f2f14] BOT: Is this affecting only your device or multiple users?
2025-11-03 11:11:08,291 | INFO | MainThread | [global] [air-f4f54e49-8d91-46b5-a962-9be3a77f2f14] USER: yes multiple users
2025-11-03 11:11:08,291 | INFO | MainThread | [air-f4f54e49-8d91-46b5-a962-9be3a77f2f14] STATE=waiting_q2 | USER='yes multiple users'
2025-11-03 11:11:11,476 | INFO | MainThread | [global] [air-f4f54e49-8d91-46b5-a962-9be3a77f2f14] BOT: "Has this issue occurred across all browsers or only specific ones?"
2025-11-03 11:11:18,616 | INFO | MainThread | [global] [air-f4f54e49-8d91-46b5-a962-9be3a77f2f14] USER: all browsers
2025-11-03 11:11:18,617 | INFO | MainThread | [air-f4f54e49-8d91-46b5-a962-9be3a77f2f14] STATE=waiting_q3 | USER='all browsers'
2025-11-03 11:11:18,617 | INFO | MainThread | [global] [air-f4f54e49-8d91-46b5-a962-9be3a77f2f14] BOT: Please provide some more context or details about the issue, in form of text or screenshots. (optional)
2025-11-03 11:11:37,976 | INFO | MainThread | [global] [air-f4f54e49-8d91-46b5-a962-9be3a77f2f14] USER: NOTA
2025-11-03 11:11:37,976 | INFO | MainThread | [air-f4f54e49-8d91-46b5-a962-9be3a77f2f14] STATE=waiting_q4 | USER='NOTA'
2025-11-03 11:11:39,994 | INFO | MainThread | [air-f4f54e49-8d91-46b5-a962-9be3a77f2f14] BOT: Ticket raised successfully. Reference: DITSD-125

Your issue has been processed successfully.
You can start a new chat if you'd like to raise another ticket. | NEXT_STATE: final
2025-11-03 11:11:39,995 | INFO | MainThread | [global] [air-f4f54e49-8d91-46b5-a962-9be3a77f2f14] BOT: Ticket raised successfully. Reference: DITSD-125
2025-11-03 11:11:39,995 | INFO | MainThread | [global] [air-f4f54e49-8d91-46b5-a962-9be3a77f2f14] ✅ Chat completed.
2025-11-03 11:11:50,003 | INFO | MainThread | [global] Session air-f4f54e49-8d91-46b5-a962-9be3a77f2f14 cleaned up after completion.
2025-11-03 11:18:37,807 | INFO | MainThread | [global] 🆕 New session started: air-208eb848-5319-4aaa-8203-fbfef7743dfa
2025-11-03 11:18:37,808 | INFO | MainThread | [global] 🆕 New session started: air-2ab5df32-efa4-4b3f-8758-f964ce3438b0
2025-11-03 11:18:37,810 | INFO | MainThread | [global] 🆕 New session started: air-9028e864-bd6e-466c-afe8-248363c6f805
2025-11-03 11:18:37,811 | INFO | MainThread | [global] 🆕 New session started: air-d7dd964a-7bb6-4529-a97e-069b8fb66f70
2025-11-03 11:18:37,812 | INFO | MainThread | [global] 🆕 New session started: air-97521b40-b665-4b70-8a7f-5e676e25a60a
2025-11-03 11:18:37,972 | INFO | MainThread | [global] [air-2ab5df32-efa4-4b3f-8758-f964ce3438b0] USER: need access for D365
2025-11-03 11:18:37,972 | INFO | MainThread | [air-2ab5df32-efa4-4b3f-8758-f964ce3438b0] STATE=waiting_for_query | USER='need access for D365'
2025-11-03 11:18:38,052 | INFO | MainThread | [global] [air-97521b40-b665-4b70-8a7f-5e676e25a60a] USER: email not syncing in Outlook
2025-11-03 11:18:38,053 | INFO | MainThread | [air-97521b40-b665-4b70-8a7f-5e676e25a60a] STATE=waiting_for_query | USER='email not syncing in Outlook'
2025-11-03 11:18:38,058 | INFO | MainThread | [global] [air-9028e864-bd6e-466c-afe8-248363c6f805] USER: laptop is running slow
2025-11-03 11:18:38,060 | INFO | MainThread | [air-9028e864-bd6e-466c-afe8-248363c6f805] STATE=waiting_for_query | USER='laptop is running slow'
2025-11-03 11:18:38,065 | INFO | MainThread | [global] [air-d7dd964a-7bb6-4529-a97e-069b8fb66f70] USER: VPN not connecting
2025-11-03 11:18:38,068 | INFO | MainThread | [air-d7dd964a-7bb6-4529-a97e-069b8fb66f70] STATE=waiting_for_query | USER='VPN not connecting'
2025-11-03 11:18:38,081 | INFO | MainThread | [global] [air-208eb848-5319-4aaa-8203-fbfef7743dfa] USER: unable to connect to wifi
2025-11-03 11:18:38,083 | INFO | MainThread | [air-208eb848-5319-4aaa-8203-fbfef7743dfa] STATE=waiting_for_query | USER='unable to connect to wifi'
2025-11-03 11:18:42,557 | INFO | MainThread | [global] [air-2ab5df32-efa4-4b3f-8758-f964ce3438b0] BOT: I found these top categories for your issue — please reply with the number (1-3) of the best match:
1. External System Interfaces
2. Email & Collaboration
3. Mailbox & Group Emails
2025-11-03 11:18:42,674 | INFO | MainThread | [global] [air-2ab5df32-efa4-4b3f-8758-f964ce3438b0] USER: 2
2025-11-03 11:18:42,675 | INFO | MainThread | [air-2ab5df32-efa4-4b3f-8758-f964ce3438b0] STATE=waiting_for_category | USER='2'
2025-11-03 11:18:44,854 | INFO | MainThread | [global] [air-2ab5df32-efa4-4b3f-8758-f964ce3438b0] BOT: Is it for apps or data access?
2025-11-03 11:18:44,857 | INFO | MainThread | [global] [air-9028e864-bd6e-466c-afe8-248363c6f805] BOT: I found these top categories for your issue — please reply with the number (1-3) of the best match:
1. Laptop Issues
2. WAN / Internet
3. Network Performance
2025-11-03 11:18:44,858 | INFO | MainThread | [global] [air-97521b40-b665-4b70-8a7f-5e676e25a60a] BOT: I found these top categories for your issue — please reply with the number (1-3) of the best match:
1. Email & Collaboration
2. Data Issues / Schema & Object Changes / Data Sync Failures
3. Mailbox & Group Emails
2025-11-03 11:18:44,859 | INFO | MainThread | [global] [air-d7dd964a-7bb6-4529-a97e-069b8fb66f70] BOT: I found these top categories for your issue — please reply with the number (1-3) of the best match:
1. VPN Access & Connectivity
2. VPN & Remote Access
3. Certificates & DNS
2025-11-03 11:18:44,860 | INFO | MainThread | [global] [air-208eb848-5319-4aaa-8203-fbfef7743dfa] BOT: I found these top categories for your issue — please reply with the number (1-3) of the best match:
1. Wi-Fi Issues
2. Certificates & DNS
3. VPN Access & Connectivity
2025-11-03 11:18:45,031 | INFO | MainThread | [global] [air-9028e864-bd6e-466c-afe8-248363c6f805] USER: 2
2025-11-03 11:18:45,031 | INFO | MainThread | [air-9028e864-bd6e-466c-afe8-248363c6f805] STATE=waiting_for_category | USER='2'
2025-11-03 11:18:47,074 | INFO | MainThread | [global] [air-9028e864-bd6e-466c-afe8-248363c6f805] BOT: Is it just the laptop, or the whole system?
2025-11-03 11:18:47,077 | INFO | MainThread | [global] [air-97521b40-b665-4b70-8a7f-5e676e25a60a] USER: 2
2025-11-03 11:18:47,078 | INFO | MainThread | [air-97521b40-b665-4b70-8a7f-5e676e25a60a] STATE=waiting_for_category | USER='2'
2025-11-03 11:18:49,054 | INFO | MainThread | [global] [air-97521b40-b665-4b70-8a7f-5e676e25a60a] BOT: Is it syncing with Gmail or Outlook.com?
2025-11-03 11:18:49,055 | INFO | MainThread | [global] [air-2ab5df32-efa4-4b3f-8758-f964ce3438b0] USER: auto_answer_1_2
2025-11-03 11:18:49,055 | INFO | MainThread | [air-2ab5df32-efa4-4b3f-8758-f964ce3438b0] STATE=waiting_q1 | USER='auto_answer_1_2'
2025-11-03 11:18:51,703 | INFO | MainThread | [global] [air-2ab5df32-efa4-4b3f-8758-f964ce3438b0] BOT: Is this affecting only one user or multiple users?
2025-11-03 11:18:51,705 | INFO | MainThread | [global] [air-d7dd964a-7bb6-4529-a97e-069b8fb66f70] USER: 1
2025-11-03 11:18:51,706 | INFO | MainThread | [air-d7dd964a-7bb6-4529-a97e-069b8fb66f70] STATE=waiting_for_category | USER='1'
2025-11-03 11:18:53,641 | INFO | MainThread | [global] [air-d7dd964a-7bb6-4529-a97e-069b8fb66f70] BOT: Is it connecting to the right server?
2025-11-03 11:18:53,642 | INFO | MainThread | [global] [air-208eb848-5319-4aaa-8203-fbfef7743dfa] USER: 3
2025-11-03 11:18:53,643 | INFO | MainThread | [air-208eb848-5319-4aaa-8203-fbfef7743dfa] STATE=waiting_for_category | USER='3'
2025-11-03 11:18:55,413 | INFO | MainThread | [global] [air-208eb848-5319-4aaa-8203-fbfef7743dfa] BOT: Is your router working?
2025-11-03 11:18:55,415 | INFO | MainThread | [global] [air-9028e864-bd6e-466c-afe8-248363c6f805] USER: auto_answer_1_3
2025-11-03 11:18:55,415 | INFO | MainThread | [air-9028e864-bd6e-466c-afe8-248363c6f805] STATE=waiting_q1 | USER='auto_answer_1_3'
2025-11-03 11:18:58,068 | INFO | MainThread | [global] [air-9028e864-bd6e-466c-afe8-248363c6f805] BOT: Is this affecting only one device or multiple users?
2025-11-03 11:18:58,071 | INFO | MainThread | [global] [air-d7dd964a-7bb6-4529-a97e-069b8fb66f70] USER: auto_answer_1_4
2025-11-03 11:18:58,072 | INFO | MainThread | [air-d7dd964a-7bb6-4529-a97e-069b8fb66f70] STATE=waiting_q1 | USER='auto_answer_1_4'
2025-11-03 11:19:00,268 | INFO | MainThread | [global] [air-d7dd964a-7bb6-4529-a97e-069b8fb66f70] BOT: Is this affecting multiple users?
2025-11-03 11:19:00,269 | INFO | MainThread | [global] [air-208eb848-5319-4aaa-8203-fbfef7743dfa] USER: auto_answer_1_1
2025-11-03 11:19:00,270 | INFO | MainThread | [air-208eb848-5319-4aaa-8203-fbfef7743dfa] STATE=waiting_q1 | USER='auto_answer_1_1'
2025-11-03 11:19:02,643 | INFO | MainThread | [global] [air-208eb848-5319-4aaa-8203-fbfef7743dfa] BOT: Is this affecting only one device or multiple devices?
2025-11-03 11:19:02,644 | INFO | MainThread | [global] [air-2ab5df32-efa4-4b3f-8758-f964ce3438b0] USER: auto_answer_2_2
2025-11-03 11:19:02,645 | INFO | MainThread | [air-2ab5df32-efa4-4b3f-8758-f964ce3438b0] STATE=waiting_q2 | USER='auto_answer_2_2'
2025-11-03 11:19:05,561 | INFO | MainThread | [global] [air-2ab5df32-efa4-4b3f-8758-f964ce3438b0] BOT: Have you tried accessing D365 via web, desktop, or mobile?
2025-11-03 11:19:05,563 | INFO | MainThread | [global] [air-9028e864-bd6e-466c-afe8-248363c6f805] USER: auto_answer_2_3
2025-11-03 11:19:05,563 | INFO | MainThread | [air-9028e864-bd6e-466c-afe8-248363c6f805] STATE=waiting_q2 | USER='auto_answer_2_3'
2025-11-03 11:19:08,399 | INFO | MainThread | [global] [air-9028e864-bd6e-466c-afe8-248363c6f805] BOT: Have you checked if the laptop has sufficient RAM or storage space?
2025-11-03 11:19:08,400 | INFO | MainThread | [global] 🆕 New session started: air-b8fc080b-beb3-41b1-b240-263ee38d0e8e
2025-11-03 11:19:08,401 | INFO | MainThread | [global] [air-208eb848-5319-4aaa-8203-fbfef7743dfa] USER: auto_answer_2_1
2025-11-03 11:19:08,402 | INFO | MainThread | [air-208eb848-5319-4aaa-8203-fbfef7743dfa] STATE=waiting_q2 | USER='auto_answer_2_1'
2025-11-03 11:19:11,208 | INFO | MainThread | [global] [air-208eb848-5319-4aaa-8203-fbfef7743dfa] BOT: Have you tried restarting your router or device?
2025-11-03 11:19:11,210 | INFO | MainThread | [global] [air-2ab5df32-efa4-4b3f-8758-f964ce3438b0] USER: auto_answer_3_2
2025-11-03 11:19:11,211 | INFO | MainThread | [air-2ab5df32-efa4-4b3f-8758-f964ce3438b0] STATE=waiting_q3 | USER='auto_answer_3_2'
2025-11-03 11:19:11,211 | INFO | MainThread | [global] [air-2ab5df32-efa4-4b3f-8758-f964ce3438b0] BOT: Please provide some more context or details about the issue, in form of text or screenshots. (optional)
2025-11-03 11:19:11,214 | INFO | MainThread | [global] [air-9028e864-bd6e-466c-afe8-248363c6f805] USER: auto_answer_3_3
2025-11-03 11:19:11,215 | INFO | MainThread | [air-9028e864-bd6e-466c-afe8-248363c6f805] STATE=waiting_q3 | USER='auto_answer_3_3'
2025-11-03 11:19:11,215 | INFO | MainThread | [global] [air-9028e864-bd6e-466c-afe8-248363c6f805] BOT: Please provide some more context or details about the issue, in form of text or screenshots. (optional)
2025-11-03 11:19:11,217 | INFO | MainThread | [global] 🆕 New session started: air-4762f362-c8e3-4117-83ff-958c16086e8f
2025-11-03 11:19:11,350 | INFO | MainThread | [global] [air-9028e864-bd6e-466c-afe8-248363c6f805] USER: auto_answer_4_3
2025-11-03 11:19:11,351 | INFO | MainThread | [air-9028e864-bd6e-466c-afe8-248363c6f805] STATE=waiting_q4 | USER='auto_answer_4_3'
2025-11-03 11:19:11,413 | INFO | MainThread | [global] [air-2ab5df32-efa4-4b3f-8758-f964ce3438b0] USER: auto_answer_4_2
2025-11-03 11:19:11,413 | INFO | MainThread | [air-2ab5df32-efa4-4b3f-8758-f964ce3438b0] STATE=waiting_q4 | USER='auto_answer_4_2'
2025-11-03 11:19:11,460 | INFO | MainThread | [global] [air-208eb848-5319-4aaa-8203-fbfef7743dfa] USER: auto_answer_3_1
2025-11-03 11:19:11,460 | INFO | MainThread | [air-208eb848-5319-4aaa-8203-fbfef7743dfa] STATE=waiting_q3 | USER='auto_answer_3_1'
2025-11-03 11:19:11,460 | INFO | MainThread | [global] [air-208eb848-5319-4aaa-8203-fbfef7743dfa] BOT: Please provide some more context or details about the issue, in form of text or screenshots. (optional)
2025-11-03 11:19:11,491 | INFO | MainThread | [global] [air-b8fc080b-beb3-41b1-b240-263ee38d0e8e] USER: forgot password for Jira
2025-11-03 11:19:11,492 | INFO | MainThread | [air-b8fc080b-beb3-41b1-b240-263ee38d0e8e] STATE=waiting_for_query | USER='forgot password for Jira'
2025-11-03 11:19:11,492 | INFO | MainThread | [global] [air-4762f362-c8e3-4117-83ff-958c16086e8f] USER: system not booting up
2025-11-03 11:19:11,493 | INFO | MainThread | [air-4762f362-c8e3-4117-83ff-958c16086e8f] STATE=waiting_for_query | USER='system not booting up'
2025-11-03 11:19:11,570 | INFO | MainThread | [global] [air-208eb848-5319-4aaa-8203-fbfef7743dfa] USER: auto_answer_4_1
2025-11-03 11:19:11,571 | INFO | MainThread | [air-208eb848-5319-4aaa-8203-fbfef7743dfa] STATE=waiting_q4 | USER='auto_answer_4_1'
2025-11-03 11:19:13,200 | INFO | MainThread | [air-9028e864-bd6e-466c-afe8-248363c6f805] BOT: Ticket raised successfully. Reference: DITSD-128

Your issue has been processed successfully.
You can start a new chat if you'd like to raise another ticket. | NEXT_STATE: final
2025-11-03 11:19:13,201 | INFO | MainThread | [global] [air-9028e864-bd6e-466c-afe8-248363c6f805] BOT: Ticket raised successfully. Reference: DITSD-128
2025-11-03 11:19:13,201 | INFO | MainThread | [global] [air-9028e864-bd6e-466c-afe8-248363c6f805] ✅ Chat completed.
2025-11-03 11:19:13,203 | INFO | MainThread | [air-2ab5df32-efa4-4b3f-8758-f964ce3438b0] BOT: Ticket raised successfully. Reference: DITSD-127

Your issue has been processed successfully.
You can start a new chat if you'd like to raise another ticket. | NEXT_STATE: final
2025-11-03 11:19:13,204 | INFO | MainThread | [global] [air-2ab5df32-efa4-4b3f-8758-f964ce3438b0] BOT: Ticket raised successfully. Reference: DITSD-127
2025-11-03 11:19:13,205 | INFO | MainThread | [global] [air-2ab5df32-efa4-4b3f-8758-f964ce3438b0] ✅ Chat completed.
2025-11-03 11:19:13,214 | INFO | MainThread | [air-208eb848-5319-4aaa-8203-fbfef7743dfa] BOT: Ticket raised successfully. Reference: DITSD-126

Your issue has been processed successfully.
You can start a new chat if you'd like to raise another ticket. | NEXT_STATE: final
2025-11-03 11:19:13,216 | INFO | MainThread | [global] [air-208eb848-5319-4aaa-8203-fbfef7743dfa] BOT: Ticket raised successfully. Reference: DITSD-126
2025-11-03 11:19:13,255 | INFO | MainThread | [global] [air-208eb848-5319-4aaa-8203-fbfef7743dfa] ✅ Chat completed.
2025-11-03 11:19:13,258 | INFO | MainThread | [global] 🆕 New session started: air-5e3f8ef8-6b4b-41b9-b1c6-905d86b4b112
2025-11-03 11:19:13,259 | INFO | MainThread | [global] 🆕 New session started: air-e7f8bf10-9266-4863-92fc-5f704e62896a
2025-11-03 11:19:13,278 | INFO | MainThread | [global] 🆕 New session started: air-f6946e45-4a6a-40c3-a754-df9daa095b80
2025-11-03 11:19:13,445 | INFO | MainThread | [global] [air-e7f8bf10-9266-4863-92fc-5f704e62896a] USER: Teams keeps crashing
2025-11-03 11:19:13,447 | INFO | MainThread | [air-e7f8bf10-9266-4863-92fc-5f704e62896a] STATE=waiting_for_query | USER='Teams keeps crashing'
2025-11-03 11:19:13,447 | INFO | MainThread | [global] [air-f6946e45-4a6a-40c3-a754-df9daa095b80] USER: unable to access shared folder
2025-11-03 11:19:13,448 | INFO | MainThread | [air-f6946e45-4a6a-40c3-a754-df9daa095b80] STATE=waiting_for_query | USER='unable to access shared folder'
2025-11-03 11:19:13,540 | INFO | MainThread | [global] [air-5e3f8ef8-6b4b-41b9-b1c6-905d86b4b112] USER: printer not detected
2025-11-03 11:19:13,542 | INFO | MainThread | [air-5e3f8ef8-6b4b-41b9-b1c6-905d86b4b112] STATE=waiting_for_query | USER='printer not detected'
2025-11-03 11:19:15,503 | INFO | MainThread | [global] [air-b8fc080b-beb3-41b1-b240-263ee38d0e8e] BOT: I found these top categories for your issue — please reply with the number (1-3) of the best match:
1. Authentication & MFA
2. Unauthorized Access
3. ERP Access & Permissions
2025-11-03 11:19:15,701 | INFO | MainThread | [global] [air-b8fc080b-beb3-41b1-b240-263ee38d0e8e] USER: 1
2025-11-03 11:19:15,702 | INFO | MainThread | [air-b8fc080b-beb3-41b1-b240-263ee38d0e8e] STATE=waiting_for_category | USER='1'
2025-11-03 11:19:17,987 | INFO | MainThread | [global] [air-b8fc080b-beb3-41b1-b240-263ee38d0e8e] BOT: Is it your Jira account or a project?
2025-11-03 11:19:17,989 | INFO | MainThread | [global] [air-4762f362-c8e3-4117-83ff-958c16086e8f] BOT: I found these top categories for your issue — please reply with the number (1-3) of the best match:
1. Laptop Issues
2. LAN / Port Issues
3. Asset & Backup
2025-11-03 11:19:17,990 | INFO | MainThread | [global] [air-5e3f8ef8-6b4b-41b9-b1c6-905d86b4b112] BOT: I found these top categories for your issue — please reply with the number (1-3) of the best match:
1. Printer Issues
2. LAN / Port Issues
3. Laptop Issues
2025-11-03 11:19:17,990 | INFO | MainThread | [global] [air-e7f8bf10-9266-4863-92fc-5f704e62896a] BOT: I found these top categories for your issue — please reply with the number (1-3) of the best match:
1. Teams / Voice
2. Wi-Fi Issues
3. General Troubleshooting
2025-11-03 11:19:18,107 | INFO | MainThread | [global] [air-e7f8bf10-9266-4863-92fc-5f704e62896a] USER: 1
2025-11-03 11:19:18,107 | INFO | MainThread | [air-e7f8bf10-9266-4863-92fc-5f704e62896a] STATE=waiting_for_category | USER='1'
2025-11-03 11:19:20,129 | INFO | MainThread | [global] [air-e7f8bf10-9266-4863-92fc-5f704e62896a] BOT: Is it crashing when you join a meeting?
2025-11-03 11:19:20,130 | INFO | MainThread | [global] [air-4762f362-c8e3-4117-83ff-958c16086e8f] USER: 2
2025-11-03 11:19:20,130 | INFO | MainThread | [air-4762f362-c8e3-4117-83ff-958c16086e8f] STATE=waiting_for_category | USER='2'
2025-11-03 11:19:22,067 | INFO | MainThread | [global] [air-4762f362-c8e3-4117-83ff-958c16086e8f] BOT: Is it showing any error code?
2025-11-03 11:19:22,068 | INFO | MainThread | [global] [air-f6946e45-4a6a-40c3-a754-df9daa095b80] BOT: I found these top categories for your issue — please reply with the number (1-3) of the best match:
1. Storage & Keys
2. SharePoint / OneDrive
3. SharePoint / OneDrive
2025-11-03 11:19:22,069 | INFO | MainThread | [global] [air-b8fc080b-beb3-41b1-b240-263ee38d0e8e] USER: auto_answer_1_6
2025-11-03 11:19:22,070 | INFO | MainThread | [air-b8fc080b-beb3-41b1-b240-263ee38d0e8e] STATE=waiting_q1 | USER='auto_answer_1_6'
2025-11-03 11:19:24,723 | INFO | MainThread | [global] [air-b8fc080b-beb3-41b1-b240-263ee38d0e8e] BOT: Is this for a single user or multiple users?
2025-11-03 11:19:24,724 | INFO | MainThread | [global] [air-5e3f8ef8-6b4b-41b9-b1c6-905d86b4b112] USER: 3
2025-11-03 11:19:24,724 | INFO | MainThread | [air-5e3f8ef8-6b4b-41b9-b1c6-905d86b4b112] STATE=waiting_for_category | USER='3'
2025-11-03 11:19:26,522 | INFO | MainThread | [global] [air-5e3f8ef8-6b4b-41b9-b1c6-905d86b4b112] BOT: Is the printer connected?
2025-11-03 11:19:26,524 | INFO | MainThread | [global] [air-e7f8bf10-9266-4863-92fc-5f704e62896a] USER: auto_answer_1_9
2025-11-03 11:19:26,525 | INFO | MainThread | [air-e7f8bf10-9266-4863-92fc-5f704e62896a] STATE=waiting_q1 | USER='auto_answer_1_9'
2025-11-03 11:19:29,157 | INFO | MainThread | [global] [air-e7f8bf10-9266-4863-92fc-5f704e62896a] BOT: Is this affecting your account only or multiple users?
2025-11-03 11:19:29,159 | INFO | MainThread | [global] [air-4762f362-c8e3-4117-83ff-958c16086e8f] USER: auto_answer_1_7
2025-11-03 11:19:29,160 | INFO | MainThread | [air-4762f362-c8e3-4117-83ff-958c16086e8f] STATE=waiting_q1 | USER='auto_answer_1_7'
2025-11-03 11:19:31,612 | INFO | MainThread | [global] [air-4762f362-c8e3-4117-83ff-958c16086e8f] BOT: Is auto_answer_1_7 a known error code?
2025-11-03 11:19:31,613 | INFO | MainThread | [global] Session air-9028e864-bd6e-466c-afe8-248363c6f805 cleaned up after completion.
2025-11-03 11:19:31,613 | INFO | MainThread | [global] Session air-2ab5df32-efa4-4b3f-8758-f964ce3438b0 cleaned up after completion.
2025-11-03 11:19:31,613 | INFO | MainThread | [global] Session air-208eb848-5319-4aaa-8203-fbfef7743dfa cleaned up after completion.
2025-11-03 11:19:31,614 | INFO | MainThread | [global] [air-5e3f8ef8-6b4b-41b9-b1c6-905d86b4b112] USER: auto_answer_1_8
2025-11-03 11:19:31,614 | INFO | MainThread | [air-5e3f8ef8-6b4b-41b9-b1c6-905d86b4b112] STATE=waiting_q1 | USER='auto_answer_1_8'
2025-11-03 11:19:33,930 | INFO | MainThread | [global] [air-5e3f8ef8-6b4b-41b9-b1c6-905d86b4b112] BOT: Does the printer turn on?
2025-11-03 11:19:33,931 | INFO | MainThread | [global] [air-b8fc080b-beb3-41b1-b240-263ee38d0e8e] USER: auto_answer_2_6
2025-11-03 11:19:33,933 | INFO | MainThread | [air-b8fc080b-beb3-41b1-b240-263ee38d0e8e] STATE=waiting_q2 | USER='auto_answer_2_6'
2025-11-03 11:19:36,996 | INFO | MainThread | [global] [air-b8fc080b-beb3-41b1-b240-263ee38d0e8e] BOT: Have you tried resetting the password directly in Jira or using the password reset link?
2025-11-03 11:19:36,998 | INFO | MainThread | [global] [air-f6946e45-4a6a-40c3-a754-df9daa095b80] USER: 1
2025-11-03 11:19:36,998 | INFO | MainThread | [air-f6946e45-4a6a-40c3-a754-df9daa095b80] STATE=waiting_for_category | USER='1'
2025-11-03 11:19:38,949 | INFO | MainThread | [global] [air-f6946e45-4a6a-40c3-a754-df9daa095b80] BOT: Do you have access to the folder?
2025-11-03 11:19:38,951 | INFO | MainThread | [global] [air-e7f8bf10-9266-4863-92fc-5f704e62896a] USER: auto_answer_2_9
2025-11-03 11:19:38,952 | INFO | MainThread | [air-e7f8bf10-9266-4863-92fc-5f704e62896a] STATE=waiting_q2 | USER='auto_answer_2_9'
2025-11-03 11:19:42,230 | INFO | MainThread | [global] [air-e7f8bf10-9266-4863-92fc-5f704e62896a] BOT: Have you checked if the issue occurs during specific actions, like joining a meeting or sharing screens?
2025-11-03 11:19:42,232 | INFO | MainThread | [global] [air-4762f362-c8e3-4117-83ff-958c16086e8f] USER: auto_answer_2_7
2025-11-03 11:19:42,232 | INFO | MainThread | [air-4762f362-c8e3-4117-83ff-958c16086e8f] STATE=waiting_q2 | USER='auto_answer_2_7'
2025-11-03 11:19:44,968 | INFO | MainThread | [global] [air-4762f362-c8e3-4117-83ff-958c16086e8f] BOT: Have you checked the power supply or recent firmware updates?
2025-11-03 11:19:44,969 | INFO | MainThread | [global] [air-b8fc080b-beb3-41b1-b240-263ee38d0e8e] USER: auto_answer_3_6
2025-11-03 11:19:44,970 | INFO | MainThread | [air-b8fc080b-beb3-41b1-b240-263ee38d0e8e] STATE=waiting_q3 | USER='auto_answer_3_6'
2025-11-03 11:19:44,970 | INFO | MainThread | [global] [air-b8fc080b-beb3-41b1-b240-263ee38d0e8e] BOT: Please provide some more context or details about the issue, in form of text or screenshots. (optional)
2025-11-03 11:19:44,971 | INFO | MainThread | [global] [air-f6946e45-4a6a-40c3-a754-df9daa095b80] USER: auto_answer_1_10
2025-11-03 11:19:44,971 | INFO | MainThread | [air-f6946e45-4a6a-40c3-a754-df9daa095b80] STATE=waiting_q1 | USER='auto_answer_1_10'
2025-11-03 11:19:47,308 | INFO | MainThread | [global] [air-f6946e45-4a6a-40c3-a754-df9daa095b80] BOT: Is it for one drive or multiple?
2025-11-03 11:19:47,310 | INFO | MainThread | [global] [air-e7f8bf10-9266-4863-92fc-5f704e62896a] USER: auto_answer_3_9
2025-11-03 11:19:47,311 | INFO | MainThread | [air-e7f8bf10-9266-4863-92fc-5f704e62896a] STATE=waiting_q3 | USER='auto_answer_3_9'
2025-11-03 11:19:47,311 | INFO | MainThread | [global] [air-e7f8bf10-9266-4863-92fc-5f704e62896a] BOT: Please provide some more context or details about the issue, in form of text or screenshots. (optional)
2025-11-03 11:19:47,313 | INFO | MainThread | [global] [air-4762f362-c8e3-4117-83ff-958c16086e8f] USER: auto_answer_3_7
2025-11-03 11:19:47,314 | INFO | MainThread | [air-4762f362-c8e3-4117-83ff-958c16086e8f] STATE=waiting_q3 | USER='auto_answer_3_7'
2025-11-03 11:19:47,314 | INFO | MainThread | [global] [air-4762f362-c8e3-4117-83ff-958c16086e8f] BOT: Please provide some more context or details about the issue, in form of text or screenshots. (optional)
2025-11-03 11:19:47,430 | INFO | MainThread | [global] [air-4762f362-c8e3-4117-83ff-958c16086e8f] USER: auto_answer_4_7
2025-11-03 11:19:47,430 | INFO | MainThread | [air-4762f362-c8e3-4117-83ff-958c16086e8f] STATE=waiting_q4 | USER='auto_answer_4_7'
2025-11-03 11:19:47,431 | INFO | MainThread | [global] [air-b8fc080b-beb3-41b1-b240-263ee38d0e8e] USER: auto_answer_4_6
2025-11-03 11:19:47,432 | INFO | MainThread | [air-b8fc080b-beb3-41b1-b240-263ee38d0e8e] STATE=waiting_q4 | USER='auto_answer_4_6'
2025-11-03 11:19:47,475 | INFO | MainThread | [global] [air-f6946e45-4a6a-40c3-a754-df9daa095b80] USER: auto_answer_2_10
2025-11-03 11:19:47,476 | INFO | MainThread | [air-f6946e45-4a6a-40c3-a754-df9daa095b80] STATE=waiting_q2 | USER='auto_answer_2_10'
2025-11-03 11:19:50,647 | INFO | MainThread | [global] [air-f6946e45-4a6a-40c3-a754-df9daa095b80] BOT: "Have you checked if the shared folder is accessible from the network or if there are any permission errors?"
2025-11-03 11:19:50,648 | INFO | MainThread | [global] [air-e7f8bf10-9266-4863-92fc-5f704e62896a] USER: auto_answer_4_9
2025-11-03 11:19:50,648 | INFO | MainThread | [air-e7f8bf10-9266-4863-92fc-5f704e62896a] STATE=waiting_q4 | USER='auto_answer_4_9'
2025-11-03 11:19:50,697 | INFO | MainThread | [air-4762f362-c8e3-4117-83ff-958c16086e8f] BOT: Ticket raised successfully. Reference: DITSD-129

Your issue has been processed successfully.
You can start a new chat if you'd like to raise another ticket. | NEXT_STATE: final
2025-11-03 11:19:50,699 | INFO | MainThread | [global] [air-4762f362-c8e3-4117-83ff-958c16086e8f] BOT: Ticket raised successfully. Reference: DITSD-129
2025-11-03 11:19:50,701 | INFO | MainThread | [global] [air-4762f362-c8e3-4117-83ff-958c16086e8f] ✅ Chat completed.
2025-11-03 11:19:50,836 | INFO | MainThread | [global] [air-f6946e45-4a6a-40c3-a754-df9daa095b80] USER: auto_answer_3_10
2025-11-03 11:19:50,836 | INFO | MainThread | [air-f6946e45-4a6a-40c3-a754-df9daa095b80] STATE=waiting_q3 | USER='auto_answer_3_10'
2025-11-03 11:19:50,836 | INFO | MainThread | [global] [air-f6946e45-4a6a-40c3-a754-df9daa095b80] BOT: Please provide some more context or details about the issue, in form of text or screenshots. (optional)
2025-11-03 11:19:50,947 | INFO | MainThread | [global] [air-f6946e45-4a6a-40c3-a754-df9daa095b80] USER: auto_answer_4_10
2025-11-03 11:19:50,947 | INFO | MainThread | [air-f6946e45-4a6a-40c3-a754-df9daa095b80] STATE=waiting_q4 | USER='auto_answer_4_10'
2025-11-03 11:19:51,631 | INFO | MainThread | [air-e7f8bf10-9266-4863-92fc-5f704e62896a] BOT: Ticket raised successfully. Reference: DITSD-130

Your issue has been processed successfully.
You can start a new chat if you'd like to raise another ticket. | NEXT_STATE: final
2025-11-03 11:19:51,634 | INFO | MainThread | [global] [air-e7f8bf10-9266-4863-92fc-5f704e62896a] BOT: Ticket raised successfully. Reference: DITSD-130
2025-11-03 11:19:51,634 | INFO | MainThread | [global] [air-e7f8bf10-9266-4863-92fc-5f704e62896a] ✅ Chat completed.
2025-11-03 11:19:51,750 | INFO | MainThread | [air-f6946e45-4a6a-40c3-a754-df9daa095b80] BOT: Ticket raised successfully. Reference: DITSD-131

Your issue has been processed successfully.
You can start a new chat if you'd like to raise another ticket. | NEXT_STATE: final
2025-11-03 11:19:51,751 | INFO | MainThread | [global] [air-f6946e45-4a6a-40c3-a754-df9daa095b80] BOT: Ticket raised successfully. Reference: DITSD-131
2025-11-03 11:19:51,751 | INFO | MainThread | [global] [air-f6946e45-4a6a-40c3-a754-df9daa095b80] ✅ Chat completed.
2025-11-03 11:19:52,012 | INFO | MainThread | [air-b8fc080b-beb3-41b1-b240-263ee38d0e8e] BOT: Ticket raised successfully. Reference: DITSD-132

Your issue has been processed successfully.
You can start a new chat if you'd like to raise another ticket. | NEXT_STATE: final
2025-11-03 11:19:52,015 | INFO | MainThread | [global] [air-b8fc080b-beb3-41b1-b240-263ee38d0e8e] BOT: Ticket raised successfully. Reference: DITSD-132
2025-11-03 11:19:52,015 | INFO | MainThread | [global] [air-b8fc080b-beb3-41b1-b240-263ee38d0e8e] ✅ Chat completed.
2025-11-03 11:20:00,674 | INFO | MainThread | [global] Session air-4762f362-c8e3-4117-83ff-958c16086e8f cleaned up after completion.
2025-11-03 11:20:01,654 | INFO | MainThread | [global] Session air-e7f8bf10-9266-4863-92fc-5f704e62896a cleaned up after completion.
2025-11-03 11:20:01,763 | INFO | MainThread | [global] Session air-f6946e45-4a6a-40c3-a754-df9daa095b80 cleaned up after completion.
2025-11-03 11:20:02,028 | INFO | MainThread | [global] Session air-b8fc080b-beb3-41b1-b240-263ee38d0e8e cleaned up after completion.
2025-11-03 11:21:08,966 | INFO | MainThread | [global] 🧹 Cleaning stale session air-d7dd964a-7bb6-4529-a97e-069b8fb66f70
2025-11-03 11:21:08,994 | INFO | MainThread | [global] 🧹 Cleaning stale session air-97521b40-b665-4b70-8a7f-5e676e25a60a
2025-11-03 11:21:39,006 | INFO | MainThread | [global] 🧹 Cleaning stale session air-5e3f8ef8-6b4b-41b9-b1c6-905d86b4b112
2025-11-03 11:23:06,124 | INFO | MainThread | [global] 🆕 New session started: air-d18cd2da-1e94-46c3-8c09-fa92728cf622
2025-11-03 11:25:09,109 | INFO | MainThread | [global] 🧹 Cleaning stale session air-d18cd2da-1e94-46c3-8c09-fa92728cf622
2025-11-09 13:57:39,834 | INFO | MainThread | [global] 🚀 Starting IT Support Chatbot API (async version)...
2025-11-09 13:57:39,849 | INFO | MainThread | [global] ✅ Readiness check passed — environment and dataset OK.
2025-11-09 13:57:39,849 | INFO | MainThread | [global] 🧹 Background cleanup task started.
2025-11-09 14:42:44,412 | INFO | MainThread | [global] 🆕 New session started: air-7f049d5b-3e02-4d0a-bdee-63d3cecc9a6e
2025-11-09 14:43:27,031 | INFO | MainThread | [global] cleanup_stale_sessions task was cancelled
2025-11-09 14:43:27,032 | INFO | MainThread | [global] 🔻 Shutting down API...
2025-11-09 14:43:27,191 | INFO | MainThread | [global] ✅ Shutdown cleanup complete.
2025-11-09 14:43:56,653 | INFO | MainThread | [global] 🚀 Starting IT Support Chatbot API (async version)...
2025-11-09 14:43:56,656 | INFO | MainThread | [global] ✅ Readiness check passed — environment and dataset OK.
2025-11-09 14:43:56,656 | INFO | MainThread | [global] 🧹 Background cleanup task started.
2025-11-09 14:47:44,536 | INFO | MainThread | [global] cleanup_stale_sessions task was cancelled
2025-11-09 14:47:44,536 | INFO | MainThread | [global] 🔻 Shutting down API...
2025-11-09 14:47:44,537 | INFO | MainThread | [global] ✅ Shutdown cleanup complete.
2025-11-09 14:47:57,775 | INFO | MainThread | [global] 🚀 Starting IT Support Chatbot API (async version)...
2025-11-09 14:47:57,777 | INFO | MainThread | [global] ✅ Readiness check passed — environment and dataset OK.
2025-11-09 14:47:57,777 | INFO | MainThread | [global] 🧹 Background cleanup task started.
2025-11-09 14:47:58,660 | INFO | MainThread | [global] 🆕 New session started: air-5d5e047a-d52a-42df-ab1f-456feae9ac88
2025-11-09 14:49:50,708 | INFO | MainThread | [global] [air-5d5e047a-d52a-42df-ab1f-456feae9ac88] USER: unable to connect to wifi
2025-11-09 14:49:50,708 | INFO | MainThread | [air-5d5e047a-d52a-42df-ab1f-456feae9ac88] STATE=waiting_for_query | USER='unable to connect to wifi'
2025-11-09 14:50:16,675 | INFO | MainThread | [global] [air-5d5e047a-d52a-42df-ab1f-456feae9ac88] BOT: I found these top categories for your issue — please reply with the number (1-3) of the best match:
1. Wi-Fi Issues
2. Certificates & DNS
3. VPN Access & Connectivity
2025-11-09 14:50:21,489 | INFO | MainThread | [global] [air-5d5e047a-d52a-42df-ab1f-456feae9ac88] USER: Wi-Fi Issues
2025-11-09 14:50:21,489 | INFO | MainThread | [air-5d5e047a-d52a-42df-ab1f-456feae9ac88] STATE=waiting_for_category | USER='Wi-Fi Issues'
2025-11-09 14:50:23,225 | INFO | MainThread | [global] [air-5d5e047a-d52a-42df-ab1f-456feae9ac88] BOT: Is your device showing a Wi-Fi signal?
2025-11-09 14:50:28,055 | INFO | MainThread | [global] [air-5d5e047a-d52a-42df-ab1f-456feae9ac88] USER: yes it is
2025-11-09 14:50:28,056 | INFO | MainThread | [air-5d5e047a-d52a-42df-ab1f-456feae9ac88] STATE=waiting_q1 | USER='yes it is'
2025-11-09 14:50:29,757 | INFO | MainThread | [global] [air-5d5e047a-d52a-42df-ab1f-456feae9ac88] BOT: Is it connecting to the same network?
2025-11-09 14:50:35,976 | INFO | MainThread | [global] [air-5d5e047a-d52a-42df-ab1f-456feae9ac88] USER: yes
2025-11-09 14:50:35,976 | INFO | MainThread | [air-5d5e047a-d52a-42df-ab1f-456feae9ac88] STATE=waiting_q2 | USER='yes'
2025-11-09 14:50:38,044 | INFO | MainThread | [global] [air-5d5e047a-d52a-42df-ab1f-456feae9ac88] BOT: Have you tried forgetting the network and reconnecting?
2025-11-09 14:50:46,924 | INFO | MainThread | [global] [air-5d5e047a-d52a-42df-ab1f-456feae9ac88] USER: yes
2025-11-09 14:50:46,924 | INFO | MainThread | [air-5d5e047a-d52a-42df-ab1f-456feae9ac88] STATE=waiting_q3 | USER='yes'
2025-11-09 14:50:46,924 | INFO | MainThread | [global] [air-5d5e047a-d52a-42df-ab1f-456feae9ac88] BOT: Please provide some more context or details about the issue, in form of text or screenshots. (optional)
2025-11-09 14:51:01,151 | INFO | MainThread | [global] [air-5d5e047a-d52a-42df-ab1f-456feae9ac88] USER: no
2025-11-09 14:51:01,151 | INFO | MainThread | [air-5d5e047a-d52a-42df-ab1f-456feae9ac88] STATE=waiting_q4 | USER='no'
2025-11-09 14:51:04,201 | INFO | MainThread | [air-5d5e047a-d52a-42df-ab1f-456feae9ac88] BOT: Ticket raised successfully. Reference: DITSD-137

Your issue has been processed successfully.
You can start a new chat if you'd like to raise another ticket. | NEXT_STATE: final
2025-11-09 14:51:04,204 | INFO | MainThread | [global] [air-5d5e047a-d52a-42df-ab1f-456feae9ac88] BOT: Ticket raised successfully. Reference: DITSD-137
2025-11-09 14:51:04,204 | INFO | MainThread | [global] [air-5d5e047a-d52a-42df-ab1f-456feae9ac88] ✅ Chat completed.
2025-11-09 14:51:10,932 | INFO | MainThread | [global] 🆕 New session started: air-69123b89-d940-48d0-bea8-4e542c895852
2025-11-09 14:51:14,219 | INFO | MainThread | [global] Session air-5d5e047a-d52a-42df-ab1f-456feae9ac88 cleaned up after completion.
2025-11-09 14:51:49,297 | INFO | MainThread | [global] cleanup_stale_sessions task was cancelled
2025-11-09 14:51:49,297 | INFO | MainThread | [global] 🔻 Shutting down API...
2025-11-09 14:51:49,333 | INFO | MainThread | [global] ✅ Shutdown cleanup complete.
2025-11-09 14:52:15,975 | INFO | MainThread | [global] 🚀 Starting IT Support Chatbot API (async version)...
2025-11-09 14:52:15,978 | INFO | MainThread | [global] ✅ Readiness check passed — environment and dataset OK.
2025-11-09 14:52:15,978 | INFO | MainThread | [global] 🧹 Background cleanup task started.
2025-11-09 14:52:16,993 | INFO | MainThread | [global] 🆕 New session started: air-44cb5dc1-3c82-4e46-bdea-2fe471191de2
2025-11-09 14:52:42,211 | INFO | MainThread | [global] [air-44cb5dc1-3c82-4e46-bdea-2fe471191de2] USER: need more resources for VM
2025-11-09 14:52:42,211 | INFO | MainThread | [air-44cb5dc1-3c82-4e46-bdea-2fe471191de2] STATE=waiting_for_query | USER='need more resources for VM'
2025-11-09 14:52:50,888 | INFO | MainThread | [global] [air-44cb5dc1-3c82-4e46-bdea-2fe471191de2] BOT: I found these top categories for your issue — please reply with the number (1-3) of the best match:
1. VM Provisioning
2. General Troubleshooting
3. Server Issues
2025-11-09 14:52:58,478 | INFO | MainThread | [global] [air-44cb5dc1-3c82-4e46-bdea-2fe471191de2] USER: VM Provisioning
2025-11-09 14:52:58,479 | INFO | MainThread | [air-44cb5dc1-3c82-4e46-bdea-2fe471191de2] STATE=waiting_for_category | USER='VM Provisioning'
2025-11-09 14:52:59,966 | INFO | MainThread | [global] [air-44cb5dc1-3c82-4e46-bdea-2fe471191de2] BOT: Do you need CPU or memory?
2025-11-09 14:53:10,548 | INFO | MainThread | [global] [air-44cb5dc1-3c82-4e46-bdea-2fe471191de2] USER: both
2025-11-09 14:53:10,549 | INFO | MainThread | [air-44cb5dc1-3c82-4e46-bdea-2fe471191de2] STATE=waiting_q1 | USER='both'
2025-11-09 14:53:12,450 | INFO | MainThread | [global] [air-44cb5dc1-3c82-4e46-bdea-2fe471191de2] BOT: Is this for a single VM or multiple VMs?
2025-11-09 14:53:18,259 | INFO | MainThread | [global] [air-44cb5dc1-3c82-4e46-bdea-2fe471191de2] USER: multiple
2025-11-09 14:53:18,259 | INFO | MainThread | [air-44cb5dc1-3c82-4e46-bdea-2fe471191de2] STATE=waiting_q2 | USER='multiple'
2025-11-09 14:53:20,368 | INFO | MainThread | [global] [air-44cb5dc1-3c82-4e46-bdea-2fe471191de2] BOT: Do you have the current VM specs or resource usage reports ready?
2025-11-09 14:53:24,095 | INFO | MainThread | [global] [air-44cb5dc1-3c82-4e46-bdea-2fe471191de2] USER: yes
2025-11-09 14:53:24,095 | INFO | MainThread | [air-44cb5dc1-3c82-4e46-bdea-2fe471191de2] STATE=waiting_q3 | USER='yes'
2025-11-09 14:53:24,095 | INFO | MainThread | [global] [air-44cb5dc1-3c82-4e46-bdea-2fe471191de2] BOT: Please provide some more context or details about the issue, in form of text or screenshots. (optional)
2025-11-09 14:53:35,835 | INFO | MainThread | [global] 🆕 New session started: air-0c8bd14b-b84e-4b22-8786-ba52d2541270
2025-11-09 14:53:41,563 | INFO | MainThread | [global] 🆕 New session started: air-983a1f50-8a6f-4a20-8d77-2ffac27c4bc1
2025-11-09 14:53:42,051 | INFO | MainThread | [global] cleanup_stale_sessions task was cancelled
2025-11-09 14:53:42,051 | INFO | MainThread | [global] 🔻 Shutting down API...
2025-11-09 14:53:42,111 | INFO | MainThread | [global] ✅ Shutdown cleanup complete.
2025-11-09 14:53:52,620 | INFO | MainThread | [global] 🚀 Starting IT Support Chatbot API (async version)...
2025-11-09 14:53:52,622 | INFO | MainThread | [global] ✅ Readiness check passed — environment and dataset OK.
2025-11-09 14:53:52,622 | INFO | MainThread | [global] 🧹 Background cleanup task started.
2025-11-09 15:31:39,610 | INFO | MainThread | [global] cleanup_stale_sessions task was cancelled
2025-11-09 15:31:39,610 | INFO | MainThread | [global] 🔻 Shutting down API...
2025-11-09 15:31:39,611 | INFO | MainThread | [global] ✅ Shutdown cleanup complete.
2025-11-09 15:31:49,900 | INFO | MainThread | [global] 🚀 Starting IT Support Chatbot API (async version)...
2025-11-09 15:31:49,902 | INFO | MainThread | [global] ✅ Readiness check passed — environment and dataset OK.
2025-11-09 15:31:49,902 | INFO | MainThread | [global] 🧹 Background cleanup task started.
2025-11-09 15:33:08,990 | INFO | MainThread | [global] cleanup_stale_sessions task was cancelled
2025-11-09 15:33:08,990 | INFO | MainThread | [global] 🔻 Shutting down API...
2025-11-09 15:33:08,990 | INFO | MainThread | [global] ✅ Shutdown cleanup complete.
2025-11-09 15:33:19,184 | INFO | MainThread | [global] 🚀 Starting IT Support Chatbot API (async version)...
2025-11-09 15:33:19,187 | INFO | MainThread | [global] ✅ Readiness check passed — environment and dataset OK.
2025-11-09 15:33:19,220 | INFO | MainThread | [global] 🧹 Background cleanup task started.
2025-11-09 15:36:55,288 | INFO | MainThread | [global] cleanup_stale_sessions task was cancelled
2025-11-09 15:36:55,288 | INFO | MainThread | [global] 🔻 Shutting down API...
2025-11-09 15:36:55,288 | INFO | MainThread | [global] ✅ Shutdown cleanup complete.
2025-11-09 15:37:05,515 | INFO | MainThread | [global] 🚀 Starting IT Support Chatbot API (async version)...
2025-11-09 15:37:05,517 | INFO | MainThread | [global] ✅ Readiness check passed — environment and dataset OK.
2025-11-09 15:37:05,517 | INFO | MainThread | [global] 🧹 Background cleanup task started.
2025-11-09 15:37:26,164 | INFO | MainThread | [global] cleanup_stale_sessions task was cancelled
2025-11-09 15:37:26,165 | INFO | MainThread | [global] 🔻 Shutting down API...
2025-11-09 15:37:26,165 | INFO | MainThread | [global] ✅ Shutdown cleanup complete.
2025-11-09 15:37:37,079 | INFO | MainThread | [global] 🚀 Starting IT Support Chatbot API (async version)...
2025-11-09 15:37:37,081 | INFO | MainThread | [global] ✅ Readiness check passed — environment and dataset OK.
2025-11-09 15:37:37,081 | INFO | MainThread | [global] 🧹 Background cleanup task started.
2025-11-09 15:42:53,085 | INFO | MainThread | [global] cleanup_stale_sessions task was cancelled
2025-11-09 15:42:53,086 | INFO | MainThread | [global] 🔻 Shutting down API...
2025-11-09 15:42:53,086 | INFO | MainThread | [global] ✅ Shutdown cleanup complete.
2025-11-09 15:43:20,407 | INFO | MainThread | [global] 🚀 Starting IT Support Chatbot API (async version)...
2025-11-09 15:43:20,410 | INFO | MainThread | [global] ✅ Readiness check passed — environment and dataset OK.
2025-11-09 15:43:20,410 | INFO | MainThread | [global] 🧹 Background cleanup task started.
2025-11-09 15:47:14,169 | INFO | MainThread | [global] cleanup_stale_sessions task was cancelled
2025-11-09 15:47:14,169 | INFO | MainThread | [global] 🔻 Shutting down API...
2025-11-09 15:47:14,170 | INFO | MainThread | [global] ✅ Shutdown cleanup complete.
2025-11-09 15:47:25,527 | INFO | MainThread | [global] 🚀 Starting IT Support Chatbot API (async version)...
2025-11-09 15:47:25,529 | INFO | MainThread | [global] ✅ Readiness check passed — environment and dataset OK.
2025-11-09 15:47:25,529 | INFO | MainThread | [global] 🧹 Background cleanup task started.
2025-11-09 15:47:34,792 | INFO | MainThread | [global] cleanup_stale_sessions task was cancelled
2025-11-09 15:47:34,793 | INFO | MainThread | [global] 🔻 Shutting down API...
2025-11-09 15:47:34,793 | INFO | MainThread | [global] ✅ Shutdown cleanup complete.
2025-11-09 15:47:45,121 | INFO | MainThread | [global] 🚀 Starting IT Support Chatbot API (async version)...
2025-11-09 15:47:45,122 | INFO | MainThread | [global] ✅ Readiness check passed — environment and dataset OK.
2025-11-09 15:47:45,123 | INFO | MainThread | [global] 🧹 Background cleanup task started.
2025-11-09 15:47:48,731 | INFO | MainThread | [global] cleanup_stale_sessions task was cancelled
2025-11-09 15:47:48,731 | INFO | MainThread | [global] 🔻 Shutting down API...
2025-11-09 15:47:48,731 | INFO | MainThread | [global] ✅ Shutdown cleanup complete.
2025-11-09 15:47:58,999 | INFO | MainThread | [global] 🚀 Starting IT Support Chatbot API (async version)...
2025-11-09 15:47:59,001 | INFO | MainThread | [global] ✅ Readiness check passed — environment and dataset OK.
2025-11-09 15:47:59,002 | INFO | MainThread | [global] 🧹 Background cleanup task started.
2025-11-09 15:48:14,276 | INFO | MainThread | [global] cleanup_stale_sessions task was cancelled
2025-11-09 15:48:14,276 | INFO | MainThread | [global] 🔻 Shutting down API...
2025-11-09 15:48:14,276 | INFO | MainThread | [global] ✅ Shutdown cleanup complete.
2025-11-09 15:48:25,217 | INFO | MainThread | [global] 🚀 Starting IT Support Chatbot API (async version)...
2025-11-09 15:48:25,220 | INFO | MainThread | [global] ✅ Readiness check passed — environment and dataset OK.
2025-11-09 15:48:25,220 | INFO | MainThread | [global] 🧹 Background cleanup task started.
2025-11-09 15:52:35,512 | INFO | MainThread | [global] cleanup_stale_sessions task was cancelled
2025-11-09 15:52:35,512 | INFO | MainThread | [global] 🔻 Shutting down API...
2025-11-09 15:52:35,512 | INFO | MainThread | [global] ✅ Shutdown cleanup complete.
2025-11-09 15:52:48,086 | INFO | MainThread | [global] 🚀 Starting IT Support Chatbot API (async version)...
2025-11-09 15:52:48,088 | INFO | MainThread | [global] ✅ Readiness check passed — environment and dataset OK.
2025-11-09 15:52:48,089 | INFO | MainThread | [global] 🧹 Background cleanup task started.
2025-11-09 16:06:57,009 | INFO | MainThread | [global] cleanup_stale_sessions task was cancelled
2025-11-09 16:06:57,010 | INFO | MainThread | [global] 🔻 Shutting down API...
2025-11-09 16:06:57,010 | INFO | MainThread | [global] ✅ Shutdown cleanup complete.
2025-11-09 16:07:21,575 | INFO | MainThread | [global] 🚀 Starting IT Support Chatbot API (async version)...
2025-11-09 16:07:21,577 | INFO | MainThread | [global] ✅ Readiness check passed — environment and dataset OK.
2025-11-09 16:07:21,577 | INFO | MainThread | [global] 🧹 Background cleanup task started.
2025-11-09 16:07:21,578 | INFO | MainThread | [global] cleanup_stale_sessions task was cancelled
2025-11-09 16:07:21,578 | INFO | MainThread | [global] 🔻 Shutting down API...
2025-11-09 16:07:21,578 | INFO | MainThread | [global] ✅ Shutdown cleanup complete.
2025-11-09 16:07:32,423 | INFO | MainThread | [global] 🚀 Starting IT Support Chatbot API (async version)...
2025-11-09 16:07:32,424 | INFO | MainThread | [global] ✅ Readiness check passed — environment and dataset OK.
2025-11-09 16:07:32,425 | INFO | MainThread | [global] 🧹 Background cleanup task started.
2025-11-09 16:07:41,365 | INFO | MainThread | [global] cleanup_stale_sessions task was cancelled
2025-11-09 16:07:41,365 | INFO | MainThread | [global] 🔻 Shutting down API...
2025-11-09 16:07:41,365 | INFO | MainThread | [global] ✅ Shutdown cleanup complete.
2025-11-09 16:07:52,402 | INFO | MainThread | [global] 🚀 Starting IT Support Chatbot API (async version)...
2025-11-09 16:07:52,404 | INFO | MainThread | [global] ✅ Readiness check passed — environment and dataset OK.
2025-11-09 16:07:52,405 | INFO | MainThread | [global] 🧹 Background cleanup task started.
2025-11-09 16:07:52,406 | INFO | MainThread | [global] cleanup_stale_sessions task was cancelled
2025-11-09 16:07:52,406 | INFO | MainThread | [global] 🔻 Shutting down API...
2025-11-09 16:07:52,406 | INFO | MainThread | [global] ✅ Shutdown cleanup complete.
2025-11-09 16:08:03,168 | INFO | MainThread | [global] 🚀 Starting IT Support Chatbot API (async version)...
2025-11-09 16:08:03,170 | INFO | MainThread | [global] ✅ Readiness check passed — environment and dataset OK.
2025-11-09 16:08:03,170 | INFO | MainThread | [global] 🧹 Background cleanup task started.
2025-11-09 16:08:17,095 | INFO | MainThread | [global] cleanup_stale_sessions task was cancelled
2025-11-09 16:08:17,096 | INFO | MainThread | [global] 🔻 Shutting down API...
2025-11-09 16:08:17,096 | INFO | MainThread | [global] ✅ Shutdown cleanup complete.
2025-11-09 16:08:27,695 | INFO | MainThread | [global] 🚀 Starting IT Support Chatbot API (async version)...
2025-11-09 16:08:27,699 | INFO | MainThread | [global] ✅ Readiness check passed — environment and dataset OK.
2025-11-09 16:08:27,700 | INFO | MainThread | [global] 🧹 Background cleanup task started.
2025-11-09 16:08:52,000 | INFO | MainThread | [global] cleanup_stale_sessions task was cancelled
2025-11-09 16:08:52,001 | INFO | MainThread | [global] 🔻 Shutting down API...
2025-11-09 16:08:52,001 | INFO | MainThread | [global] ✅ Shutdown cleanup complete.
2025-11-09 16:09:03,550 | INFO | MainThread | [global] 🚀 Starting IT Support Chatbot API (async version)...
2025-11-09 16:09:03,552 | INFO | MainThread | [global] ✅ Readiness check passed — environment and dataset OK.
2025-11-09 16:09:03,552 | INFO | MainThread | [global] 🧹 Background cleanup task started.
2025-11-09 16:09:24,073 | INFO | MainThread | [global] cleanup_stale_sessions task was cancelled
2025-11-09 16:09:24,073 | INFO | MainThread | [global] 🔻 Shutting down API...
2025-11-09 16:09:24,073 | INFO | MainThread | [global] ✅ Shutdown cleanup complete.
2025-11-09 16:09:34,820 | INFO | MainThread | [global] 🚀 Starting IT Support Chatbot API (async version)...
2025-11-09 16:09:34,823 | INFO | MainThread | [global] ✅ Readiness check passed — environment and dataset OK.
2025-11-09 16:09:34,823 | INFO | MainThread | [global] 🧹 Background cleanup task started.
2025-11-09 16:27:12,301 | INFO | MainThread | [global] cleanup_stale_sessions task was cancelled
2025-11-09 16:27:12,302 | INFO | MainThread | [global] 🔻 Shutting down API...
2025-11-09 16:27:12,302 | INFO | MainThread | [global] ✅ Shutdown cleanup complete.
2025-11-09 16:27:22,475 | INFO | MainThread | [global] 🚀 Starting IT Support Chatbot API (async version)...
2025-11-09 16:27:22,476 | INFO | MainThread | [global] ✅ Readiness check passed — environment and dataset OK.
2025-11-09 16:27:22,476 | INFO | MainThread | [global] 🧹 Background cleanup task started.
2025-11-09 16:27:56,081 | INFO | MainThread | [global] cleanup_stale_sessions task was cancelled
2025-11-09 16:27:56,082 | INFO | MainThread | [global] 🔻 Shutting down API...
2025-11-09 16:27:56,082 | INFO | MainThread | [global] ✅ Shutdown cleanup complete.
2025-11-09 16:28:05,903 | INFO | MainThread | [global] 🚀 Starting IT Support Chatbot API (async version)...
2025-11-09 16:28:05,905 | INFO | MainThread | [global] ✅ Readiness check passed — environment and dataset OK.
2025-11-09 16:28:05,905 | INFO | MainThread | [global] 🧹 Background cleanup task started.
2025-11-09 16:28:56,337 | INFO | MainThread | [global] cleanup_stale_sessions task was cancelled
2025-11-09 16:28:56,337 | INFO | MainThread | [global] 🔻 Shutting down API...
2025-11-09 16:28:56,337 | INFO | MainThread | [global] ✅ Shutdown cleanup complete.
2025-11-09 16:29:06,347 | INFO | MainThread | [global] 🚀 Starting IT Support Chatbot API (async version)...
2025-11-09 16:29:06,349 | INFO | MainThread | [global] ✅ Readiness check passed — environment and dataset OK.
2025-11-09 16:29:06,349 | INFO | MainThread | [global] 🧹 Background cleanup task started.
2025-11-09 16:29:08,538 | INFO | MainThread | [global] cleanup_stale_sessions task was cancelled
2025-11-09 16:29:08,538 | INFO | MainThread | [global] 🔻 Shutting down API...
2025-11-09 16:29:08,538 | INFO | MainThread | [global] ✅ Shutdown cleanup complete.
2025-11-09 16:29:19,090 | INFO | MainThread | [global] 🚀 Starting IT Support Chatbot API (async version)...
2025-11-09 16:29:19,093 | INFO | MainThread | [global] ✅ Readiness check passed — environment and dataset OK.
2025-11-09 16:29:19,093 | INFO | MainThread | [global] 🧹 Background cleanup task started.
2025-11-09 16:29:20,821 | INFO | MainThread | [global] 🆕 New session started: air-18953d23-5c06-4475-9e12-df5c9dde130b
2025-11-09 16:31:49,141 | INFO | MainThread | [global] 🧹 Cleaning stale session air-18953d23-5c06-4475-9e12-df5c9dde130b
2025-11-09 16:33:04,018 | INFO | MainThread | [global] 🆕 New session started: air-73a5dbfe-7e61-42b5-9991-e1f98f72805c
2025-11-09 16:33:40,415 | INFO | MainThread | [global] [air-73a5dbfe-7e61-42b5-9991-e1f98f72805c] USER: unable to access D365
2025-11-09 16:33:40,415 | INFO | MainThread | [air-73a5dbfe-7e61-42b5-9991-e1f98f72805c] STATE=waiting_for_query | USER='unable to access D365'
2025-11-09 16:33:58,502 | INFO | MainThread | [global] [air-73a5dbfe-7e61-42b5-9991-e1f98f72805c] BOT: I found these top categories for your issue — please reply with the number (1-3) of the best match:
1. External System Interfaces
2. Email & Collaboration
3. DNS Records
2025-11-09 16:34:15,920 | INFO | MainThread | [global] [air-73a5dbfe-7e61-42b5-9991-e1f98f72805c] USER: External System Interfaces
2025-11-09 16:34:15,921 | INFO | MainThread | [air-73a5dbfe-7e61-42b5-9991-e1f98f72805c] STATE=waiting_for_category | USER='External System Interfaces'
2025-11-09 16:34:18,589 | INFO | MainThread | [global] [air-73a5dbfe-7e61-42b5-9991-e1f98f72805c] BOT: Is it a login or connection issue?
2025-11-09 16:34:26,237 | INFO | MainThread | [global] [air-73a5dbfe-7e61-42b5-9991-e1f98f72805c] USER: yes
2025-11-09 16:34:26,238 | INFO | MainThread | [air-73a5dbfe-7e61-42b5-9991-e1f98f72805c] STATE=waiting_q1 | USER='yes'
2025-11-09 16:34:27,960 | INFO | MainThread | [global] [air-73a5dbfe-7e61-42b5-9991-e1f98f72805c] BOT: Is it a single interface or multiple?
2025-11-09 16:34:40,523 | INFO | MainThread | [global] [air-73a5dbfe-7e61-42b5-9991-e1f98f72805c] USER: single
2025-11-09 16:34:40,523 | INFO | MainThread | [air-73a5dbfe-7e61-42b5-9991-e1f98f72805c] STATE=waiting_q2 | USER='single'
2025-11-09 16:34:42,935 | INFO | MainThread | [global] [air-73a5dbfe-7e61-42b5-9991-e1f98f72805c] BOT: Have you verified the D365 login endpoint is accessible and the credentials are valid?
2025-11-09 16:34:50,114 | INFO | MainThread | [global] [air-73a5dbfe-7e61-42b5-9991-e1f98f72805c] USER: yes
2025-11-09 16:34:50,115 | INFO | MainThread | [air-73a5dbfe-7e61-42b5-9991-e1f98f72805c] STATE=waiting_q3 | USER='yes'
2025-11-09 16:34:50,115 | INFO | MainThread | [global] [air-73a5dbfe-7e61-42b5-9991-e1f98f72805c] BOT: Please provide some more context or details about the issue, in form of text or screenshots. (optional)
2025-11-09 16:35:01,302 | INFO | MainThread | [global] [air-73a5dbfe-7e61-42b5-9991-e1f98f72805c] USER: asd
2025-11-09 16:35:01,303 | INFO | MainThread | [air-73a5dbfe-7e61-42b5-9991-e1f98f72805c] STATE=waiting_q4 | USER='asd'
2025-11-09 16:35:05,639 | INFO | MainThread | [air-73a5dbfe-7e61-42b5-9991-e1f98f72805c] BOT: Ticket creation response parsing error: 'module' object does not support item assignment

Your issue has been processed successfully.
You can start a new chat if you'd like to raise another ticket. | NEXT_STATE: final
2025-11-09 16:35:05,639 | INFO | MainThread | [global] [air-73a5dbfe-7e61-42b5-9991-e1f98f72805c] BOT: Ticket creation response parsing error: 'module' object does not support item assignment
2025-11-09 16:35:05,639 | INFO | MainThread | [global] [air-73a5dbfe-7e61-42b5-9991-e1f98f72805c] ✅ Chat completed.
2025-11-09 16:35:05,644 | INFO | MainThread | [global] 🆕 New session started: air-f4099ee6-219a-444e-ab3d-bdd74663646b
2025-11-09 16:35:15,658 | INFO | MainThread | [global] Session air-73a5dbfe-7e61-42b5-9991-e1f98f72805c cleaned up after completion.
2025-11-09 16:37:08,639 | INFO | MainThread | [global] cleanup_stale_sessions task was cancelled
2025-11-09 16:37:08,640 | INFO | MainThread | [global] 🔻 Shutting down API...
2025-11-09 16:37:08,650 | INFO | MainThread | [global] ✅ Shutdown cleanup complete.
2025-11-09 16:37:36,950 | INFO | MainThread | [global] 🚀 Starting IT Support Chatbot API (async version)...
2025-11-09 16:37:36,953 | INFO | MainThread | [global] ✅ Readiness check passed — environment and dataset OK.
2025-11-09 16:37:36,953 | INFO | MainThread | [global] 🧹 Background cleanup task started.
2025-11-09 16:37:53,620 | INFO | MainThread | [global] 🆕 New session started: air-e57ffa8a-e904-49dd-9a89-efcc822f7f32
2025-11-09 16:38:02,231 | INFO | MainThread | [global] [air-e57ffa8a-e904-49dd-9a89-efcc822f7f32] USER: unable to access wifi
2025-11-09 16:38:02,231 | INFO | MainThread | [air-e57ffa8a-e904-49dd-9a89-efcc822f7f32] STATE=waiting_for_query | USER='unable to access wifi'
2025-11-09 16:38:08,900 | INFO | MainThread | [global] [air-e57ffa8a-e904-49dd-9a89-efcc822f7f32] BOT: I found these top categories for your issue — please reply with the number (1-3) of the best match:
1. Wi-Fi Issues
2. VPN & Remote Access
3. Firewall & Security Rules
2025-11-09 16:38:13,333 | INFO | MainThread | [global] [air-e57ffa8a-e904-49dd-9a89-efcc822f7f32] USER: Wi-Fi Issues
2025-11-09 16:38:13,333 | INFO | MainThread | [air-e57ffa8a-e904-49dd-9a89-efcc822f7f32] STATE=waiting_for_category | USER='Wi-Fi Issues'
2025-11-09 16:38:15,302 | INFO | MainThread | [global] [air-e57ffa8a-e904-49dd-9a89-efcc822f7f32] BOT: Is your device connected to the network?
2025-11-09 16:38:24,587 | INFO | MainThread | [global] [air-e57ffa8a-e904-49dd-9a89-efcc822f7f32] USER: yes it is
2025-11-09 16:38:24,587 | INFO | MainThread | [air-e57ffa8a-e904-49dd-9a89-efcc822f7f32] STATE=waiting_q1 | USER='yes it is'
2025-11-09 16:38:26,312 | INFO | MainThread | [global] [air-e57ffa8a-e904-49dd-9a89-efcc822f7f32] BOT: Is the internet working on other devices?
2025-11-09 16:38:35,566 | INFO | MainThread | [global] [air-e57ffa8a-e904-49dd-9a89-efcc822f7f32] USER: yes it is
2025-11-09 16:38:35,566 | INFO | MainThread | [air-e57ffa8a-e904-49dd-9a89-efcc822f7f32] STATE=waiting_q2 | USER='yes it is'
2025-11-09 16:38:37,794 | INFO | MainThread | [global] [air-e57ffa8a-e904-49dd-9a89-efcc822f7f32] BOT: Has your device lost connection to the router or is it still showing a stable signal?
2025-11-09 16:38:51,552 | INFO | MainThread | [global] [air-e57ffa8a-e904-49dd-9a89-efcc822f7f32] USER: showing stable signal
2025-11-09 16:38:51,552 | INFO | MainThread | [air-e57ffa8a-e904-49dd-9a89-efcc822f7f32] STATE=waiting_q3 | USER='showing stable signal'
2025-11-09 16:38:51,552 | INFO | MainThread | [global] [air-e57ffa8a-e904-49dd-9a89-efcc822f7f32] BOT: Please provide some more context or details about the issue, in form of text or screenshots. (optional)
2025-11-09 16:39:22,296 | INFO | MainThread | [global] [air-e57ffa8a-e904-49dd-9a89-efcc822f7f32] USER: Attachments
2025-11-09 16:39:22,296 | INFO | MainThread | [air-e57ffa8a-e904-49dd-9a89-efcc822f7f32] STATE=waiting_q4 | USER='Attachments'
2025-11-09 16:39:28,344 | INFO | MainThread | [air-e57ffa8a-e904-49dd-9a89-efcc822f7f32] BOT: Ticket creation response parsing error: 'module' object does not support item assignment

Your issue has been processed successfully.
You can start a new chat if you'd like to raise another ticket. | NEXT_STATE: final
2025-11-09 16:39:28,344 | INFO | MainThread | [global] [air-e57ffa8a-e904-49dd-9a89-efcc822f7f32] BOT: Ticket creation response parsing error: 'module' object does not support item assignment
2025-11-09 16:39:28,344 | INFO | MainThread | [global] [air-e57ffa8a-e904-49dd-9a89-efcc822f7f32] ✅ Chat completed.
2025-11-09 16:39:38,363 | INFO | MainThread | [global] Session air-e57ffa8a-e904-49dd-9a89-efcc822f7f32 cleaned up after completion.
2025-11-09 16:41:45,726 | INFO | MainThread | [global] cleanup_stale_sessions task was cancelled
2025-11-09 16:41:45,726 | INFO | MainThread | [global] 🔻 Shutting down API...
2025-11-09 16:41:45,726 | INFO | MainThread | [global] ✅ Shutdown cleanup complete.
2025-11-09 16:42:12,724 | INFO | MainThread | [global] 🚀 Starting IT Support Chatbot API (async version)...
2025-11-09 16:42:12,727 | INFO | MainThread | [global] ✅ Readiness check passed — environment and dataset OK.
2025-11-09 16:42:12,727 | INFO | MainThread | [global] 🧹 Background cleanup task started.
2025-11-09 16:43:33,005 | INFO | MainThread | [global] cleanup_stale_sessions task was cancelled
2025-11-09 16:43:33,005 | INFO | MainThread | [global] 🔻 Shutting down API...
2025-11-09 16:43:33,005 | INFO | MainThread | [global] ✅ Shutdown cleanup complete.
2025-11-09 16:43:44,098 | INFO | MainThread | [global] 🚀 Starting IT Support Chatbot API (async version)...
2025-11-09 16:43:44,101 | INFO | MainThread | [global] ✅ Readiness check passed — environment and dataset OK.
2025-11-09 16:43:44,101 | INFO | MainThread | [global] 🧹 Background cleanup task started.
2025-11-09 16:52:17,537 | INFO | MainThread | [global] cleanup_stale_sessions task was cancelled
2025-11-09 16:52:17,537 | INFO | MainThread | [global] 🔻 Shutting down API...
2025-11-09 16:52:17,537 | INFO | MainThread | [global] ✅ Shutdown cleanup complete.
2025-11-09 16:52:28,810 | INFO | MainThread | [global] 🚀 Starting IT Support Chatbot API (async version)...
2025-11-09 16:52:28,812 | INFO | MainThread | [global] ✅ Readiness check passed — environment and dataset OK.
2025-11-09 16:52:28,812 | INFO | MainThread | [global] 🧹 Background cleanup task started.
2025-11-09 16:52:29,535 | INFO | MainThread | [global] 🆕 New session started: air-7fb70fc5-6ed7-4479-b5e6-2ab647c973e6
2025-11-09 16:54:36,629 | INFO | MainThread | [global] [air-7fb70fc5-6ed7-4479-b5e6-2ab647c973e6] USER: unable to connect to wifi
2025-11-09 16:54:36,629 | INFO | MainThread | [air-7fb70fc5-6ed7-4479-b5e6-2ab647c973e6] STATE=waiting_for_query | USER='unable to connect to wifi'
2025-11-09 16:54:44,155 | INFO | MainThread | [global] [air-7fb70fc5-6ed7-4479-b5e6-2ab647c973e6] BOT: I found these top categories for your issue — please reply with the number (1-3) of the best match:
1. Wi-Fi Issues
2. Certificates & DNS
3. VPN Access & Connectivity
2025-11-09 16:54:59,205 | INFO | MainThread | [global] [air-7fb70fc5-6ed7-4479-b5e6-2ab647c973e6] USER: Wi-Fi Issues
2025-11-09 16:54:59,205 | INFO | MainThread | [air-7fb70fc5-6ed7-4479-b5e6-2ab647c973e6] STATE=waiting_for_category | USER='Wi-Fi Issues'
2025-11-09 16:55:00,865 | INFO | MainThread | [global] [air-7fb70fc5-6ed7-4479-b5e6-2ab647c973e6] BOT: Is your device showing a WiFi signal?
2025-11-09 16:55:12,518 | INFO | MainThread | [global] [air-7fb70fc5-6ed7-4479-b5e6-2ab647c973e6] USER: yes it is
2025-11-09 16:55:12,518 | INFO | MainThread | [air-7fb70fc5-6ed7-4479-b5e6-2ab647c973e6] STATE=waiting_q1 | USER='yes it is'
2025-11-09 16:55:14,427 | INFO | MainThread | [global] [air-7fb70fc5-6ed7-4479-b5e6-2ab647c973e6] BOT: Is it connecting to the same network?
2025-11-09 16:55:23,902 | INFO | MainThread | [global] [air-7fb70fc5-6ed7-4479-b5e6-2ab647c973e6] USER: yes 
2025-11-09 16:55:23,902 | INFO | MainThread | [air-7fb70fc5-6ed7-4479-b5e6-2ab647c973e6] STATE=waiting_q2 | USER='yes '
2025-11-09 16:55:26,145 | INFO | MainThread | [global] [air-7fb70fc5-6ed7-4479-b5e6-2ab647c973e6] BOT: Have you tried forgetting the network and reconnecting?
2025-11-09 16:55:34,135 | INFO | MainThread | [global] [air-7fb70fc5-6ed7-4479-b5e6-2ab647c973e6] USER: yes it didi
2025-11-09 16:55:34,135 | INFO | MainThread | [air-7fb70fc5-6ed7-4479-b5e6-2ab647c973e6] STATE=waiting_q3 | USER='yes it didi'
2025-11-09 16:55:34,135 | INFO | MainThread | [global] [air-7fb70fc5-6ed7-4479-b5e6-2ab647c973e6] BOT: Please provide some more context or details about the issue, in form of text or screenshots. (optional)
2025-11-09 16:56:03,408 | INFO | MainThread | [global] [air-7fb70fc5-6ed7-4479-b5e6-2ab647c973e6] USER: Screenshot added
2025-11-09 16:56:03,408 | INFO | MainThread | [air-7fb70fc5-6ed7-4479-b5e6-2ab647c973e6] STATE=waiting_q4 | USER='Screenshot added'
2025-11-09 16:56:10,687 | INFO | MainThread | [air-7fb70fc5-6ed7-4479-b5e6-2ab647c973e6] BOT: Ticket raised successfully. Reference: DITSD-140

Your issue has been processed successfully.
You can start a new chat if you'd like to raise another ticket. | NEXT_STATE: final
2025-11-09 16:56:10,689 | INFO | MainThread | [global] [air-7fb70fc5-6ed7-4479-b5e6-2ab647c973e6] BOT: Ticket raised successfully. Reference: DITSD-140
2025-11-09 16:56:10,689 | INFO | MainThread | [global] [air-7fb70fc5-6ed7-4479-b5e6-2ab647c973e6] ✅ Chat completed.
2025-11-09 16:56:20,686 | INFO | MainThread | [global] Session air-7fb70fc5-6ed7-4479-b5e6-2ab647c973e6 cleaned up after completion.
2025-11-09 16:58:27,362 | INFO | MainThread | [global] 🆕 New session started: air-c052e887-7278-4d7e-a493-a8894e2a7f1f
2025-11-09 16:59:42,312 | INFO | MainThread | [global] cleanup_stale_sessions task was cancelled
2025-11-09 16:59:42,313 | INFO | MainThread | [global] 🔻 Shutting down API...
2025-11-09 16:59:42,322 | INFO | MainThread | [global] ✅ Shutdown cleanup complete.
2025-11-09 16:59:52,262 | INFO | MainThread | [global] 🚀 Starting IT Support Chatbot API (async version)...
2025-11-09 16:59:52,264 | INFO | MainThread | [global] ✅ Readiness check passed — environment and dataset OK.
2025-11-09 16:59:52,264 | INFO | MainThread | [global] 🧹 Background cleanup task started.
2025-11-09 17:00:58,506 | INFO | MainThread | [global] cleanup_stale_sessions task was cancelled
2025-11-09 17:00:58,506 | INFO | MainThread | [global] 🔻 Shutting down API...
2025-11-09 17:00:58,507 | INFO | MainThread | [global] ✅ Shutdown cleanup complete.
2025-11-09 17:01:09,583 | INFO | MainThread | [global] 🚀 Starting IT Support Chatbot API (async version)...
2025-11-09 17:01:09,585 | INFO | MainThread | [global] ✅ Readiness check passed — environment and dataset OK.
2025-11-09 17:01:09,585 | INFO | MainThread | [global] 🧹 Background cleanup task started.
2025-11-09 17:01:22,953 | INFO | MainThread | [global] 🆕 New session started: air-1f2ba04d-2314-446f-8889-91284c3b4259
2025-11-09 17:03:39,578 | INFO | MainThread | [global] 🧹 Cleaning stale session air-1f2ba04d-2314-446f-8889-91284c3b4259
2025-11-09 17:03:47,143 | INFO | MainThread | [global] cleanup_stale_sessions task was cancelled
2025-11-09 17:03:47,143 | INFO | MainThread | [global] 🔻 Shutting down API...
2025-11-09 17:03:47,143 | INFO | MainThread | [global] ✅ Shutdown cleanup complete.
2025-11-09 17:03:56,873 | INFO | MainThread | [global] 🚀 Starting IT Support Chatbot API (async version)...
2025-11-09 17:03:56,876 | INFO | MainThread | [global] ✅ Readiness check passed — environment and dataset OK.
2025-11-09 17:03:56,876 | INFO | MainThread | [global] 🧹 Background cleanup task started.
2025-11-09 17:04:29,411 | INFO | MainThread | [global] cleanup_stale_sessions task was cancelled
2025-11-09 17:04:29,412 | INFO | MainThread | [global] 🔻 Shutting down API...
2025-11-09 17:04:29,412 | INFO | MainThread | [global] ✅ Shutdown cleanup complete.
2025-11-09 17:04:40,295 | INFO | MainThread | [global] 🚀 Starting IT Support Chatbot API (async version)...
2025-11-09 17:04:40,301 | INFO | MainThread | [global] ✅ Readiness check passed — environment and dataset OK.
2025-11-09 17:04:40,301 | INFO | MainThread | [global] 🧹 Background cleanup task started.
2025-11-09 17:04:43,626 | INFO | MainThread | [global] 🆕 New session started: air-f9976e24-4ecb-4493-831d-27c24588d8c6
2025-11-09 17:04:56,418 | INFO | MainThread | [global] [air-f9976e24-4ecb-4493-831d-27c24588d8c6] USER: unable to access D365
2025-11-09 17:04:56,418 | INFO | MainThread | [air-f9976e24-4ecb-4493-831d-27c24588d8c6] STATE=waiting_for_query | USER='unable to access D365'
2025-11-09 17:05:02,629 | INFO | MainThread | [global] [air-f9976e24-4ecb-4493-831d-27c24588d8c6] BOT: I found these top categories for your issue — please reply with the number (1-3) of the best match:
1. External System Interfaces
2. Email & Collaboration
3. DNS Records
2025-11-09 17:05:07,073 | INFO | MainThread | [global] [air-f9976e24-4ecb-4493-831d-27c24588d8c6] USER: Email & Collaboration
2025-11-09 17:05:07,074 | INFO | MainThread | [air-f9976e24-4ecb-4493-831d-27c24588d8c6] STATE=waiting_for_category | USER='Email & Collaboration'
2025-11-09 17:05:09,105 | INFO | MainThread | [global] [air-f9976e24-4ecb-4493-831d-27c24588d8c6] BOT: Is D365 crashing or just not loading?
2025-11-09 17:05:18,064 | INFO | MainThread | [global] [air-f9976e24-4ecb-4493-831d-27c24588d8c6] USER: yes
2025-11-09 17:05:18,065 | INFO | MainThread | [air-f9976e24-4ecb-4493-831d-27c24588d8c6] STATE=waiting_q1 | USER='yes'
2025-11-09 17:05:20,062 | INFO | MainThread | [global] [air-f9976e24-4ecb-4493-831d-27c24588d8c6] BOT: Is this affecting only your device or multiple users?
2025-11-09 17:05:29,024 | INFO | MainThread | [global] [air-f9976e24-4ecb-4493-831d-27c24588d8c6] USER: multiple devices
2025-11-09 17:05:29,024 | INFO | MainThread | [air-f9976e24-4ecb-4493-831d-27c24588d8c6] STATE=waiting_q2 | USER='multiple devices'
2025-11-09 17:05:31,554 | INFO | MainThread | [global] [air-f9976e24-4ecb-4493-831d-27c24588d8c6] BOT: "Has this issue occurred consistently across all devices, or only during specific times (e.g., peak hours or after updates)?"
2025-11-09 17:05:40,132 | INFO | MainThread | [global] [air-f9976e24-4ecb-4493-831d-27c24588d8c6] USER: yes
2025-11-09 17:05:40,132 | INFO | MainThread | [air-f9976e24-4ecb-4493-831d-27c24588d8c6] STATE=waiting_q3 | USER='yes'
2025-11-09 17:05:40,132 | INFO | MainThread | [global] [air-f9976e24-4ecb-4493-831d-27c24588d8c6] BOT: Please provide some more context or details about the issue, in form of text or screenshots. (optional)
2025-11-09 17:05:55,117 | INFO | MainThread | [global] [air-f9976e24-4ecb-4493-831d-27c24588d8c6] USER: added
2025-11-09 17:05:55,117 | INFO | MainThread | [air-f9976e24-4ecb-4493-831d-27c24588d8c6] STATE=waiting_q4 | USER='added'
2025-11-09 17:06:01,955 | INFO | MainThread | [air-f9976e24-4ecb-4493-831d-27c24588d8c6] BOT: Ticket raised successfully. Reference: DITSD-141

Your issue has been processed successfully.
You can start a new chat if you'd like to raise another ticket. | NEXT_STATE: final
2025-11-09 17:06:01,957 | INFO | MainThread | [global] [air-f9976e24-4ecb-4493-831d-27c24588d8c6] BOT: Ticket raised successfully. Reference: DITSD-141
2025-11-09 17:06:01,957 | INFO | MainThread | [global] [air-f9976e24-4ecb-4493-831d-27c24588d8c6] ✅ Chat completed.
2025-11-09 17:06:11,978 | INFO | MainThread | [global] Session air-f9976e24-4ecb-4493-831d-27c24588d8c6 cleaned up after completion.
2025-11-09 17:06:29,690 | INFO | MainThread | [global] cleanup_stale_sessions task was cancelled
2025-11-09 17:06:29,690 | INFO | MainThread | [global] 🔻 Shutting down API...
2025-11-09 17:06:29,690 | INFO | MainThread | [global] ✅ Shutdown cleanup complete.
2025-11-09 17:06:41,289 | INFO | MainThread | [global] 🚀 Starting IT Support Chatbot API (async version)...
2025-11-09 17:06:41,293 | INFO | MainThread | [global] ✅ Readiness check passed — environment and dataset OK.
2025-11-09 17:06:41,293 | INFO | MainThread | [global] 🧹 Background cleanup task started.
2025-11-09 17:08:59,923 | INFO | MainThread | [global] cleanup_stale_sessions task was cancelled
2025-11-09 17:08:59,924 | INFO | MainThread | [global] 🔻 Shutting down API...
2025-11-09 17:08:59,924 | INFO | MainThread | [global] ✅ Shutdown cleanup complete.
2025-11-09 17:09:11,776 | INFO | MainThread | [global] 🚀 Starting IT Support Chatbot API (async version)...
2025-11-09 17:09:11,778 | INFO | MainThread | [global] ✅ Readiness check passed — environment and dataset OK.
2025-11-09 17:09:11,779 | INFO | MainThread | [global] 🧹 Background cleanup task started.
2025-11-09 17:09:12,545 | INFO | MainThread | [global] 🆕 New session started: air-bc6a9082-1e15-4a4e-996c-dc1eac881723
2025-11-09 17:11:41,792 | INFO | MainThread | [global] 🧹 Cleaning stale session air-bc6a9082-1e15-4a4e-996c-dc1eac881723
2025-11-09 17:12:33,274 | INFO | MainThread | [global] 🆕 New session started: air-e21ac881-4ed1-485f-b26a-035cb4eb69a9
2025-11-09 17:12:46,353 | INFO | MainThread | [global] [air-e21ac881-4ed1-485f-b26a-035cb4eb69a9] USER: need access for Vms
2025-11-09 17:12:46,353 | INFO | MainThread | [air-e21ac881-4ed1-485f-b26a-035cb4eb69a9] STATE=waiting_for_query | USER='need access for Vms'
2025-11-09 17:12:52,740 | INFO | MainThread | [global] [air-e21ac881-4ed1-485f-b26a-035cb4eb69a9] BOT: I found these top categories for your issue — please reply with the number (1-3) of the best match:
1. VM Provisioning
2. General Troubleshooting
3. User / Role Access
2025-11-09 17:12:56,334 | INFO | MainThread | [global] [air-e21ac881-4ed1-485f-b26a-035cb4eb69a9] USER: VM Provisioning
2025-11-09 17:12:56,334 | INFO | MainThread | [air-e21ac881-4ed1-485f-b26a-035cb4eb69a9] STATE=waiting_for_category | USER='VM Provisioning'
2025-11-09 17:12:58,266 | INFO | MainThread | [global] [air-e21ac881-4ed1-485f-b26a-035cb4eb69a9] BOT: Do you need access to existing VMs or new ones?
2025-11-09 17:13:15,254 | INFO | MainThread | [global] [air-e21ac881-4ed1-485f-b26a-035cb4eb69a9] USER: need access to exisiting
2025-11-09 17:13:15,254 | INFO | MainThread | [air-e21ac881-4ed1-485f-b26a-035cb4eb69a9] STATE=waiting_q1 | USER='need access to exisiting'
2025-11-09 17:13:17,289 | INFO | MainThread | [global] [air-e21ac881-4ed1-485f-b26a-035cb4eb69a9] BOT: Is this for a single VM or multiple VMs?
2025-11-09 17:13:23,064 | INFO | MainThread | [global] [air-e21ac881-4ed1-485f-b26a-035cb4eb69a9] USER: single VM
2025-11-09 17:13:23,064 | INFO | MainThread | [air-e21ac881-4ed1-485f-b26a-035cb4eb69a9] STATE=waiting_q2 | USER='single VM'
2025-11-09 17:13:25,077 | INFO | MainThread | [global] [air-e21ac881-4ed1-485f-b26a-035cb4eb69a9] BOT: Do you have the VM's name or ID ready?
2025-11-09 17:13:35,800 | INFO | MainThread | [global] [air-e21ac881-4ed1-485f-b26a-035cb4eb69a9] USER: yes I have
2025-11-09 17:13:35,800 | INFO | MainThread | [air-e21ac881-4ed1-485f-b26a-035cb4eb69a9] STATE=waiting_q3 | USER='yes I have'
2025-11-09 17:13:35,800 | INFO | MainThread | [global] [air-e21ac881-4ed1-485f-b26a-035cb4eb69a9] BOT: Please provide some more context or details about the issue, in form of text or screenshots. (optional)
2025-11-09 17:14:03,125 | INFO | MainThread | [global] [air-e21ac881-4ed1-485f-b26a-035cb4eb69a9] USER: done
2025-11-09 17:14:03,125 | INFO | MainThread | [air-e21ac881-4ed1-485f-b26a-035cb4eb69a9] STATE=waiting_q4 | USER='done'
2025-11-09 17:14:08,009 | INFO | MainThread | [air-e21ac881-4ed1-485f-b26a-035cb4eb69a9] BOT: Ticket raised successfully. Reference: DITSD-142

Your issue has been processed successfully.
You can start a new chat if you'd like to raise another ticket. | NEXT_STATE: final
2025-11-09 17:14:08,011 | INFO | MainThread | [global] [air-e21ac881-4ed1-485f-b26a-035cb4eb69a9] BOT: Ticket raised successfully. Reference: DITSD-142
2025-11-09 17:14:08,011 | INFO | MainThread | [global] [air-e21ac881-4ed1-485f-b26a-035cb4eb69a9] ✅ Chat completed.
2025-11-09 17:14:18,027 | INFO | MainThread | [global] Session air-e21ac881-4ed1-485f-b26a-035cb4eb69a9 cleaned up after completion.
2025-11-09 17:15:47,290 | INFO | MainThread | [global] cleanup_stale_sessions task was cancelled
2025-11-09 17:15:47,291 | INFO | MainThread | [global] 🔻 Shutting down API...
2025-11-09 17:15:47,291 | INFO | MainThread | [global] ✅ Shutdown cleanup complete.
2025-11-09 17:15:56,797 | INFO | MainThread | [global] 🚀 Starting IT Support Chatbot API (async version)...
2025-11-09 17:15:56,799 | INFO | MainThread | [global] ✅ Readiness check passed — environment and dataset OK.
2025-11-09 17:15:56,799 | INFO | MainThread | [global] 🧹 Background cleanup task started.
2025-11-09 17:16:40,297 | INFO | MainThread | [global] 🆕 New session started: air-0e02e293-cfde-41e0-ad63-130203a04101
2025-11-09 17:18:05,474 | INFO | MainThread | [global] [air-0e02e293-cfde-41e0-ad63-130203a04101] USER: need admin access for VM
2025-11-09 17:18:05,475 | INFO | MainThread | [air-0e02e293-cfde-41e0-ad63-130203a04101] STATE=waiting_for_query | USER='need admin access for VM'
2025-11-09 17:18:12,818 | INFO | MainThread | [global] [air-0e02e293-cfde-41e0-ad63-130203a04101] BOT: I found these top categories for your issue — please reply with the number (1-3) of the best match:
1. General Troubleshooting
2. VM Provisioning
3. Server Issues
2025-11-09 17:18:22,888 | INFO | MainThread | [global] [air-0e02e293-cfde-41e0-ad63-130203a04101] USER: VM Provisioning
2025-11-09 17:18:22,888 | INFO | MainThread | [air-0e02e293-cfde-41e0-ad63-130203a04101] STATE=waiting_for_category | USER='VM Provisioning'
2025-11-09 17:18:24,564 | INFO | MainThread | [global] [air-0e02e293-cfde-41e0-ad63-130203a04101] BOT: Is this for a specific VM?
2025-11-09 17:18:56,724 | INFO | MainThread | [global] [air-0e02e293-cfde-41e0-ad63-130203a04101] USER: yes it is
2025-11-09 17:18:56,724 | INFO | MainThread | [air-0e02e293-cfde-41e0-ad63-130203a04101] STATE=waiting_q1 | USER='yes it is'
2025-11-09 17:18:58,592 | INFO | MainThread | [global] [air-0e02e293-cfde-41e0-ad63-130203a04101] BOT: Is this for one VM or multiple?
2025-11-09 17:19:22,047 | INFO | MainThread | [global] [air-0e02e293-cfde-41e0-ad63-130203a04101] USER: for one VM
2025-11-09 17:19:22,048 | INFO | MainThread | [air-0e02e293-cfde-41e0-ad63-130203a04101] STATE=waiting_q2 | USER='for one VM'
2025-11-09 17:19:24,171 | INFO | MainThread | [global] [air-0e02e293-cfde-41e0-ad63-130203a04101] BOT: Do you have the VM's name or ID ready?
2025-11-09 17:19:31,161 | INFO | MainThread | [global] [air-0e02e293-cfde-41e0-ad63-130203a04101] USER: yes I have
2025-11-09 17:19:31,162 | INFO | MainThread | [air-0e02e293-cfde-41e0-ad63-130203a04101] STATE=waiting_q3 | USER='yes I have'
2025-11-09 17:19:31,162 | INFO | MainThread | [global] [air-0e02e293-cfde-41e0-ad63-130203a04101] BOT: Please provide some more context or details about the issue, in form of text or screenshots. (optional)
2025-11-09 17:19:50,717 | INFO | MainThread | [global] [air-0e02e293-cfde-41e0-ad63-130203a04101] USER: added the ss
2025-11-09 17:19:50,717 | INFO | MainThread | [air-0e02e293-cfde-41e0-ad63-130203a04101] STATE=waiting_q4 | USER='added the ss'
2025-11-09 17:19:54,606 | INFO | MainThread | [air-0e02e293-cfde-41e0-ad63-130203a04101] BOT: Ticket raised successfully. Reference: DITSD-143

Your issue has been processed successfully.
You can start a new chat if you'd like to raise another ticket. | NEXT_STATE: final
2025-11-09 17:19:54,607 | INFO | MainThread | [global] [air-0e02e293-cfde-41e0-ad63-130203a04101] BOT: Ticket raised successfully. Reference: DITSD-143
2025-11-09 17:19:54,607 | INFO | MainThread | [global] [air-0e02e293-cfde-41e0-ad63-130203a04101] ✅ Chat completed.
2025-11-09 17:20:04,637 | INFO | MainThread | [global] Session air-0e02e293-cfde-41e0-ad63-130203a04101 cleaned up after completion.
2025-11-09 17:23:19,635 | INFO | MainThread | [global] cleanup_stale_sessions task was cancelled
2025-11-09 17:23:19,635 | INFO | MainThread | [global] 🔻 Shutting down API...
2025-11-09 17:23:19,635 | INFO | MainThread | [global] ✅ Shutdown cleanup complete.
2025-11-09 17:23:31,809 | INFO | MainThread | [global] 🚀 Starting IT Support Chatbot API (async version)...
2025-11-09 17:23:31,811 | INFO | MainThread | [global] ✅ Readiness check passed — environment and dataset OK.
2025-11-09 17:23:31,811 | INFO | MainThread | [global] 🧹 Background cleanup task started.
2025-11-09 17:24:14,793 | INFO | MainThread | [global] cleanup_stale_sessions task was cancelled
2025-11-09 17:24:14,794 | INFO | MainThread | [global] 🔻 Shutting down API...
2025-11-09 17:24:14,794 | INFO | MainThread | [global] ✅ Shutdown cleanup complete.
2025-11-09 17:24:25,914 | INFO | MainThread | [global] 🚀 Starting IT Support Chatbot API (async version)...
2025-11-09 17:24:25,916 | INFO | MainThread | [global] ✅ Readiness check passed — environment and dataset OK.
2025-11-09 17:24:25,916 | INFO | MainThread | [global] 🧹 Background cleanup task started.
2025-11-09 17:25:20,933 | INFO | MainThread | [global] cleanup_stale_sessions task was cancelled
2025-11-09 17:25:20,933 | INFO | MainThread | [global] 🔻 Shutting down API...
2025-11-09 17:25:20,933 | INFO | MainThread | [global] ✅ Shutdown cleanup complete.
2025-11-09 17:25:32,996 | INFO | MainThread | [global] 🚀 Starting IT Support Chatbot API (async version)...
2025-11-09 17:25:32,998 | INFO | MainThread | [global] ✅ Readiness check passed — environment and dataset OK.
2025-11-09 17:25:32,998 | INFO | MainThread | [global] 🧹 Background cleanup task started.
2025-11-09 17:28:43,668 | INFO | MainThread | [global] 🆕 New session started: air-af2b4840-0761-4228-a190-65468f061f2b
2025-11-09 17:29:32,414 | INFO | MainThread | [global] [air-af2b4840-0761-4228-a190-65468f061f2b] USER: unable to connect to wifi
2025-11-09 17:29:32,414 | INFO | MainThread | [air-af2b4840-0761-4228-a190-65468f061f2b] STATE=waiting_for_query | USER='unable to connect to wifi'
2025-11-09 17:29:39,593 | INFO | MainThread | [global] [air-af2b4840-0761-4228-a190-65468f061f2b] BOT: I found these top categories for your issue — please reply with the number (1-3) of the best match:
1. Wi-Fi Issues
2. Certificates & DNS
3. VPN Access & Connectivity
2025-11-09 17:29:42,947 | INFO | MainThread | [global] [air-af2b4840-0761-4228-a190-65468f061f2b] USER: Wi-Fi Issues
2025-11-09 17:29:42,947 | INFO | MainThread | [air-af2b4840-0761-4228-a190-65468f061f2b] STATE=waiting_for_category | USER='Wi-Fi Issues'
2025-11-09 17:29:44,526 | INFO | MainThread | [global] [air-af2b4840-0761-4228-a190-65468f061f2b] BOT: Is your router turning on?
2025-11-09 17:29:52,515 | INFO | MainThread | [global] [air-af2b4840-0761-4228-a190-65468f061f2b] USER: yes it is
2025-11-09 17:29:52,516 | INFO | MainThread | [air-af2b4840-0761-4228-a190-65468f061f2b] STATE=waiting_q1 | USER='yes it is'
2025-11-09 17:29:54,586 | INFO | MainThread | [global] [air-af2b4840-0761-4228-a190-65468f061f2b] BOT: Is the Wi-Fi working on other devices?
2025-11-09 17:30:02,612 | INFO | MainThread | [global] [air-af2b4840-0761-4228-a190-65468f061f2b] USER: yes it is
2025-11-09 17:30:02,612 | INFO | MainThread | [air-af2b4840-0761-4228-a190-65468f061f2b] STATE=waiting_q2 | USER='yes it is'
2025-11-09 17:30:04,950 | INFO | MainThread | [global] [air-af2b4840-0761-4228-a190-65468f061f2b] BOT: Have you tried forgetting the network and reconnecting?
2025-11-09 17:30:18,788 | INFO | MainThread | [global] [air-af2b4840-0761-4228-a190-65468f061f2b] USER: yes I did
2025-11-09 17:30:18,789 | INFO | MainThread | [air-af2b4840-0761-4228-a190-65468f061f2b] STATE=waiting_q3 | USER='yes I did'
2025-11-09 17:30:18,789 | INFO | MainThread | [global] [air-af2b4840-0761-4228-a190-65468f061f2b] BOT: Please provide some more context or details about the issue, in form of text or screenshots. (optional)
2025-11-09 17:30:30,943 | INFO | MainThread | [global] [air-af2b4840-0761-4228-a190-65468f061f2b] USER: added ss
2025-11-09 17:30:30,944 | INFO | MainThread | [air-af2b4840-0761-4228-a190-65468f061f2b] STATE=waiting_q4 | USER='added ss'
2025-11-09 17:30:36,661 | INFO | MainThread | [air-af2b4840-0761-4228-a190-65468f061f2b] BOT: Ticket raised successfully. Reference: DITSD-144

Your issue has been processed successfully.
You can start a new chat if you'd like to raise another ticket. | NEXT_STATE: final
2025-11-09 17:30:36,662 | INFO | MainThread | [global] [air-af2b4840-0761-4228-a190-65468f061f2b] BOT: Ticket raised successfully. Reference: DITSD-144
2025-11-09 17:30:36,662 | INFO | MainThread | [global] [air-af2b4840-0761-4228-a190-65468f061f2b] ✅ Chat completed.
2025-11-09 17:30:46,668 | INFO | MainThread | [global] Session air-af2b4840-0761-4228-a190-65468f061f2b cleaned up after completion.
2025-11-09 17:32:00,923 | INFO | MainThread | [global] cleanup_stale_sessions task was cancelled
2025-11-09 17:32:00,923 | INFO | MainThread | [global] 🔻 Shutting down API...
2025-11-09 17:32:00,923 | INFO | MainThread | [global] ✅ Shutdown cleanup complete.
2025-11-09 17:32:11,036 | INFO | MainThread | [global] 🚀 Starting IT Support Chatbot API (async version)...
2025-11-09 17:32:11,039 | INFO | MainThread | [global] ✅ Readiness check passed — environment and dataset OK.
2025-11-09 17:32:11,039 | INFO | MainThread | [global] 🧹 Background cleanup task started.
2025-11-09 17:32:19,213 | INFO | MainThread | [global] cleanup_stale_sessions task was cancelled
2025-11-09 17:32:19,213 | INFO | MainThread | [global] 🔻 Shutting down API...
2025-11-09 17:32:19,214 | INFO | MainThread | [global] ✅ Shutdown cleanup complete.
2025-11-09 17:32:28,664 | INFO | MainThread | [global] 🚀 Starting IT Support Chatbot API (async version)...
2025-11-09 17:32:28,666 | INFO | MainThread | [global] ✅ Readiness check passed — environment and dataset OK.
2025-11-09 17:32:28,666 | INFO | MainThread | [global] 🧹 Background cleanup task started.
2025-11-09 17:32:41,728 | INFO | MainThread | [global] cleanup_stale_sessions task was cancelled
2025-11-09 17:32:41,728 | INFO | MainThread | [global] 🔻 Shutting down API...
2025-11-09 17:32:41,729 | INFO | MainThread | [global] ✅ Shutdown cleanup complete.
2025-11-09 17:32:51,208 | INFO | MainThread | [global] 🚀 Starting IT Support Chatbot API (async version)...
2025-11-09 17:32:51,249 | INFO | MainThread | [global] ✅ Readiness check passed — environment and dataset OK.
2025-11-09 17:32:51,249 | INFO | MainThread | [global] 🧹 Background cleanup task started.
2025-11-09 17:33:28,012 | INFO | MainThread | [global] cleanup_stale_sessions task was cancelled
2025-11-09 17:33:28,013 | INFO | MainThread | [global] 🔻 Shutting down API...
2025-11-09 17:33:28,013 | INFO | MainThread | [global] ✅ Shutdown cleanup complete.
2025-11-09 17:33:37,245 | INFO | MainThread | [global] 🚀 Starting IT Support Chatbot API (async version)...
2025-11-09 17:33:37,248 | INFO | MainThread | [global] ✅ Readiness check passed — environment and dataset OK.
2025-11-09 17:33:37,248 | INFO | MainThread | [global] 🧹 Background cleanup task started.
2025-11-09 17:33:44,785 | INFO | MainThread | [global] cleanup_stale_sessions task was cancelled
2025-11-09 17:33:44,786 | INFO | MainThread | [global] 🔻 Shutting down API...
2025-11-09 17:33:44,786 | INFO | MainThread | [global] ✅ Shutdown cleanup complete.
2025-11-09 17:33:54,246 | INFO | MainThread | [global] 🚀 Starting IT Support Chatbot API (async version)...
2025-11-09 17:33:54,247 | INFO | MainThread | [global] ✅ Readiness check passed — environment and dataset OK.
2025-11-09 17:33:54,248 | INFO | MainThread | [global] 🧹 Background cleanup task started.
2025-11-09 17:34:01,671 | INFO | MainThread | [global] cleanup_stale_sessions task was cancelled
2025-11-09 17:34:01,671 | INFO | MainThread | [global] 🔻 Shutting down API...
2025-11-09 17:34:01,671 | INFO | MainThread | [global] ✅ Shutdown cleanup complete.
2025-11-09 17:34:10,855 | INFO | MainThread | [global] 🚀 Starting IT Support Chatbot API (async version)...
2025-11-09 17:34:10,857 | INFO | MainThread | [global] ✅ Readiness check passed — environment and dataset OK.
2025-11-09 17:34:10,857 | INFO | MainThread | [global] 🧹 Background cleanup task started.
2025-11-09 17:34:23,869 | INFO | MainThread | [global] cleanup_stale_sessions task was cancelled
2025-11-09 17:34:23,869 | INFO | MainThread | [global] 🔻 Shutting down API...
2025-11-09 17:34:23,869 | INFO | MainThread | [global] ✅ Shutdown cleanup complete.
2025-11-09 17:34:34,554 | INFO | MainThread | [global] 🚀 Starting IT Support Chatbot API (async version)...
2025-11-09 17:34:34,557 | INFO | MainThread | [global] ✅ Readiness check passed — environment and dataset OK.
2025-11-09 17:34:34,557 | INFO | MainThread | [global] 🧹 Background cleanup task started.
2025-11-09 17:34:41,880 | INFO | MainThread | [global] cleanup_stale_sessions task was cancelled
2025-11-09 17:34:41,880 | INFO | MainThread | [global] 🔻 Shutting down API...
2025-11-09 17:34:41,880 | INFO | MainThread | [global] ✅ Shutdown cleanup complete.
2025-11-09 17:34:51,165 | INFO | MainThread | [global] 🚀 Starting IT Support Chatbot API (async version)...
2025-11-09 17:34:51,167 | INFO | MainThread | [global] ✅ Readiness check passed — environment and dataset OK.
2025-11-09 17:34:51,167 | INFO | MainThread | [global] 🧹 Background cleanup task started.
2025-11-09 17:36:15,043 | INFO | MainThread | [global] cleanup_stale_sessions task was cancelled
2025-11-09 17:36:15,044 | INFO | MainThread | [global] 🔻 Shutting down API...
2025-11-09 17:36:15,044 | INFO | MainThread | [global] ✅ Shutdown cleanup complete.
2025-11-09 17:36:24,327 | INFO | MainThread | [global] 🚀 Starting IT Support Chatbot API (async version)...
2025-11-09 17:36:24,329 | INFO | MainThread | [global] ✅ Readiness check passed — environment and dataset OK.
2025-11-09 17:36:24,329 | INFO | MainThread | [global] 🧹 Background cleanup task started.
2025-11-09 17:36:33,542 | INFO | MainThread | [global] 🆕 New session started: air-87c437a0-2ce6-4f0d-a988-7cd438583360
2025-11-09 17:36:41,116 | INFO | MainThread | [global] [air-87c437a0-2ce6-4f0d-a988-7cd438583360] USER: unable to connect to wifi
2025-11-09 17:36:41,117 | INFO | MainThread | [air-87c437a0-2ce6-4f0d-a988-7cd438583360] STATE=waiting_for_query | USER='unable to connect to wifi'
2025-11-09 17:36:50,130 | INFO | MainThread | [global] [air-87c437a0-2ce6-4f0d-a988-7cd438583360] BOT: I found these top categories for your issue — please reply with the number (1-3) of the best match:
1. Wi-Fi Issues
2. Certificates & DNS
3. VPN Access & Connectivity
2025-11-09 17:36:57,943 | INFO | MainThread | [global] [air-87c437a0-2ce6-4f0d-a988-7cd438583360] USER: VPN Access & Connectivity
2025-11-09 17:36:57,944 | INFO | MainThread | [air-87c437a0-2ce6-4f0d-a988-7cd438583360] STATE=waiting_for_category | USER='VPN Access & Connectivity'
2025-11-09 17:36:59,690 | INFO | MainThread | [global] [air-87c437a0-2ce6-4f0d-a988-7cd438583360] BOT: Is your router working?
2025-11-09 17:37:10,383 | INFO | MainThread | [global] [air-87c437a0-2ce6-4f0d-a988-7cd438583360] USER: yes it i
2025-11-09 17:37:10,384 | INFO | MainThread | [air-87c437a0-2ce6-4f0d-a988-7cd438583360] STATE=waiting_q1 | USER='yes it i'
2025-11-09 17:37:12,267 | INFO | MainThread | [global] [air-87c437a0-2ce6-4f0d-a988-7cd438583360] BOT: Is this affecting only your device or others too?
2025-11-09 17:37:28,377 | INFO | MainThread | [global] [air-87c437a0-2ce6-4f0d-a988-7cd438583360] USER: single
2025-11-09 17:37:28,377 | INFO | MainThread | [air-87c437a0-2ce6-4f0d-a988-7cd438583360] STATE=waiting_q2 | USER='single'
2025-11-09 17:37:30,683 | INFO | MainThread | [global] [air-87c437a0-2ce6-4f0d-a988-7cd438583360] BOT: Have you tried restarting your device and router?
2025-11-09 17:37:43,512 | INFO | MainThread | [global] [air-87c437a0-2ce6-4f0d-a988-7cd438583360] USER: yes
2025-11-09 17:37:43,512 | INFO | MainThread | [air-87c437a0-2ce6-4f0d-a988-7cd438583360] STATE=waiting_q3 | USER='yes'
2025-11-09 17:37:43,512 | INFO | MainThread | [global] [air-87c437a0-2ce6-4f0d-a988-7cd438583360] BOT: Please provide some more context or details about the issue, in form of text or screenshots. (optional)
2025-11-09 17:37:56,256 | INFO | MainThread | [global] [air-87c437a0-2ce6-4f0d-a988-7cd438583360] USER: added ss
2025-11-09 17:37:56,256 | INFO | MainThread | [air-87c437a0-2ce6-4f0d-a988-7cd438583360] STATE=waiting_q4 | USER='added ss'
2025-11-09 17:38:02,251 | INFO | MainThread | [air-87c437a0-2ce6-4f0d-a988-7cd438583360] BOT: Ticket raised successfully. Reference: DITSD-145

Your issue has been processed successfully.
You can start a new chat if you'd like to raise another ticket. | NEXT_STATE: final
2025-11-09 17:38:02,252 | INFO | MainThread | [global] [air-87c437a0-2ce6-4f0d-a988-7cd438583360] BOT: Ticket raised successfully. Reference: DITSD-145
2025-11-09 17:38:02,252 | INFO | MainThread | [global] [air-87c437a0-2ce6-4f0d-a988-7cd438583360] ✅ Chat completed.
2025-11-09 17:38:12,263 | INFO | MainThread | [global] Session air-87c437a0-2ce6-4f0d-a988-7cd438583360 cleaned up after completion.
2025-11-09 17:41:18,047 | INFO | MainThread | [global] cleanup_stale_sessions task was cancelled
2025-11-09 17:41:18,047 | INFO | MainThread | [global] 🔻 Shutting down API...
2025-11-09 17:41:18,047 | INFO | MainThread | [global] ✅ Shutdown cleanup complete.
2025-11-09 17:41:44,922 | INFO | MainThread | [global] 🚀 Starting IT Support Chatbot API (async version)...
2025-11-09 17:41:44,923 | INFO | MainThread | [global] ✅ Readiness check passed — environment and dataset OK.
2025-11-09 17:41:44,924 | INFO | MainThread | [global] 🧹 Background cleanup task started.
2025-11-09 17:41:44,924 | INFO | MainThread | [global] cleanup_stale_sessions task was cancelled
2025-11-09 17:41:44,924 | INFO | MainThread | [global] 🔻 Shutting down API...
2025-11-09 17:41:44,924 | INFO | MainThread | [global] ✅ Shutdown cleanup complete.
2025-11-09 17:41:54,248 | INFO | MainThread | [global] 🚀 Starting IT Support Chatbot API (async version)...
2025-11-09 17:41:54,250 | INFO | MainThread | [global] ✅ Readiness check passed — environment and dataset OK.
2025-11-09 17:41:54,250 | INFO | MainThread | [global] 🧹 Background cleanup task started.
2025-11-09 17:42:08,310 | INFO | MainThread | [global] cleanup_stale_sessions task was cancelled
2025-11-09 17:42:08,310 | INFO | MainThread | [global] 🔻 Shutting down API...
2025-11-09 17:42:08,311 | INFO | MainThread | [global] ✅ Shutdown cleanup complete.
2025-11-09 17:42:21,668 | INFO | MainThread | [global] 🚀 Starting IT Support Chatbot API (async version)...
2025-11-09 17:42:21,671 | INFO | MainThread | [global] ✅ Readiness check passed — environment and dataset OK.
2025-11-09 17:42:21,671 | INFO | MainThread | [global] 🧹 Background cleanup task started.
2025-11-09 17:42:31,080 | INFO | MainThread | [global] 🆕 New session started: air-e821555a-4bd8-4260-8690-39d328dbeb31
2025-11-09 17:43:58,662 | INFO | MainThread | [global] 🆕 New session started: air-ae0304b5-1ddb-4636-903d-3ffa176c8d03
2025-11-09 17:44:00,623 | INFO | MainThread | [global] cleanup_stale_sessions task was cancelled
2025-11-09 17:44:00,623 | INFO | MainThread | [global] 🔻 Shutting down API...
2025-11-09 17:44:00,740 | INFO | MainThread | [global] ✅ Shutdown cleanup complete.
2025-11-09 17:44:12,528 | INFO | MainThread | [global] 🚀 Starting IT Support Chatbot API (async version)...
2025-11-09 17:44:12,530 | INFO | MainThread | [global] ✅ Readiness check passed — environment and dataset OK.
2025-11-09 17:44:12,530 | INFO | MainThread | [global] 🧹 Background cleanup task started.
2025-11-09 17:44:23,949 | INFO | MainThread | [global] 🆕 New session started: air-ef108f32-5924-48dc-8859-177490624394
2025-11-09 17:44:34,130 | INFO | MainThread | [global] [air-ef108f32-5924-48dc-8859-177490624394] USER: need access for VMs
2025-11-09 17:44:34,130 | INFO | MainThread | [air-ef108f32-5924-48dc-8859-177490624394] STATE=waiting_for_query | USER='need access for VMs'
2025-11-09 17:44:41,595 | INFO | MainThread | [global] [air-ef108f32-5924-48dc-8859-177490624394] BOT: I found these top categories for your issue — please reply with the number (1-3) of the best match:
1. VM Provisioning
2. General Troubleshooting
3. User / Role Access
2025-11-09 17:44:44,751 | INFO | MainThread | [global] [air-ef108f32-5924-48dc-8859-177490624394] USER: VM Provisioning
2025-11-09 17:44:44,752 | INFO | MainThread | [air-ef108f32-5924-48dc-8859-177490624394] STATE=waiting_for_category | USER='VM Provisioning'
2025-11-09 17:44:46,463 | INFO | MainThread | [global] [air-ef108f32-5924-48dc-8859-177490624394] BOT: Do you need access to existing VMs or new ones?
2025-11-09 17:44:57,420 | INFO | MainThread | [global] [air-ef108f32-5924-48dc-8859-177490624394] USER: new one
2025-11-09 17:44:57,420 | INFO | MainThread | [air-ef108f32-5924-48dc-8859-177490624394] STATE=waiting_q1 | USER='new one'
2025-11-09 17:44:59,550 | INFO | MainThread | [global] [air-ef108f32-5924-48dc-8859-177490624394] BOT: Single or multiple VMs?
2025-11-09 17:45:03,611 | INFO | MainThread | [global] [air-ef108f32-5924-48dc-8859-177490624394] USER: single
2025-11-09 17:45:03,611 | INFO | MainThread | [air-ef108f32-5924-48dc-8859-177490624394] STATE=waiting_q2 | USER='single'
2025-11-09 17:45:06,265 | INFO | MainThread | [global] [air-ef108f32-5924-48dc-8859-177490624394] BOT: Do you have the required specs ready — like OS, RAM, CPU, and storage — for the new VM?
2025-11-09 17:45:12,899 | INFO | MainThread | [global] [air-ef108f32-5924-48dc-8859-177490624394] USER: yes I have
2025-11-09 17:45:12,899 | INFO | MainThread | [air-ef108f32-5924-48dc-8859-177490624394] STATE=waiting_q3 | USER='yes I have'
2025-11-09 17:45:12,899 | INFO | MainThread | [global] [air-ef108f32-5924-48dc-8859-177490624394] BOT: Please provide some more context or details about the issue, in form of text or screenshots. (optional)
2025-11-09 17:45:36,292 | INFO | MainThread | [global] [air-ef108f32-5924-48dc-8859-177490624394] USER: I have added the provision
2025-11-09 17:45:36,292 | INFO | MainThread | [air-ef108f32-5924-48dc-8859-177490624394] STATE=waiting_q4 | USER='I have added the provision'
2025-11-09 17:45:40,479 | INFO | MainThread | [air-ef108f32-5924-48dc-8859-177490624394] BOT: Ticket raised successfully. Reference: DITSD-146

Your issue has been processed successfully.
You can start a new chat if you'd like to raise another ticket. | NEXT_STATE: final
2025-11-09 17:45:40,481 | INFO | MainThread | [global] [air-ef108f32-5924-48dc-8859-177490624394] BOT: Ticket raised successfully. Reference: DITSD-146
2025-11-09 17:45:40,481 | INFO | MainThread | [global] [air-ef108f32-5924-48dc-8859-177490624394] ✅ Chat completed.
2025-11-09 17:45:50,496 | INFO | MainThread | [global] Session air-ef108f32-5924-48dc-8859-177490624394 cleaned up after completion.
2025-11-09 17:46:18,349 | INFO | MainThread | [global] 🆕 New session started: air-85ce2214-f964-4a30-8e87-b2483a1988bd
2025-11-09 17:46:58,578 | INFO | MainThread | [global] cleanup_stale_sessions task was cancelled
2025-11-09 17:46:58,578 | INFO | MainThread | [global] 🔻 Shutting down API...
2025-11-09 17:46:58,588 | INFO | MainThread | [global] ✅ Shutdown cleanup complete.
